# Blender 4.0.2
# www.blender.org
mtllib BombButton.mtl
o Cube
v 0.853521 0.853521 -1.000000
v 0.853521 1.000000 -0.853521
v 1.000000 0.853521 -0.853521
v 0.853521 0.860708 -0.999824
v 0.853521 0.867879 -0.999295
v 0.853521 0.875014 -0.998415
v 0.853521 0.882098 -0.997185
v 0.853521 0.889113 -0.995610
v 0.853521 0.896042 -0.993693
v 0.853521 0.902868 -0.991437
v 0.853521 0.909576 -0.988850
v 0.853521 0.916149 -0.985936
v 0.853521 0.922571 -0.982704
v 0.853521 0.928826 -0.979160
v 0.853521 0.934900 -0.975314
v 0.853521 0.940778 -0.971174
v 0.853521 0.946446 -0.966751
v 0.853521 0.951890 -0.962055
v 0.853521 0.957097 -0.957097
v 0.860708 0.853521 -0.999824
v 0.860723 0.860763 -0.999644
v 0.860730 0.868030 -0.999101
v 0.860740 0.875275 -0.998196
v 0.860752 0.882461 -0.996930
v 0.860768 0.889562 -0.995312
v 0.860785 0.896553 -0.993348
v 0.860801 0.903412 -0.991049
v 0.860816 0.910122 -0.988425
v 0.860828 0.916671 -0.985486
v 0.860836 0.923044 -0.982242
v 0.860843 0.929226 -0.978706
v 0.860847 0.935208 -0.974887
v 0.860850 0.940979 -0.970796
v 0.860853 0.946530 -0.966445
v 0.860855 0.951853 -0.961841
v 0.860858 0.956940 -0.956994
v 0.867879 0.853521 -0.999295
v 0.867963 0.860798 -0.999105
v 0.868022 0.868145 -0.998545
v 0.868067 0.875485 -0.997612
v 0.868102 0.882757 -0.996310
v 0.868134 0.889929 -0.994649
v 0.868161 0.896964 -0.992642
v 0.868182 0.903837 -0.990303
v 0.868196 0.910532 -0.987650
v 0.868202 0.917040 -0.984692
v 0.868203 0.923345 -0.981447
v 0.868199 0.929439 -0.977928
v 0.868193 0.935313 -0.974149
v 0.868186 0.940961 -0.970119
v 0.868181 0.946381 -0.965851
v 0.868181 0.951571 -0.961352
v 0.868187 0.956529 -0.956624
v 0.875014 0.853521 -0.998415
v 0.875193 0.860823 -0.998204
v 0.875328 0.868227 -0.997619
v 0.875426 0.875638 -0.996654
v 0.875494 0.882980 -0.995315
v 0.875542 0.890204 -0.993612
v 0.875571 0.897266 -0.991565
v 0.875583 0.904137 -0.989195
v 0.875579 0.910800 -0.986520
v 0.875562 0.917249 -0.983556
v 0.875535 0.923472 -0.980322
v 0.875502 0.929462 -0.976833
v 0.875469 0.935214 -0.973106
v 0.875438 0.940729 -0.969152
v 0.875416 0.946008 -0.964979
v 0.875405 0.951054 -0.960593
v 0.875411 0.955875 -0.955994
v 0.882098 0.853521 -0.997185
v 0.882375 0.860842 -0.996943
v 0.882592 0.868282 -0.996325
v 0.882750 0.875741 -0.995324
v 0.882855 0.883130 -0.993945
v 0.882915 0.890386 -0.992204
v 0.882937 0.897456 -0.990125
v 0.882924 0.904307 -0.987731
v 0.882885 0.910922 -0.985047
v 0.882824 0.917298 -0.982090
v 0.882750 0.923426 -0.978881
v 0.882671 0.929300 -0.975439
v 0.882593 0.934921 -0.971779
v 0.882524 0.940294 -0.967913
v 0.882472 0.945424 -0.963847
v 0.882443 0.950321 -0.959585
v 0.882444 0.954995 -0.955122
v 0.889113 0.853521 -0.995610
v 0.889483 0.860855 -0.995327
v 0.889774 0.868318 -0.994669
v 0.889984 0.875803 -0.993629
v 0.890116 0.883213 -0.992212
v 0.890178 0.890476 -0.990439
v 0.890179 0.897534 -0.988336
v 0.890128 0.904349 -0.985932
v 0.890036 0.910903 -0.983252
v 0.889914 0.917195 -0.980317
v 0.889775 0.923216 -0.977151
v 0.889630 0.928967 -0.973771
v 0.889491 0.934450 -0.970194
v 0.889370 0.939675 -0.966430
v 0.889276 0.944652 -0.962484
v 0.889220 0.949394 -0.958354
v 0.889212 0.953916 -0.954035
v 0.896042 0.853521 -0.993693
v 0.896488 0.860865 -0.993364
v 0.896836 0.868338 -0.992663
v 0.897081 0.875829 -0.991583
v 0.897224 0.883239 -0.990134
v 0.897271 0.890487 -0.988338
v 0.897235 0.897512 -0.986224
v 0.897129 0.904275 -0.983822
v 0.896969 0.910756 -0.981163
v 0.896769 0.916953 -0.978269
v 0.896547 0.922860 -0.975164
v 0.896321 0.928481 -0.971865
v 0.896106 0.933822 -0.968388
v 0.895918 0.938896 -0.964740
v 0.895773 0.943717 -0.960925
v 0.895683 0.948302 -0.956938
v 0.895661 0.952669 -0.952769
v 0.902868 0.853521 -0.991437
v 0.903366 0.860872 -0.991062
v 0.903747 0.868345 -0.990319
v 0.904003 0.875827 -0.989205
v 0.904135 0.883216 -0.987732
v 0.904148 0.890430 -0.985925
v 0.904057 0.897407 -0.983814
v 0.903880 0.904104 -0.981433
v 0.903635 0.910501 -0.978813
v 0.903340 0.916593 -0.975980
v 0.903020 0.922379 -0.972955
v 0.902697 0.927865 -0.969757
v 0.902393 0.933061 -0.966397
v 0.902128 0.937983 -0.962882
v 0.901921 0.942648 -0.959209
v 0.901790 0.947075 -0.955373
v 0.901751 0.951283 -0.951360
v 0.909576 0.853521 -0.988850
v 0.910098 0.860876 -0.988432
v 0.910484 0.868341 -0.987654
v 0.910725 0.875802 -0.986515
v 0.910820 0.883156 -0.985030
v 0.910776 0.890322 -0.983227
v 0.910611 0.897236 -0.981137
v 0.910344 0.903855 -0.978796
v 0.909997 0.910156 -0.976236
v 0.909592 0.916136 -0.973486
v 0.909158 0.921795 -0.970565
v 0.908726 0.927143 -0.967487
v 0.908321 0.932194 -0.964263
v 0.907969 0.936964 -0.960893
v 0.907694 0.941474 -0.957375
v 0.907517 0.945744 -0.953699
v 0.907460 0.949793 -0.949846
v 0.916149 0.853521 -0.985936
v 0.916668 0.860878 -0.985485
v 0.917031 0.868331 -0.984682
v 0.917230 0.875763 -0.983531
v 0.917263 0.883071 -0.982051
v 0.917138 0.890177 -0.980270
v 0.916876 0.897016 -0.978223
v 0.916499 0.903546 -0.975944
v 0.916034 0.909744 -0.973468
v 0.915502 0.915605 -0.970824
v 0.914943 0.921133 -0.968029
v 0.914389 0.926342 -0.965093
v 0.913875 0.931247 -0.962021
v 0.913429 0.935867 -0.958812
v 0.913081 0.940223 -0.955459
v 0.912855 0.944337 -0.951949
v 0.912778 0.948226 -0.948261
v 0.922571 0.853521 -0.982704
v 0.923059 0.860879 -0.982232
v 0.923372 0.868316 -0.981420
v 0.923501 0.875712 -0.980274
v 0.923447 0.882969 -0.978818
v 0.923220 0.890008 -0.977080
v 0.922842 0.896767 -0.975096
v 0.922340 0.903205 -0.972901
v 0.921742 0.909297 -0.970530
v 0.921074 0.915039 -0.968012
v 0.920379 0.920438 -0.965362
v 0.919696 0.925508 -0.962584
v 0.919062 0.930269 -0.959682
v 0.918513 0.934739 -0.956651
v 0.918081 0.938940 -0.953480
v 0.917799 0.942893 -0.950150
v 0.917700 0.946615 -0.946637
v 0.928826 0.853521 -0.979160
v 0.929258 0.860879 -0.978685
v 0.929495 0.868296 -0.977882
v 0.929530 0.875655 -0.976764
v 0.929366 0.882858 -0.975353
v 0.929017 0.889829 -0.973680
v 0.928509 0.896509 -0.971779
v 0.927869 0.902855 -0.969687
v 0.927129 0.908846 -0.967438
v 0.926317 0.914474 -0.965063
v 0.925479 0.919750 -0.962571
v 0.924659 0.924688 -0.959967
v 0.923896 0.929307 -0.957252
v 0.923228 0.933625 -0.954419
v 0.922699 0.937666 -0.951451
v 0.922351 0.941449 -0.948322
v 0.922224 0.944992 -0.945004
v 0.934900 0.853521 -0.975314
v 0.935252 0.860877 -0.974856
v 0.935391 0.868273 -0.974086
v 0.935311 0.875594 -0.973017
v 0.935019 0.882745 -0.971674
v 0.934534 0.889653 -0.970086
v 0.933882 0.896259 -0.968289
v 0.933096 0.902521 -0.966316
v 0.932208 0.908419 -0.964204
v 0.931247 0.913945 -0.961982
v 0.930261 0.919108 -0.959660
v 0.929295 0.923922 -0.957242
v 0.928391 0.928402 -0.954731
v 0.927586 0.932568 -0.952121
v 0.926942 0.936440 -0.949385
v 0.926512 0.940040 -0.946488
v 0.926353 0.943383 -0.943390
v 0.940778 0.853521 -0.971174
v 0.941030 0.860874 -0.970757
v 0.941054 0.868248 -0.970042
v 0.940843 0.875534 -0.969048
v 0.940411 0.882640 -0.967794
v 0.939779 0.889492 -0.966312
v 0.938977 0.896034 -0.964634
v 0.938038 0.902225 -0.962795
v 0.936997 0.908044 -0.960830
v 0.935884 0.913483 -0.958769
v 0.934745 0.918547 -0.956624
v 0.933626 0.923248 -0.954405
v 0.932565 0.927597 -0.952116
v 0.931603 0.931606 -0.949760
v 0.930819 0.935301 -0.947293
v 0.930289 0.938701 -0.944665
v 0.930090 0.941819 -0.941821
v 0.946446 0.853521 -0.966751
v 0.946585 0.860869 -0.966398
v 0.946480 0.868224 -0.965764
v 0.946129 0.875480 -0.964865
v 0.945550 0.882549 -0.963721
v 0.944766 0.889358 -0.962361
v 0.943809 0.895850 -0.960817
v 0.942715 0.901986 -0.959123
v 0.941517 0.907744 -0.957312
v 0.940250 0.913116 -0.955416
v 0.938955 0.918104 -0.953452
v 0.937673 0.922713 -0.951435
v 0.936443 0.926949 -0.949377
v 0.935302 0.930821 -0.947290
v 0.934341 0.934341 -0.945131
v 0.933652 0.937514 -0.942853
v 0.933377 0.940352 -0.940352
v 0.951890 0.853521 -0.962055
v 0.951909 0.860863 -0.961790
v 0.951669 0.868202 -0.961259
v 0.951176 0.875438 -0.960475
v 0.950449 0.882482 -0.959457
v 0.949512 0.889261 -0.958233
v 0.948399 0.895721 -0.956833
v 0.947148 0.901822 -0.955291
v 0.945793 0.907542 -0.953640
v 0.944368 0.912873 -0.951909
v 0.942912 0.917811 -0.950124
v 0.941459 0.922358 -0.948307
v 0.940045 0.926516 -0.946480
v 0.938703 0.930291 -0.944661
v 0.937515 0.933652 -0.942852
v 0.936568 0.936568 -0.941056
v 0.936157 0.939041 -0.939041
v 0.938091 0.938091 -0.938091
v 0.860708 0.999824 -0.853521
v 0.867879 0.999295 -0.853521
v 0.875014 0.998415 -0.853521
v 0.882098 0.997185 -0.853521
v 0.889113 0.995610 -0.853521
v 0.896042 0.993693 -0.853521
v 0.902868 0.991437 -0.853521
v 0.909576 0.988850 -0.853521
v 0.916149 0.985936 -0.853521
v 0.922571 0.982704 -0.853521
v 0.928826 0.979160 -0.853521
v 0.934900 0.975314 -0.853521
v 0.940778 0.971174 -0.853521
v 0.946446 0.966751 -0.853521
v 0.951890 0.962055 -0.853521
v 0.957097 0.957097 -0.853521
v 0.853521 0.999824 -0.860708
v 0.860763 0.999644 -0.860723
v 0.868030 0.999101 -0.860730
v 0.875275 0.998196 -0.860740
v 0.882461 0.996930 -0.860752
v 0.889562 0.995312 -0.860768
v 0.896553 0.993348 -0.860785
v 0.903412 0.991049 -0.860801
v 0.910122 0.988425 -0.860816
v 0.916671 0.985486 -0.860828
v 0.923044 0.982242 -0.860836
v 0.929226 0.978706 -0.860843
v 0.935208 0.974887 -0.860847
v 0.940979 0.970796 -0.860850
v 0.946530 0.966445 -0.860853
v 0.951853 0.961841 -0.860855
v 0.956940 0.956994 -0.860858
v 0.853521 0.999295 -0.867879
v 0.860798 0.999105 -0.867963
v 0.868145 0.998545 -0.868022
v 0.875485 0.997612 -0.868067
v 0.882757 0.996310 -0.868102
v 0.889929 0.994649 -0.868134
v 0.896964 0.992642 -0.868161
v 0.903837 0.990303 -0.868182
v 0.910532 0.987650 -0.868196
v 0.917040 0.984692 -0.868202
v 0.923345 0.981447 -0.868203
v 0.929439 0.977928 -0.868199
v 0.935313 0.974149 -0.868193
v 0.940961 0.970119 -0.868186
v 0.946381 0.965851 -0.868181
v 0.951571 0.961352 -0.868181
v 0.956529 0.956624 -0.868187
v 0.853521 0.998415 -0.875014
v 0.860823 0.998204 -0.875193
v 0.868227 0.997619 -0.875328
v 0.875638 0.996654 -0.875426
v 0.882980 0.995315 -0.875494
v 0.890204 0.993612 -0.875542
v 0.897266 0.991565 -0.875571
v 0.904137 0.989195 -0.875583
v 0.910800 0.986520 -0.875579
v 0.917249 0.983556 -0.875562
v 0.923472 0.980322 -0.875535
v 0.929462 0.976833 -0.875502
v 0.935214 0.973106 -0.875469
v 0.940729 0.969152 -0.875438
v 0.946008 0.964979 -0.875416
v 0.951054 0.960593 -0.875405
v 0.955875 0.955994 -0.875411
v 0.853521 0.997185 -0.882098
v 0.860842 0.996943 -0.882375
v 0.868282 0.996325 -0.882592
v 0.875741 0.995324 -0.882750
v 0.883130 0.993945 -0.882855
v 0.890386 0.992204 -0.882915
v 0.897456 0.990125 -0.882937
v 0.904307 0.987731 -0.882924
v 0.910922 0.985047 -0.882885
v 0.917298 0.982090 -0.882824
v 0.923426 0.978881 -0.882750
v 0.929300 0.975439 -0.882671
v 0.934921 0.971779 -0.882593
v 0.940294 0.967913 -0.882524
v 0.945424 0.963847 -0.882472
v 0.950321 0.959585 -0.882443
v 0.954995 0.955122 -0.882444
v 0.853521 0.995610 -0.889113
v 0.860855 0.995327 -0.889483
v 0.868318 0.994669 -0.889774
v 0.875803 0.993629 -0.889984
v 0.883213 0.992212 -0.890116
v 0.890476 0.990439 -0.890178
v 0.897534 0.988336 -0.890179
v 0.904349 0.985932 -0.890128
v 0.910903 0.983252 -0.890036
v 0.917195 0.980317 -0.889914
v 0.923216 0.977151 -0.889775
v 0.928967 0.973771 -0.889630
v 0.934450 0.970194 -0.889491
v 0.939675 0.966430 -0.889370
v 0.944652 0.962484 -0.889276
v 0.949394 0.958354 -0.889220
v 0.953916 0.954035 -0.889212
v 0.853521 0.993693 -0.896042
v 0.860865 0.993364 -0.896488
v 0.868338 0.992663 -0.896836
v 0.875829 0.991583 -0.897081
v 0.883239 0.990134 -0.897224
v 0.890487 0.988338 -0.897271
v 0.897512 0.986224 -0.897235
v 0.904275 0.983822 -0.897129
v 0.910756 0.981163 -0.896969
v 0.916953 0.978269 -0.896769
v 0.922860 0.975163 -0.896547
v 0.928481 0.971865 -0.896321
v 0.933822 0.968388 -0.896106
v 0.938896 0.964740 -0.895918
v 0.943717 0.960925 -0.895773
v 0.948302 0.956938 -0.895683
v 0.952669 0.952769 -0.895661
v 0.853521 0.991437 -0.902868
v 0.860872 0.991062 -0.903366
v 0.868345 0.990319 -0.903747
v 0.875827 0.989205 -0.904003
v 0.883216 0.987732 -0.904135
v 0.890430 0.985925 -0.904148
v 0.897407 0.983814 -0.904057
v 0.904104 0.981433 -0.903880
v 0.910501 0.978813 -0.903635
v 0.916593 0.975980 -0.903340
v 0.922379 0.972955 -0.903020
v 0.927865 0.969757 -0.902697
v 0.933061 0.966397 -0.902393
v 0.937983 0.962882 -0.902128
v 0.942648 0.959209 -0.901921
v 0.947075 0.955373 -0.901790
v 0.951283 0.951360 -0.901751
v 0.853521 0.988850 -0.909576
v 0.860876 0.988432 -0.910098
v 0.868341 0.987654 -0.910484
v 0.875802 0.986515 -0.910725
v 0.883156 0.985030 -0.910820
v 0.890322 0.983227 -0.910776
v 0.897236 0.981137 -0.910611
v 0.903855 0.978796 -0.910344
v 0.910156 0.976236 -0.909997
v 0.916136 0.973486 -0.909592
v 0.921795 0.970565 -0.909158
v 0.927143 0.967487 -0.908726
v 0.932194 0.964263 -0.908321
v 0.936964 0.960893 -0.907969
v 0.941474 0.957375 -0.907694
v 0.945744 0.953699 -0.907517
v 0.949793 0.949846 -0.907460
v 0.853521 0.985936 -0.916149
v 0.860878 0.985485 -0.916668
v 0.868331 0.984682 -0.917031
v 0.875763 0.983531 -0.917230
v 0.883071 0.982051 -0.917263
v 0.890177 0.980270 -0.917138
v 0.897016 0.978223 -0.916876
v 0.903546 0.975944 -0.916499
v 0.909744 0.973468 -0.916034
v 0.915605 0.970824 -0.915502
v 0.921133 0.968029 -0.914943
v 0.926342 0.965093 -0.914389
v 0.931247 0.962021 -0.913875
v 0.935867 0.958812 -0.913429
v 0.940223 0.955459 -0.913081
v 0.944337 0.951949 -0.912855
v 0.948226 0.948261 -0.912778
v 0.853521 0.982704 -0.922571
v 0.860879 0.982232 -0.923059
v 0.868316 0.981420 -0.923372
v 0.875712 0.980274 -0.923501
v 0.882969 0.978818 -0.923447
v 0.890008 0.977080 -0.923220
v 0.896767 0.975096 -0.922842
v 0.903205 0.972901 -0.922340
v 0.909297 0.970530 -0.921742
v 0.915039 0.968012 -0.921074
v 0.920438 0.965362 -0.920379
v 0.925508 0.962584 -0.919696
v 0.930269 0.959682 -0.919062
v 0.934739 0.956651 -0.918513
v 0.938940 0.953480 -0.918081
v 0.942893 0.950150 -0.917800
v 0.946615 0.946637 -0.917700
v 0.853521 0.979160 -0.928826
v 0.860879 0.978685 -0.929258
v 0.868296 0.977882 -0.929495
v 0.875655 0.976764 -0.929530
v 0.882858 0.975353 -0.929366
v 0.889829 0.973680 -0.929017
v 0.896509 0.971779 -0.928509
v 0.902855 0.969687 -0.927869
v 0.908846 0.967438 -0.927129
v 0.914474 0.965063 -0.926317
v 0.919750 0.962571 -0.925479
v 0.924688 0.959967 -0.924659
v 0.929307 0.957252 -0.923896
v 0.933625 0.954419 -0.923228
v 0.937666 0.951451 -0.922699
v 0.941449 0.948322 -0.922351
v 0.944992 0.945004 -0.922224
v 0.853521 0.975314 -0.934900
v 0.860877 0.974856 -0.935252
v 0.868273 0.974086 -0.935391
v 0.875594 0.973017 -0.935311
v 0.882745 0.971674 -0.935019
v 0.889653 0.970086 -0.934534
v 0.896259 0.968289 -0.933882
v 0.902521 0.966316 -0.933096
v 0.908419 0.964204 -0.932208
v 0.913945 0.961982 -0.931247
v 0.919108 0.959660 -0.930261
v 0.923922 0.957242 -0.929295
v 0.928402 0.954731 -0.928391
v 0.932568 0.952121 -0.927586
v 0.936440 0.949385 -0.926942
v 0.940040 0.946488 -0.926512
v 0.943383 0.943390 -0.926353
v 0.853521 0.971174 -0.940778
v 0.860874 0.970757 -0.941030
v 0.868248 0.970042 -0.941054
v 0.875534 0.969048 -0.940843
v 0.882640 0.967794 -0.940411
v 0.889492 0.966312 -0.939779
v 0.896034 0.964634 -0.938977
v 0.902225 0.962795 -0.938038
v 0.908044 0.960830 -0.936997
v 0.913483 0.958769 -0.935884
v 0.918547 0.956624 -0.934745
v 0.923248 0.954405 -0.933626
v 0.927597 0.952116 -0.932565
v 0.931606 0.949760 -0.931603
v 0.935301 0.947293 -0.930819
v 0.938701 0.944665 -0.930289
v 0.941819 0.941821 -0.930090
v 0.853521 0.966751 -0.946446
v 0.860869 0.966398 -0.946585
v 0.868224 0.965764 -0.946480
v 0.875480 0.964865 -0.946129
v 0.882549 0.963721 -0.945550
v 0.889358 0.962361 -0.944766
v 0.895850 0.960817 -0.943809
v 0.901986 0.959123 -0.942715
v 0.907744 0.957312 -0.941517
v 0.913116 0.955416 -0.940250
v 0.918104 0.953452 -0.938955
v 0.922713 0.951435 -0.937673
v 0.926949 0.949377 -0.936443
v 0.930821 0.947290 -0.935302
v 0.934341 0.945131 -0.934341
v 0.937514 0.942853 -0.933652
v 0.940352 0.940352 -0.933377
v 0.853521 0.962055 -0.951890
v 0.860863 0.961790 -0.951909
v 0.868202 0.961259 -0.951669
v 0.875438 0.960475 -0.951176
v 0.882482 0.959457 -0.950449
v 0.889261 0.958233 -0.949512
v 0.895721 0.956833 -0.948399
v 0.901822 0.955291 -0.947148
v 0.907542 0.953640 -0.945793
v 0.912873 0.951909 -0.944368
v 0.917811 0.950124 -0.942912
v 0.922358 0.948307 -0.941459
v 0.926516 0.946480 -0.940045
v 0.930291 0.944661 -0.938703
v 0.933652 0.942852 -0.937515
v 0.936568 0.941056 -0.936568
v 0.939041 0.939041 -0.936157
v 0.999824 0.853521 -0.860708
v 0.999295 0.853521 -0.867879
v 0.998415 0.853521 -0.875014
v 0.997185 0.853521 -0.882098
v 0.995610 0.853521 -0.889113
v 0.993693 0.853521 -0.896042
v 0.991437 0.853521 -0.902868
v 0.988850 0.853521 -0.909576
v 0.985936 0.853521 -0.916149
v 0.982704 0.853521 -0.922571
v 0.979160 0.853521 -0.928826
v 0.975314 0.853521 -0.934900
v 0.971174 0.853521 -0.940778
v 0.966751 0.853521 -0.946446
v 0.962055 0.853521 -0.951890
v 0.957097 0.853521 -0.957097
v 0.999824 0.860708 -0.853521
v 0.999644 0.860723 -0.860763
v 0.999101 0.860730 -0.868030
v 0.998196 0.860740 -0.875275
v 0.996930 0.860752 -0.882461
v 0.995312 0.860768 -0.889562
v 0.993348 0.860785 -0.896553
v 0.991049 0.860801 -0.903412
v 0.988425 0.860816 -0.910122
v 0.985486 0.860828 -0.916671
v 0.982242 0.860836 -0.923044
v 0.978706 0.860843 -0.929226
v 0.974887 0.860847 -0.935208
v 0.970796 0.860850 -0.940979
v 0.966445 0.860853 -0.946530
v 0.961841 0.860855 -0.951853
v 0.956994 0.860858 -0.956940
v 0.999295 0.867879 -0.853521
v 0.999105 0.867963 -0.860798
v 0.998545 0.868022 -0.868145
v 0.997612 0.868067 -0.875485
v 0.996310 0.868102 -0.882757
v 0.994649 0.868134 -0.889929
v 0.992642 0.868161 -0.896964
v 0.990303 0.868182 -0.903837
v 0.987650 0.868196 -0.910532
v 0.984692 0.868202 -0.917040
v 0.981447 0.868203 -0.923345
v 0.977928 0.868199 -0.929439
v 0.974149 0.868193 -0.935313
v 0.970119 0.868186 -0.940961
v 0.965851 0.868181 -0.946381
v 0.961352 0.868181 -0.951571
v 0.956624 0.868187 -0.956529
v 0.998415 0.875014 -0.853521
v 0.998204 0.875193 -0.860823
v 0.997619 0.875328 -0.868227
v 0.996654 0.875426 -0.875638
v 0.995315 0.875494 -0.882980
v 0.993612 0.875542 -0.890204
v 0.991565 0.875571 -0.897266
v 0.989195 0.875583 -0.904137
v 0.986520 0.875579 -0.910800
v 0.983556 0.875562 -0.917249
v 0.980322 0.875535 -0.923472
v 0.976833 0.875502 -0.929462
v 0.973106 0.875469 -0.935214
v 0.969152 0.875438 -0.940729
v 0.964979 0.875416 -0.946008
v 0.960593 0.875405 -0.951054
v 0.955994 0.875411 -0.955875
v 0.997185 0.882098 -0.853521
v 0.996943 0.882375 -0.860842
v 0.996325 0.882592 -0.868282
v 0.995324 0.882750 -0.875741
v 0.993945 0.882855 -0.883130
v 0.992204 0.882915 -0.890386
v 0.990125 0.882937 -0.897456
v 0.987731 0.882924 -0.904307
v 0.985047 0.882885 -0.910922
v 0.982090 0.882824 -0.917298
v 0.978881 0.882750 -0.923426
v 0.975439 0.882671 -0.929300
v 0.971779 0.882593 -0.934921
v 0.967913 0.882524 -0.940294
v 0.963847 0.882472 -0.945424
v 0.959585 0.882443 -0.950321
v 0.955122 0.882444 -0.954995
v 0.995610 0.889113 -0.853521
v 0.995327 0.889483 -0.860855
v 0.994669 0.889774 -0.868318
v 0.993629 0.889984 -0.875803
v 0.992212 0.890116 -0.883213
v 0.990439 0.890178 -0.890476
v 0.988336 0.890179 -0.897534
v 0.985932 0.890128 -0.904349
v 0.983252 0.890036 -0.910903
v 0.980317 0.889914 -0.917195
v 0.977151 0.889775 -0.923216
v 0.973771 0.889630 -0.928967
v 0.970194 0.889491 -0.934450
v 0.966430 0.889370 -0.939675
v 0.962484 0.889276 -0.944652
v 0.958354 0.889220 -0.949394
v 0.954035 0.889212 -0.953916
v 0.993693 0.896042 -0.853521
v 0.993364 0.896488 -0.860865
v 0.992663 0.896836 -0.868338
v 0.991583 0.897081 -0.875829
v 0.990134 0.897224 -0.883239
v 0.988338 0.897271 -0.890487
v 0.986224 0.897235 -0.897512
v 0.983822 0.897129 -0.904275
v 0.981163 0.896969 -0.910756
v 0.978269 0.896769 -0.916953
v 0.975163 0.896547 -0.922860
v 0.971865 0.896321 -0.928481
v 0.968388 0.896106 -0.933822
v 0.964740 0.895918 -0.938896
v 0.960925 0.895773 -0.943717
v 0.956938 0.895683 -0.948302
v 0.952769 0.895661 -0.952669
v 0.991437 0.902868 -0.853521
v 0.991062 0.903366 -0.860872
v 0.990319 0.903747 -0.868345
v 0.989205 0.904003 -0.875827
v 0.987732 0.904135 -0.883216
v 0.985925 0.904148 -0.890430
v 0.983814 0.904057 -0.897407
v 0.981433 0.903880 -0.904104
v 0.978813 0.903635 -0.910501
v 0.975980 0.903340 -0.916593
v 0.972955 0.903020 -0.922379
v 0.969757 0.902697 -0.927865
v 0.966397 0.902393 -0.933061
v 0.962882 0.902128 -0.937983
v 0.959209 0.901921 -0.942648
v 0.955373 0.901790 -0.947075
v 0.951360 0.901751 -0.951283
v 0.988850 0.909576 -0.853521
v 0.988432 0.910098 -0.860876
v 0.987654 0.910484 -0.868341
v 0.986515 0.910725 -0.875802
v 0.985030 0.910820 -0.883156
v 0.983227 0.910776 -0.890322
v 0.981137 0.910611 -0.897236
v 0.978796 0.910344 -0.903855
v 0.976236 0.909997 -0.910156
v 0.973486 0.909592 -0.916136
v 0.970565 0.909158 -0.921795
v 0.967487 0.908726 -0.927143
v 0.964263 0.908321 -0.932194
v 0.960893 0.907969 -0.936964
v 0.957375 0.907694 -0.941474
v 0.953699 0.907517 -0.945744
v 0.949846 0.907460 -0.949793
v 0.985936 0.916149 -0.853521
v 0.985485 0.916668 -0.860878
v 0.984682 0.917031 -0.868331
v 0.983531 0.917230 -0.875763
v 0.982051 0.917263 -0.883071
v 0.980270 0.917138 -0.890177
v 0.978223 0.916876 -0.897016
v 0.975944 0.916499 -0.903546
v 0.973468 0.916034 -0.909744
v 0.970824 0.915502 -0.915605
v 0.968029 0.914943 -0.921133
v 0.965093 0.914389 -0.926342
v 0.962021 0.913875 -0.931247
v 0.958812 0.913429 -0.935867
v 0.955459 0.913081 -0.940223
v 0.951949 0.912855 -0.944337
v 0.948261 0.912778 -0.948226
v 0.982704 0.922571 -0.853521
v 0.982232 0.923059 -0.860879
v 0.981420 0.923372 -0.868316
v 0.980274 0.923501 -0.875712
v 0.978818 0.923447 -0.882969
v 0.977080 0.923220 -0.890008
v 0.975096 0.922842 -0.896767
v 0.972901 0.922340 -0.903205
v 0.970530 0.921742 -0.909297
v 0.968012 0.921074 -0.915039
v 0.965362 0.920379 -0.920438
v 0.962584 0.919696 -0.925508
v 0.959682 0.919062 -0.930269
v 0.956651 0.918513 -0.934739
v 0.953480 0.918081 -0.938940
v 0.950150 0.917799 -0.942893
v 0.946637 0.917700 -0.946615
v 0.979160 0.928826 -0.853521
v 0.978685 0.929258 -0.860879
v 0.977882 0.929495 -0.868296
v 0.976764 0.929530 -0.875655
v 0.975353 0.929366 -0.882858
v 0.973680 0.929017 -0.889829
v 0.971779 0.928509 -0.896509
v 0.969687 0.927869 -0.902855
v 0.967438 0.927129 -0.908846
v 0.965063 0.926317 -0.914474
v 0.962571 0.925479 -0.919750
v 0.959967 0.924659 -0.924688
v 0.957252 0.923896 -0.929307
v 0.954419 0.923228 -0.933625
v 0.951451 0.922699 -0.937666
v 0.948322 0.922351 -0.941449
v 0.945004 0.922224 -0.944992
v 0.975314 0.934900 -0.853521
v 0.974856 0.935252 -0.860877
v 0.974086 0.935391 -0.868273
v 0.973017 0.935311 -0.875594
v 0.971674 0.935019 -0.882745
v 0.970086 0.934534 -0.889653
v 0.968289 0.933882 -0.896259
v 0.966316 0.933096 -0.902521
v 0.964204 0.932208 -0.908419
v 0.961982 0.931247 -0.913945
v 0.959660 0.930261 -0.919108
v 0.957242 0.929295 -0.923922
v 0.954731 0.928391 -0.928402
v 0.952121 0.927586 -0.932568
v 0.949385 0.926942 -0.936440
v 0.946488 0.926512 -0.940040
v 0.943390 0.926353 -0.943383
v 0.971174 0.940778 -0.853521
v 0.970757 0.941030 -0.860874
v 0.970042 0.941054 -0.868248
v 0.969048 0.940843 -0.875534
v 0.967794 0.940411 -0.882640
v 0.966312 0.939779 -0.889492
v 0.964634 0.938977 -0.896034
v 0.962795 0.938038 -0.902225
v 0.960830 0.936997 -0.908044
v 0.958769 0.935884 -0.913483
v 0.956624 0.934745 -0.918547
v 0.954405 0.933626 -0.923248
v 0.952116 0.932565 -0.927597
v 0.949760 0.931603 -0.931606
v 0.947293 0.930819 -0.935301
v 0.944665 0.930289 -0.938701
v 0.941821 0.930090 -0.941819
v 0.966751 0.946446 -0.853521
v 0.966398 0.946585 -0.860869
v 0.965764 0.946480 -0.868224
v 0.964865 0.946129 -0.875480
v 0.963721 0.945550 -0.882549
v 0.962361 0.944766 -0.889358
v 0.960817 0.943809 -0.895850
v 0.959123 0.942715 -0.901986
v 0.957312 0.941517 -0.907744
v 0.955416 0.940250 -0.913116
v 0.953452 0.938955 -0.918104
v 0.951435 0.937673 -0.922713
v 0.949377 0.936443 -0.926949
v 0.947290 0.935302 -0.930821
v 0.945131 0.934341 -0.934341
v 0.942853 0.933652 -0.937514
v 0.940352 0.933377 -0.940352
v 0.962055 0.951890 -0.853521
v 0.961790 0.951909 -0.860863
v 0.961259 0.951669 -0.868202
v 0.960475 0.951176 -0.875438
v 0.959457 0.950449 -0.882482
v 0.958233 0.949512 -0.889261
v 0.956833 0.948399 -0.895721
v 0.955291 0.947148 -0.901822
v 0.953640 0.945793 -0.907542
v 0.951909 0.944368 -0.912873
v 0.950124 0.942912 -0.917811
v 0.948307 0.941459 -0.922358
v 0.946480 0.940045 -0.926516
v 0.944661 0.938703 -0.930291
v 0.942852 0.937515 -0.933652
v 0.941056 0.936568 -0.936568
v 0.939041 0.936157 -0.939041
v 0.853521 -1.000000 -0.853521
v 0.853521 -0.853521 -1.000000
v 1.000000 -0.853521 -0.853521
v 0.853521 -0.999824 -0.860708
v 0.853521 -0.999295 -0.867879
v 0.853521 -0.998415 -0.875014
v 0.853521 -0.997185 -0.882098
v 0.853521 -0.995610 -0.889113
v 0.853521 -0.993693 -0.896042
v 0.853521 -0.991437 -0.902868
v 0.853521 -0.988850 -0.909576
v 0.853521 -0.985936 -0.916149
v 0.853521 -0.982704 -0.922571
v 0.853521 -0.979160 -0.928826
v 0.853521 -0.975314 -0.934900
v 0.853521 -0.971174 -0.940778
v 0.853521 -0.966751 -0.946446
v 0.853521 -0.962055 -0.951890
v 0.853521 -0.957097 -0.957097
v 0.860708 -0.999824 -0.853521
v 0.860723 -0.999644 -0.860763
v 0.860730 -0.999101 -0.868030
v 0.860740 -0.998196 -0.875275
v 0.860752 -0.996930 -0.882461
v 0.860768 -0.995312 -0.889562
v 0.860785 -0.993348 -0.896553
v 0.860801 -0.991049 -0.903412
v 0.860816 -0.988425 -0.910122
v 0.860828 -0.985486 -0.916671
v 0.860836 -0.982242 -0.923044
v 0.860843 -0.978706 -0.929226
v 0.860847 -0.974887 -0.935208
v 0.860850 -0.970796 -0.940979
v 0.860853 -0.966445 -0.946530
v 0.860855 -0.961841 -0.951853
v 0.860858 -0.956994 -0.956940
v 0.867879 -0.999295 -0.853521
v 0.867963 -0.999105 -0.860798
v 0.868022 -0.998545 -0.868145
v 0.868067 -0.997612 -0.875485
v 0.868102 -0.996310 -0.882757
v 0.868134 -0.994649 -0.889929
v 0.868161 -0.992642 -0.896964
v 0.868182 -0.990303 -0.903837
v 0.868196 -0.987650 -0.910532
v 0.868202 -0.984692 -0.917040
v 0.868203 -0.981447 -0.923345
v 0.868199 -0.977928 -0.929439
v 0.868193 -0.974149 -0.935313
v 0.868186 -0.970119 -0.940961
v 0.868181 -0.965851 -0.946381
v 0.868181 -0.961352 -0.951571
v 0.868187 -0.956624 -0.956529
v 0.875014 -0.998415 -0.853521
v 0.875193 -0.998204 -0.860823
v 0.875328 -0.997619 -0.868227
v 0.875426 -0.996654 -0.875638
v 0.875494 -0.995315 -0.882980
v 0.875542 -0.993612 -0.890204
v 0.875571 -0.991565 -0.897266
v 0.875583 -0.989195 -0.904137
v 0.875579 -0.986520 -0.910800
v 0.875562 -0.983556 -0.917249
v 0.875535 -0.980322 -0.923472
v 0.875502 -0.976833 -0.929462
v 0.875469 -0.973106 -0.935214
v 0.875438 -0.969152 -0.940729
v 0.875416 -0.964979 -0.946008
v 0.875405 -0.960593 -0.951054
v 0.875411 -0.955994 -0.955875
v 0.882098 -0.997185 -0.853521
v 0.882375 -0.996943 -0.860842
v 0.882592 -0.996325 -0.868282
v 0.882750 -0.995324 -0.875741
v 0.882855 -0.993945 -0.883130
v 0.882915 -0.992204 -0.890386
v 0.882937 -0.990125 -0.897456
v 0.882924 -0.987731 -0.904307
v 0.882885 -0.985047 -0.910922
v 0.882824 -0.982090 -0.917298
v 0.882750 -0.978881 -0.923426
v 0.882671 -0.975439 -0.929300
v 0.882593 -0.971779 -0.934921
v 0.882524 -0.967913 -0.940294
v 0.882472 -0.963847 -0.945424
v 0.882443 -0.959585 -0.950321
v 0.882444 -0.955122 -0.954995
v 0.889113 -0.995610 -0.853521
v 0.889483 -0.995327 -0.860855
v 0.889774 -0.994669 -0.868318
v 0.889984 -0.993629 -0.875803
v 0.890116 -0.992212 -0.883213
v 0.890178 -0.990439 -0.890476
v 0.890179 -0.988336 -0.897534
v 0.890128 -0.985932 -0.904349
v 0.890036 -0.983252 -0.910903
v 0.889914 -0.980317 -0.917195
v 0.889775 -0.977151 -0.923216
v 0.889630 -0.973771 -0.928967
v 0.889491 -0.970194 -0.934450
v 0.889370 -0.966430 -0.939675
v 0.889276 -0.962484 -0.944652
v 0.889220 -0.958354 -0.949394
v 0.889212 -0.954035 -0.953916
v 0.896042 -0.993693 -0.853521
v 0.896488 -0.993364 -0.860865
v 0.896836 -0.992663 -0.868338
v 0.897081 -0.991583 -0.875829
v 0.897224 -0.990134 -0.883239
v 0.897271 -0.988338 -0.890487
v 0.897235 -0.986224 -0.897512
v 0.897129 -0.983822 -0.904275
v 0.896969 -0.981163 -0.910756
v 0.896769 -0.978269 -0.916953
v 0.896547 -0.975164 -0.922860
v 0.896321 -0.971865 -0.928481
v 0.896106 -0.968388 -0.933822
v 0.895918 -0.964740 -0.938896
v 0.895773 -0.960925 -0.943717
v 0.895683 -0.956938 -0.948302
v 0.895661 -0.952769 -0.952669
v 0.902868 -0.991437 -0.853521
v 0.903366 -0.991062 -0.860872
v 0.903747 -0.990319 -0.868345
v 0.904003 -0.989205 -0.875827
v 0.904135 -0.987732 -0.883216
v 0.904148 -0.985925 -0.890430
v 0.904057 -0.983814 -0.897407
v 0.903880 -0.981433 -0.904104
v 0.903635 -0.978813 -0.910501
v 0.903340 -0.975980 -0.916593
v 0.903020 -0.972955 -0.922379
v 0.902697 -0.969757 -0.927865
v 0.902393 -0.966397 -0.933061
v 0.902128 -0.962882 -0.937983
v 0.901921 -0.959209 -0.942648
v 0.901790 -0.955373 -0.947075
v 0.901751 -0.951360 -0.951283
v 0.909576 -0.988850 -0.853521
v 0.910098 -0.988432 -0.860876
v 0.910484 -0.987654 -0.868341
v 0.910725 -0.986515 -0.875802
v 0.910820 -0.985030 -0.883156
v 0.910776 -0.983227 -0.890322
v 0.910611 -0.981137 -0.897236
v 0.910344 -0.978796 -0.903855
v 0.909997 -0.976236 -0.910156
v 0.909592 -0.973486 -0.916136
v 0.909158 -0.970565 -0.921795
v 0.908726 -0.967487 -0.927143
v 0.908321 -0.964263 -0.932194
v 0.907969 -0.960893 -0.936964
v 0.907694 -0.957375 -0.941474
v 0.907517 -0.953699 -0.945744
v 0.907460 -0.949846 -0.949793
v 0.916149 -0.985936 -0.853521
v 0.916668 -0.985485 -0.860878
v 0.917031 -0.984682 -0.868331
v 0.917230 -0.983531 -0.875763
v 0.917263 -0.982051 -0.883071
v 0.917138 -0.980270 -0.890177
v 0.916876 -0.978223 -0.897016
v 0.916499 -0.975944 -0.903546
v 0.916034 -0.973468 -0.909744
v 0.915502 -0.970824 -0.915605
v 0.914943 -0.968029 -0.921133
v 0.914389 -0.965093 -0.926342
v 0.913875 -0.962021 -0.931247
v 0.913429 -0.958812 -0.935867
v 0.913081 -0.955459 -0.940223
v 0.912855 -0.951949 -0.944337
v 0.912778 -0.948261 -0.948226
v 0.922571 -0.982704 -0.853521
v 0.923059 -0.982232 -0.860879
v 0.923372 -0.981420 -0.868316
v 0.923501 -0.980274 -0.875712
v 0.923447 -0.978818 -0.882969
v 0.923220 -0.977080 -0.890008
v 0.922842 -0.975096 -0.896767
v 0.922340 -0.972901 -0.903205
v 0.921742 -0.970530 -0.909297
v 0.921074 -0.968012 -0.915039
v 0.920379 -0.965362 -0.920438
v 0.919696 -0.962584 -0.925508
v 0.919062 -0.959682 -0.930269
v 0.918513 -0.956651 -0.934739
v 0.918081 -0.953480 -0.938940
v 0.917799 -0.950150 -0.942893
v 0.917700 -0.946637 -0.946615
v 0.928826 -0.979160 -0.853521
v 0.929258 -0.978685 -0.860879
v 0.929495 -0.977882 -0.868296
v 0.929530 -0.976764 -0.875655
v 0.929366 -0.975353 -0.882858
v 0.929017 -0.973680 -0.889829
v 0.928509 -0.971779 -0.896509
v 0.927869 -0.969687 -0.902855
v 0.927129 -0.967438 -0.908846
v 0.926317 -0.965063 -0.914474
v 0.925479 -0.962571 -0.919750
v 0.924659 -0.959967 -0.924688
v 0.923896 -0.957252 -0.929307
v 0.923228 -0.954419 -0.933625
v 0.922699 -0.951451 -0.937666
v 0.922351 -0.948322 -0.941449
v 0.922224 -0.945004 -0.944992
v 0.934900 -0.975314 -0.853521
v 0.935252 -0.974856 -0.860877
v 0.935391 -0.974086 -0.868273
v 0.935311 -0.973017 -0.875594
v 0.935019 -0.971674 -0.882745
v 0.934534 -0.970086 -0.889653
v 0.933882 -0.968289 -0.896259
v 0.933096 -0.966316 -0.902521
v 0.932208 -0.964204 -0.908419
v 0.931247 -0.961982 -0.913945
v 0.930261 -0.959660 -0.919108
v 0.929295 -0.957242 -0.923922
v 0.928391 -0.954731 -0.928402
v 0.927586 -0.952121 -0.932568
v 0.926942 -0.949385 -0.936440
v 0.926512 -0.946488 -0.940040
v 0.926353 -0.943390 -0.943383
v 0.940778 -0.971174 -0.853521
v 0.941030 -0.970757 -0.860874
v 0.941054 -0.970042 -0.868248
v 0.940843 -0.969048 -0.875534
v 0.940411 -0.967794 -0.882640
v 0.939779 -0.966312 -0.889492
v 0.938977 -0.964634 -0.896034
v 0.938038 -0.962795 -0.902225
v 0.936997 -0.960830 -0.908044
v 0.935884 -0.958769 -0.913483
v 0.934745 -0.956624 -0.918547
v 0.933626 -0.954405 -0.923248
v 0.932565 -0.952116 -0.927597
v 0.931603 -0.949760 -0.931606
v 0.930819 -0.947293 -0.935301
v 0.930289 -0.944665 -0.938701
v 0.930090 -0.941821 -0.941819
v 0.946446 -0.966751 -0.853521
v 0.946585 -0.966398 -0.860869
v 0.946480 -0.965764 -0.868224
v 0.946129 -0.964865 -0.875480
v 0.945550 -0.963721 -0.882549
v 0.944766 -0.962361 -0.889358
v 0.943809 -0.960817 -0.895850
v 0.942715 -0.959123 -0.901986
v 0.941517 -0.957312 -0.907744
v 0.940250 -0.955416 -0.913116
v 0.938955 -0.953452 -0.918104
v 0.937673 -0.951435 -0.922713
v 0.936443 -0.949377 -0.926949
v 0.935302 -0.947290 -0.930821
v 0.934341 -0.945131 -0.934341
v 0.933652 -0.942853 -0.937514
v 0.933377 -0.940352 -0.940352
v 0.951890 -0.962055 -0.853521
v 0.951909 -0.961790 -0.860863
v 0.951669 -0.961259 -0.868202
v 0.951176 -0.960475 -0.875438
v 0.950449 -0.959457 -0.882482
v 0.949512 -0.958233 -0.889261
v 0.948399 -0.956833 -0.895721
v 0.947148 -0.955291 -0.901822
v 0.945793 -0.953640 -0.907542
v 0.944368 -0.951909 -0.912873
v 0.942912 -0.950124 -0.917811
v 0.941459 -0.948307 -0.922358
v 0.940045 -0.946480 -0.926516
v 0.938703 -0.944661 -0.930291
v 0.937515 -0.942852 -0.933652
v 0.936568 -0.941056 -0.936568
v 0.936157 -0.939041 -0.939041
v 0.938091 -0.938091 -0.938091
v 0.860708 -0.853521 -0.999824
v 0.867879 -0.853521 -0.999295
v 0.875014 -0.853521 -0.998415
v 0.882098 -0.853521 -0.997185
v 0.889113 -0.853521 -0.995610
v 0.896042 -0.853521 -0.993693
v 0.902868 -0.853521 -0.991437
v 0.909576 -0.853521 -0.988850
v 0.916149 -0.853521 -0.985936
v 0.922571 -0.853521 -0.982704
v 0.928826 -0.853521 -0.979160
v 0.934900 -0.853521 -0.975314
v 0.940778 -0.853521 -0.971174
v 0.946446 -0.853521 -0.966751
v 0.951890 -0.853521 -0.962055
v 0.957097 -0.853521 -0.957097
v 0.853521 -0.860708 -0.999824
v 0.860763 -0.860723 -0.999644
v 0.868030 -0.860730 -0.999101
v 0.875275 -0.860740 -0.998196
v 0.882461 -0.860752 -0.996930
v 0.889562 -0.860768 -0.995312
v 0.896553 -0.860785 -0.993348
v 0.903412 -0.860801 -0.991049
v 0.910122 -0.860816 -0.988425
v 0.916671 -0.860828 -0.985486
v 0.923044 -0.860836 -0.982242
v 0.929226 -0.860843 -0.978706
v 0.935208 -0.860847 -0.974887
v 0.940979 -0.860850 -0.970796
v 0.946530 -0.860853 -0.966445
v 0.951853 -0.860855 -0.961841
v 0.956940 -0.860858 -0.956994
v 0.853521 -0.867879 -0.999295
v 0.860798 -0.867963 -0.999105
v 0.868145 -0.868022 -0.998545
v 0.875485 -0.868067 -0.997612
v 0.882757 -0.868102 -0.996310
v 0.889929 -0.868134 -0.994649
v 0.896964 -0.868161 -0.992642
v 0.903837 -0.868182 -0.990303
v 0.910532 -0.868196 -0.987650
v 0.917040 -0.868202 -0.984692
v 0.923345 -0.868203 -0.981447
v 0.929439 -0.868199 -0.977928
v 0.935313 -0.868193 -0.974149
v 0.940961 -0.868186 -0.970119
v 0.946381 -0.868181 -0.965851
v 0.951571 -0.868181 -0.961352
v 0.956529 -0.868187 -0.956624
v 0.853521 -0.875014 -0.998415
v 0.860823 -0.875193 -0.998204
v 0.868227 -0.875328 -0.997619
v 0.875638 -0.875426 -0.996654
v 0.882980 -0.875494 -0.995315
v 0.890204 -0.875542 -0.993612
v 0.897266 -0.875571 -0.991565
v 0.904137 -0.875583 -0.989195
v 0.910800 -0.875579 -0.986520
v 0.917249 -0.875562 -0.983556
v 0.923472 -0.875535 -0.980322
v 0.929462 -0.875502 -0.976833
v 0.935214 -0.875469 -0.973106
v 0.940729 -0.875438 -0.969152
v 0.946008 -0.875416 -0.964979
v 0.951054 -0.875405 -0.960593
v 0.955875 -0.875411 -0.955994
v 0.853521 -0.882098 -0.997185
v 0.860842 -0.882375 -0.996943
v 0.868282 -0.882592 -0.996325
v 0.875741 -0.882750 -0.995324
v 0.883130 -0.882855 -0.993945
v 0.890386 -0.882915 -0.992204
v 0.897456 -0.882937 -0.990125
v 0.904307 -0.882924 -0.987731
v 0.910922 -0.882885 -0.985047
v 0.917298 -0.882824 -0.982090
v 0.923426 -0.882750 -0.978881
v 0.929300 -0.882671 -0.975439
v 0.934921 -0.882593 -0.971779
v 0.940294 -0.882524 -0.967913
v 0.945424 -0.882472 -0.963847
v 0.950321 -0.882443 -0.959585
v 0.954995 -0.882444 -0.955122
v 0.853521 -0.889113 -0.995610
v 0.860855 -0.889483 -0.995327
v 0.868318 -0.889774 -0.994669
v 0.875803 -0.889984 -0.993629
v 0.883213 -0.890116 -0.992212
v 0.890476 -0.890178 -0.990439
v 0.897534 -0.890179 -0.988336
v 0.904349 -0.890128 -0.985932
v 0.910903 -0.890036 -0.983252
v 0.917195 -0.889914 -0.980317
v 0.923216 -0.889775 -0.977151
v 0.928967 -0.889630 -0.973771
v 0.934450 -0.889491 -0.970194
v 0.939675 -0.889370 -0.966430
v 0.944652 -0.889276 -0.962484
v 0.949394 -0.889220 -0.958354
v 0.953916 -0.889212 -0.954035
v 0.853521 -0.896042 -0.993693
v 0.860865 -0.896488 -0.993364
v 0.868338 -0.896836 -0.992663
v 0.875829 -0.897081 -0.991583
v 0.883239 -0.897224 -0.990134
v 0.890487 -0.897271 -0.988338
v 0.897512 -0.897235 -0.986224
v 0.904275 -0.897129 -0.983822
v 0.910756 -0.896969 -0.981163
v 0.916953 -0.896769 -0.978269
v 0.922860 -0.896547 -0.975163
v 0.928481 -0.896321 -0.971865
v 0.933822 -0.896106 -0.968388
v 0.938896 -0.895918 -0.964740
v 0.943717 -0.895773 -0.960925
v 0.948302 -0.895683 -0.956938
v 0.952669 -0.895661 -0.952769
v 0.853521 -0.902868 -0.991437
v 0.860872 -0.903366 -0.991062
v 0.868345 -0.903747 -0.990319
v 0.875827 -0.904003 -0.989205
v 0.883216 -0.904135 -0.987732
v 0.890430 -0.904148 -0.985925
v 0.897407 -0.904057 -0.983814
v 0.904104 -0.903880 -0.981433
v 0.910501 -0.903635 -0.978813
v 0.916593 -0.903340 -0.975980
v 0.922379 -0.903020 -0.972955
v 0.927865 -0.902697 -0.969757
v 0.933061 -0.902393 -0.966397
v 0.937983 -0.902128 -0.962882
v 0.942648 -0.901921 -0.959209
v 0.947075 -0.901790 -0.955373
v 0.951283 -0.901751 -0.951360
v 0.853521 -0.909576 -0.988850
v 0.860876 -0.910098 -0.988432
v 0.868341 -0.910484 -0.987654
v 0.875802 -0.910725 -0.986515
v 0.883156 -0.910820 -0.985030
v 0.890322 -0.910776 -0.983227
v 0.897236 -0.910611 -0.981137
v 0.903855 -0.910344 -0.978796
v 0.910156 -0.909997 -0.976236
v 0.916136 -0.909592 -0.973486
v 0.921795 -0.909158 -0.970565
v 0.927143 -0.908726 -0.967487
v 0.932194 -0.908321 -0.964263
v 0.936964 -0.907969 -0.960893
v 0.941474 -0.907694 -0.957375
v 0.945744 -0.907517 -0.953699
v 0.949793 -0.907460 -0.949846
v 0.853521 -0.916149 -0.985936
v 0.860878 -0.916668 -0.985485
v 0.868331 -0.917031 -0.984682
v 0.875763 -0.917230 -0.983531
v 0.883071 -0.917263 -0.982051
v 0.890177 -0.917138 -0.980270
v 0.897016 -0.916876 -0.978223
v 0.903546 -0.916499 -0.975944
v 0.909744 -0.916034 -0.973468
v 0.915605 -0.915502 -0.970824
v 0.921133 -0.914943 -0.968029
v 0.926342 -0.914389 -0.965093
v 0.931247 -0.913875 -0.962021
v 0.935867 -0.913429 -0.958812
v 0.940223 -0.913081 -0.955459
v 0.944337 -0.912855 -0.951949
v 0.948226 -0.912778 -0.948261
v 0.853521 -0.922571 -0.982704
v 0.860879 -0.923059 -0.982232
v 0.868316 -0.923372 -0.981420
v 0.875712 -0.923501 -0.980274
v 0.882969 -0.923447 -0.978818
v 0.890008 -0.923220 -0.977080
v 0.896767 -0.922842 -0.975096
v 0.903205 -0.922340 -0.972901
v 0.909297 -0.921742 -0.970530
v 0.915039 -0.921074 -0.968012
v 0.920438 -0.920379 -0.965362
v 0.925508 -0.919696 -0.962584
v 0.930269 -0.919062 -0.959682
v 0.934739 -0.918513 -0.956651
v 0.938940 -0.918081 -0.953480
v 0.942893 -0.917800 -0.950150
v 0.946615 -0.917700 -0.946637
v 0.853521 -0.928826 -0.979160
v 0.860879 -0.929258 -0.978685
v 0.868296 -0.929495 -0.977882
v 0.875655 -0.929530 -0.976764
v 0.882858 -0.929366 -0.975353
v 0.889829 -0.929017 -0.973680
v 0.896509 -0.928509 -0.971779
v 0.902855 -0.927869 -0.969687
v 0.908846 -0.927129 -0.967438
v 0.914474 -0.926317 -0.965063
v 0.919750 -0.925479 -0.962571
v 0.924688 -0.924659 -0.959967
v 0.929307 -0.923896 -0.957252
v 0.933625 -0.923228 -0.954419
v 0.937666 -0.922699 -0.951451
v 0.941449 -0.922351 -0.948322
v 0.944992 -0.922224 -0.945004
v 0.853521 -0.934900 -0.975314
v 0.860877 -0.935252 -0.974856
v 0.868273 -0.935391 -0.974086
v 0.875594 -0.935311 -0.973017
v 0.882745 -0.935019 -0.971674
v 0.889653 -0.934534 -0.970086
v 0.896259 -0.933882 -0.968289
v 0.902521 -0.933096 -0.966316
v 0.908419 -0.932208 -0.964204
v 0.913945 -0.931247 -0.961982
v 0.919108 -0.930261 -0.959660
v 0.923922 -0.929295 -0.957242
v 0.928402 -0.928391 -0.954731
v 0.932568 -0.927586 -0.952121
v 0.936440 -0.926942 -0.949385
v 0.940040 -0.926512 -0.946488
v 0.943383 -0.926353 -0.943390
v 0.853521 -0.940778 -0.971174
v 0.860874 -0.941030 -0.970757
v 0.868248 -0.941054 -0.970042
v 0.875534 -0.940843 -0.969048
v 0.882640 -0.940411 -0.967794
v 0.889492 -0.939779 -0.966312
v 0.896034 -0.938977 -0.964634
v 0.902225 -0.938038 -0.962795
v 0.908044 -0.936997 -0.960830
v 0.913483 -0.935884 -0.958769
v 0.918547 -0.934745 -0.956624
v 0.923248 -0.933626 -0.954405
v 0.927597 -0.932565 -0.952116
v 0.931606 -0.931603 -0.949760
v 0.935301 -0.930819 -0.947293
v 0.938701 -0.930289 -0.944665
v 0.941819 -0.930090 -0.941821
v 0.853521 -0.946446 -0.966751
v 0.860869 -0.946585 -0.966398
v 0.868224 -0.946480 -0.965764
v 0.875480 -0.946129 -0.964865
v 0.882549 -0.945550 -0.963721
v 0.889358 -0.944766 -0.962361
v 0.895850 -0.943809 -0.960817
v 0.901986 -0.942715 -0.959123
v 0.907744 -0.941517 -0.957312
v 0.913116 -0.940250 -0.955416
v 0.918104 -0.938955 -0.953452
v 0.922713 -0.937673 -0.951435
v 0.926949 -0.936443 -0.949377
v 0.930821 -0.935302 -0.947290
v 0.934341 -0.934341 -0.945131
v 0.937514 -0.933652 -0.942853
v 0.940352 -0.933377 -0.940352
v 0.853521 -0.951890 -0.962055
v 0.860863 -0.951909 -0.961790
v 0.868202 -0.951669 -0.961259
v 0.875438 -0.951176 -0.960475
v 0.882482 -0.950449 -0.959457
v 0.889261 -0.949512 -0.958233
v 0.895721 -0.948399 -0.956833
v 0.901822 -0.947148 -0.955291
v 0.907542 -0.945793 -0.953640
v 0.912873 -0.944368 -0.951909
v 0.917811 -0.942912 -0.950124
v 0.922358 -0.941459 -0.948307
v 0.926516 -0.940045 -0.946480
v 0.930291 -0.938703 -0.944661
v 0.933652 -0.937515 -0.942852
v 0.936568 -0.936568 -0.941056
v 0.939041 -0.936157 -0.939041
v 0.999824 -0.860708 -0.853521
v 0.999295 -0.867879 -0.853521
v 0.998415 -0.875014 -0.853521
v 0.997185 -0.882098 -0.853521
v 0.995610 -0.889113 -0.853521
v 0.993693 -0.896042 -0.853521
v 0.991437 -0.902868 -0.853521
v 0.988850 -0.909576 -0.853521
v 0.985936 -0.916149 -0.853521
v 0.982704 -0.922571 -0.853521
v 0.979160 -0.928826 -0.853521
v 0.975314 -0.934900 -0.853521
v 0.971174 -0.940778 -0.853521
v 0.966751 -0.946446 -0.853521
v 0.962055 -0.951890 -0.853521
v 0.957097 -0.957097 -0.853521
v 0.999824 -0.853521 -0.860708
v 0.999644 -0.860763 -0.860723
v 0.999101 -0.868030 -0.860730
v 0.998196 -0.875275 -0.860740
v 0.996930 -0.882461 -0.860752
v 0.995312 -0.889562 -0.860768
v 0.993348 -0.896553 -0.860785
v 0.991049 -0.903412 -0.860801
v 0.988425 -0.910122 -0.860816
v 0.985486 -0.916671 -0.860828
v 0.982242 -0.923044 -0.860836
v 0.978706 -0.929226 -0.860843
v 0.974887 -0.935208 -0.860847
v 0.970796 -0.940979 -0.860850
v 0.966445 -0.946530 -0.860853
v 0.961841 -0.951853 -0.860855
v 0.956994 -0.956940 -0.860858
v 0.999295 -0.853521 -0.867879
v 0.999105 -0.860798 -0.867963
v 0.998545 -0.868145 -0.868022
v 0.997612 -0.875485 -0.868067
v 0.996310 -0.882757 -0.868102
v 0.994649 -0.889929 -0.868134
v 0.992642 -0.896964 -0.868161
v 0.990303 -0.903837 -0.868182
v 0.987650 -0.910532 -0.868196
v 0.984692 -0.917040 -0.868202
v 0.981447 -0.923345 -0.868203
v 0.977928 -0.929439 -0.868199
v 0.974149 -0.935313 -0.868193
v 0.970119 -0.940961 -0.868186
v 0.965851 -0.946381 -0.868181
v 0.961352 -0.951571 -0.868181
v 0.956624 -0.956529 -0.868187
v 0.998415 -0.853521 -0.875014
v 0.998204 -0.860823 -0.875193
v 0.997619 -0.868227 -0.875328
v 0.996654 -0.875638 -0.875426
v 0.995315 -0.882980 -0.875494
v 0.993612 -0.890204 -0.875542
v 0.991565 -0.897266 -0.875571
v 0.989195 -0.904137 -0.875583
v 0.986520 -0.910800 -0.875579
v 0.983556 -0.917249 -0.875562
v 0.980322 -0.923472 -0.875535
v 0.976833 -0.929462 -0.875502
v 0.973106 -0.935214 -0.875469
v 0.969152 -0.940729 -0.875438
v 0.964979 -0.946008 -0.875416
v 0.960593 -0.951054 -0.875405
v 0.955994 -0.955875 -0.875411
v 0.997185 -0.853521 -0.882098
v 0.996943 -0.860842 -0.882375
v 0.996325 -0.868282 -0.882592
v 0.995324 -0.875741 -0.882750
v 0.993945 -0.883130 -0.882855
v 0.992204 -0.890386 -0.882915
v 0.990125 -0.897456 -0.882937
v 0.987731 -0.904307 -0.882924
v 0.985047 -0.910922 -0.882885
v 0.982090 -0.917298 -0.882824
v 0.978881 -0.923426 -0.882750
v 0.975439 -0.929300 -0.882671
v 0.971779 -0.934921 -0.882593
v 0.967913 -0.940294 -0.882524
v 0.963847 -0.945424 -0.882472
v 0.959585 -0.950321 -0.882443
v 0.955122 -0.954995 -0.882444
v 0.995610 -0.853521 -0.889113
v 0.995327 -0.860855 -0.889483
v 0.994669 -0.868318 -0.889774
v 0.993629 -0.875803 -0.889984
v 0.992212 -0.883213 -0.890116
v 0.990439 -0.890476 -0.890178
v 0.988336 -0.897534 -0.890179
v 0.985932 -0.904349 -0.890128
v 0.983252 -0.910903 -0.890036
v 0.980317 -0.917195 -0.889914
v 0.977151 -0.923216 -0.889775
v 0.973771 -0.928967 -0.889630
v 0.970194 -0.934450 -0.889491
v 0.966430 -0.939675 -0.889370
v 0.962484 -0.944652 -0.889276
v 0.958354 -0.949394 -0.889220
v 0.954035 -0.953916 -0.889212
v 0.993693 -0.853521 -0.896042
v 0.993364 -0.860865 -0.896488
v 0.992663 -0.868338 -0.896836
v 0.991583 -0.875829 -0.897081
v 0.990134 -0.883239 -0.897224
v 0.988338 -0.890487 -0.897271
v 0.986224 -0.897512 -0.897235
v 0.983822 -0.904275 -0.897129
v 0.981163 -0.910756 -0.896969
v 0.978269 -0.916953 -0.896769
v 0.975163 -0.922860 -0.896547
v 0.971865 -0.928481 -0.896321
v 0.968388 -0.933822 -0.896106
v 0.964740 -0.938896 -0.895918
v 0.960925 -0.943717 -0.895773
v 0.956938 -0.948302 -0.895683
v 0.952769 -0.952669 -0.895661
v 0.991437 -0.853521 -0.902868
v 0.991062 -0.860872 -0.903366
v 0.990319 -0.868345 -0.903747
v 0.989205 -0.875827 -0.904003
v 0.987732 -0.883216 -0.904135
v 0.985925 -0.890430 -0.904148
v 0.983814 -0.897407 -0.904057
v 0.981433 -0.904104 -0.903880
v 0.978813 -0.910501 -0.903635
v 0.975980 -0.916593 -0.903340
v 0.972955 -0.922379 -0.903020
v 0.969757 -0.927865 -0.902697
v 0.966397 -0.933061 -0.902393
v 0.962882 -0.937983 -0.902128
v 0.959209 -0.942648 -0.901921
v 0.955373 -0.947075 -0.901790
v 0.951360 -0.951283 -0.901751
v 0.988850 -0.853521 -0.909576
v 0.988432 -0.860876 -0.910098
v 0.987654 -0.868341 -0.910484
v 0.986515 -0.875802 -0.910725
v 0.985030 -0.883156 -0.910820
v 0.983227 -0.890322 -0.910776
v 0.981137 -0.897236 -0.910611
v 0.978796 -0.903855 -0.910344
v 0.976236 -0.910156 -0.909997
v 0.973486 -0.916136 -0.909592
v 0.970565 -0.921795 -0.909158
v 0.967487 -0.927143 -0.908726
v 0.964263 -0.932194 -0.908321
v 0.960893 -0.936964 -0.907969
v 0.957375 -0.941474 -0.907694
v 0.953699 -0.945744 -0.907517
v 0.949846 -0.949793 -0.907460
v 0.985936 -0.853521 -0.916149
v 0.985485 -0.860878 -0.916668
v 0.984682 -0.868331 -0.917031
v 0.983531 -0.875763 -0.917230
v 0.982051 -0.883071 -0.917263
v 0.980270 -0.890177 -0.917138
v 0.978223 -0.897016 -0.916876
v 0.975944 -0.903546 -0.916499
v 0.973468 -0.909744 -0.916034
v 0.970824 -0.915605 -0.915502
v 0.968029 -0.921133 -0.914943
v 0.965093 -0.926342 -0.914389
v 0.962021 -0.931247 -0.913875
v 0.958812 -0.935867 -0.913429
v 0.955459 -0.940223 -0.913081
v 0.951949 -0.944337 -0.912855
v 0.948261 -0.948226 -0.912778
v 0.982704 -0.853521 -0.922571
v 0.982232 -0.860879 -0.923059
v 0.981420 -0.868316 -0.923372
v 0.980274 -0.875712 -0.923501
v 0.978818 -0.882969 -0.923447
v 0.977080 -0.890008 -0.923220
v 0.975096 -0.896767 -0.922842
v 0.972901 -0.903205 -0.922340
v 0.970530 -0.909297 -0.921742
v 0.968012 -0.915039 -0.921074
v 0.965362 -0.920438 -0.920379
v 0.962584 -0.925508 -0.919696
v 0.959682 -0.930269 -0.919062
v 0.956651 -0.934739 -0.918513
v 0.953480 -0.938940 -0.918081
v 0.950150 -0.942893 -0.917799
v 0.946637 -0.946615 -0.917700
v 0.979160 -0.853521 -0.928826
v 0.978685 -0.860879 -0.929258
v 0.977882 -0.868296 -0.929495
v 0.976764 -0.875655 -0.929530
v 0.975353 -0.882858 -0.929366
v 0.973680 -0.889829 -0.929017
v 0.971779 -0.896509 -0.928509
v 0.969687 -0.902855 -0.927869
v 0.967438 -0.908846 -0.927129
v 0.965063 -0.914474 -0.926317
v 0.962571 -0.919750 -0.925479
v 0.959967 -0.924688 -0.924659
v 0.957252 -0.929307 -0.923896
v 0.954419 -0.933625 -0.923228
v 0.951451 -0.937666 -0.922699
v 0.948322 -0.941449 -0.922351
v 0.945004 -0.944992 -0.922224
v 0.975314 -0.853521 -0.934900
v 0.974856 -0.860877 -0.935252
v 0.974086 -0.868273 -0.935391
v 0.973017 -0.875594 -0.935311
v 0.971674 -0.882745 -0.935019
v 0.970086 -0.889653 -0.934534
v 0.968289 -0.896259 -0.933882
v 0.966316 -0.902521 -0.933096
v 0.964204 -0.908419 -0.932208
v 0.961982 -0.913945 -0.931247
v 0.959660 -0.919108 -0.930261
v 0.957242 -0.923922 -0.929295
v 0.954731 -0.928402 -0.928391
v 0.952121 -0.932568 -0.927586
v 0.949385 -0.936440 -0.926942
v 0.946488 -0.940040 -0.926512
v 0.943390 -0.943383 -0.926353
v 0.971174 -0.853521 -0.940778
v 0.970757 -0.860874 -0.941030
v 0.970042 -0.868248 -0.941054
v 0.969048 -0.875534 -0.940843
v 0.967794 -0.882640 -0.940411
v 0.966312 -0.889492 -0.939779
v 0.964634 -0.896034 -0.938977
v 0.962795 -0.902225 -0.938038
v 0.960830 -0.908044 -0.936997
v 0.958769 -0.913483 -0.935884
v 0.956624 -0.918547 -0.934745
v 0.954405 -0.923248 -0.933626
v 0.952116 -0.927597 -0.932565
v 0.949760 -0.931606 -0.931603
v 0.947293 -0.935301 -0.930819
v 0.944665 -0.938701 -0.930289
v 0.941821 -0.941819 -0.930090
v 0.966751 -0.853521 -0.946446
v 0.966398 -0.860869 -0.946585
v 0.965764 -0.868224 -0.946480
v 0.964865 -0.875480 -0.946129
v 0.963721 -0.882549 -0.945550
v 0.962361 -0.889358 -0.944766
v 0.960817 -0.895850 -0.943809
v 0.959123 -0.901986 -0.942715
v 0.957312 -0.907744 -0.941517
v 0.955416 -0.913116 -0.940250
v 0.953452 -0.918104 -0.938955
v 0.951435 -0.922713 -0.937673
v 0.949377 -0.926949 -0.936443
v 0.947290 -0.930821 -0.935302
v 0.945131 -0.934341 -0.934341
v 0.942853 -0.937514 -0.933652
v 0.940352 -0.940352 -0.933377
v 0.962055 -0.853521 -0.951890
v 0.961790 -0.860863 -0.951909
v 0.961259 -0.868202 -0.951669
v 0.960475 -0.875438 -0.951176
v 0.959457 -0.882482 -0.950449
v 0.958233 -0.889261 -0.949512
v 0.956833 -0.895721 -0.948399
v 0.955291 -0.901822 -0.947148
v 0.953640 -0.907542 -0.945793
v 0.951909 -0.912873 -0.944368
v 0.950124 -0.917811 -0.942912
v 0.948307 -0.922358 -0.941459
v 0.946480 -0.926516 -0.940045
v 0.944661 -0.930291 -0.938703
v 0.942852 -0.933652 -0.937515
v 0.941056 -0.936568 -0.936568
v 0.939041 -0.939041 -0.936157
v 1.000000 0.853521 0.853521
v 0.853521 1.000000 0.853521
v 0.853521 0.853521 1.000000
v 0.999824 0.860708 0.853521
v 0.999295 0.867879 0.853521
v 0.998415 0.875014 0.853521
v 0.997185 0.882098 0.853521
v 0.995610 0.889113 0.853521
v 0.993693 0.896042 0.853521
v 0.991437 0.902868 0.853521
v 0.988850 0.909576 0.853521
v 0.985936 0.916149 0.853521
v 0.982704 0.922571 0.853521
v 0.979160 0.928826 0.853521
v 0.975314 0.934900 0.853521
v 0.971174 0.940778 0.853521
v 0.966751 0.946446 0.853521
v 0.962055 0.951890 0.853521
v 0.957097 0.957097 0.853521
v 0.999824 0.853521 0.860708
v 0.999644 0.860763 0.860723
v 0.999101 0.868030 0.860730
v 0.998196 0.875275 0.860740
v 0.996930 0.882461 0.860752
v 0.995312 0.889562 0.860768
v 0.993348 0.896553 0.860785
v 0.991049 0.903412 0.860801
v 0.988425 0.910122 0.860816
v 0.985486 0.916671 0.860828
v 0.982242 0.923044 0.860836
v 0.978706 0.929226 0.860843
v 0.974887 0.935208 0.860847
v 0.970796 0.940979 0.860850
v 0.966445 0.946530 0.860853
v 0.961841 0.951853 0.860855
v 0.956994 0.956940 0.860858
v 0.999295 0.853521 0.867879
v 0.999105 0.860798 0.867963
v 0.998545 0.868145 0.868022
v 0.997612 0.875485 0.868067
v 0.996310 0.882757 0.868102
v 0.994649 0.889929 0.868134
v 0.992642 0.896964 0.868161
v 0.990303 0.903837 0.868182
v 0.987650 0.910532 0.868196
v 0.984692 0.917040 0.868202
v 0.981447 0.923345 0.868203
v 0.977928 0.929439 0.868199
v 0.974149 0.935313 0.868193
v 0.970119 0.940961 0.868186
v 0.965851 0.946381 0.868181
v 0.961352 0.951571 0.868181
v 0.956624 0.956529 0.868187
v 0.998415 0.853521 0.875014
v 0.998204 0.860823 0.875193
v 0.997619 0.868227 0.875328
v 0.996654 0.875638 0.875426
v 0.995315 0.882980 0.875494
v 0.993612 0.890204 0.875542
v 0.991565 0.897266 0.875571
v 0.989195 0.904137 0.875583
v 0.986520 0.910800 0.875579
v 0.983556 0.917249 0.875562
v 0.980322 0.923472 0.875535
v 0.976833 0.929462 0.875502
v 0.973106 0.935214 0.875469
v 0.969152 0.940729 0.875438
v 0.964979 0.946008 0.875416
v 0.960593 0.951054 0.875405
v 0.955994 0.955875 0.875411
v 0.997185 0.853521 0.882098
v 0.996943 0.860842 0.882375
v 0.996325 0.868282 0.882592
v 0.995324 0.875741 0.882750
v 0.993945 0.883130 0.882855
v 0.992204 0.890386 0.882915
v 0.990125 0.897456 0.882937
v 0.987731 0.904307 0.882924
v 0.985047 0.910922 0.882885
v 0.982090 0.917298 0.882824
v 0.978881 0.923426 0.882750
v 0.975439 0.929300 0.882671
v 0.971779 0.934921 0.882593
v 0.967913 0.940294 0.882524
v 0.963847 0.945424 0.882472
v 0.959585 0.950321 0.882443
v 0.955122 0.954995 0.882444
v 0.995610 0.853521 0.889113
v 0.995327 0.860855 0.889483
v 0.994669 0.868318 0.889774
v 0.993629 0.875803 0.889984
v 0.992212 0.883213 0.890116
v 0.990439 0.890476 0.890178
v 0.988336 0.897534 0.890179
v 0.985932 0.904349 0.890128
v 0.983252 0.910903 0.890036
v 0.980317 0.917195 0.889914
v 0.977151 0.923216 0.889775
v 0.973771 0.928967 0.889630
v 0.970194 0.934450 0.889491
v 0.966430 0.939675 0.889370
v 0.962484 0.944652 0.889276
v 0.958354 0.949394 0.889220
v 0.954035 0.953916 0.889212
v 0.993693 0.853521 0.896042
v 0.993364 0.860865 0.896488
v 0.992663 0.868338 0.896836
v 0.991583 0.875829 0.897081
v 0.990134 0.883239 0.897224
v 0.988338 0.890487 0.897271
v 0.986224 0.897512 0.897235
v 0.983822 0.904275 0.897129
v 0.981163 0.910756 0.896969
v 0.978269 0.916953 0.896769
v 0.975164 0.922860 0.896547
v 0.971865 0.928481 0.896321
v 0.968388 0.933822 0.896106
v 0.964740 0.938896 0.895918
v 0.960925 0.943717 0.895773
v 0.956938 0.948302 0.895683
v 0.952769 0.952669 0.895661
v 0.991437 0.853521 0.902868
v 0.991062 0.860872 0.903366
v 0.990319 0.868345 0.903747
v 0.989205 0.875827 0.904003
v 0.987732 0.883216 0.904135
v 0.985925 0.890430 0.904148
v 0.983814 0.897407 0.904057
v 0.981433 0.904104 0.903880
v 0.978813 0.910501 0.903635
v 0.975980 0.916593 0.903340
v 0.972955 0.922379 0.903020
v 0.969757 0.927865 0.902697
v 0.966397 0.933061 0.902393
v 0.962882 0.937983 0.902128
v 0.959209 0.942648 0.901921
v 0.955373 0.947075 0.901790
v 0.951360 0.951283 0.901751
v 0.988850 0.853521 0.909576
v 0.988432 0.860876 0.910098
v 0.987654 0.868341 0.910484
v 0.986515 0.875802 0.910725
v 0.985030 0.883156 0.910820
v 0.983227 0.890322 0.910776
v 0.981137 0.897236 0.910611
v 0.978796 0.903855 0.910344
v 0.976236 0.910156 0.909997
v 0.973486 0.916136 0.909592
v 0.970565 0.921795 0.909158
v 0.967487 0.927143 0.908726
v 0.964263 0.932194 0.908321
v 0.960893 0.936964 0.907969
v 0.957375 0.941474 0.907694
v 0.953699 0.945744 0.907517
v 0.949846 0.949793 0.907460
v 0.985936 0.853521 0.916149
v 0.985485 0.860878 0.916668
v 0.984682 0.868331 0.917031
v 0.983531 0.875763 0.917230
v 0.982051 0.883071 0.917263
v 0.980270 0.890177 0.917138
v 0.978223 0.897016 0.916876
v 0.975944 0.903546 0.916499
v 0.973468 0.909744 0.916034
v 0.970824 0.915605 0.915502
v 0.968029 0.921133 0.914943
v 0.965093 0.926342 0.914389
v 0.962021 0.931247 0.913875
v 0.958812 0.935867 0.913429
v 0.955459 0.940223 0.913081
v 0.951949 0.944337 0.912855
v 0.948261 0.948226 0.912778
v 0.982704 0.853521 0.922571
v 0.982232 0.860879 0.923059
v 0.981420 0.868316 0.923372
v 0.980274 0.875712 0.923501
v 0.978818 0.882969 0.923447
v 0.977080 0.890008 0.923220
v 0.975096 0.896767 0.922842
v 0.972901 0.903205 0.922340
v 0.970530 0.909297 0.921742
v 0.968012 0.915039 0.921074
v 0.965362 0.920438 0.920379
v 0.962584 0.925508 0.919696
v 0.959682 0.930269 0.919062
v 0.956651 0.934739 0.918513
v 0.953480 0.938940 0.918081
v 0.950150 0.942893 0.917799
v 0.946637 0.946615 0.917700
v 0.979160 0.853521 0.928826
v 0.978685 0.860879 0.929258
v 0.977882 0.868296 0.929495
v 0.976764 0.875655 0.929530
v 0.975353 0.882858 0.929366
v 0.973680 0.889829 0.929017
v 0.971779 0.896509 0.928509
v 0.969687 0.902855 0.927869
v 0.967438 0.908846 0.927129
v 0.965063 0.914474 0.926317
v 0.962571 0.919750 0.925479
v 0.959967 0.924688 0.924659
v 0.957252 0.929307 0.923896
v 0.954419 0.933625 0.923228
v 0.951451 0.937666 0.922699
v 0.948322 0.941449 0.922351
v 0.945004 0.944992 0.922224
v 0.975314 0.853521 0.934900
v 0.974856 0.860877 0.935252
v 0.974086 0.868273 0.935391
v 0.973017 0.875594 0.935311
v 0.971674 0.882745 0.935019
v 0.970086 0.889653 0.934534
v 0.968289 0.896259 0.933882
v 0.966316 0.902521 0.933096
v 0.964204 0.908419 0.932208
v 0.961982 0.913945 0.931247
v 0.959660 0.919108 0.930261
v 0.957242 0.923922 0.929295
v 0.954731 0.928402 0.928391
v 0.952121 0.932568 0.927586
v 0.949385 0.936440 0.926942
v 0.946488 0.940040 0.926512
v 0.943390 0.943383 0.926353
v 0.971174 0.853521 0.940778
v 0.970757 0.860874 0.941030
v 0.970042 0.868248 0.941054
v 0.969048 0.875534 0.940843
v 0.967794 0.882640 0.940411
v 0.966312 0.889492 0.939779
v 0.964634 0.896034 0.938977
v 0.962795 0.902225 0.938038
v 0.960830 0.908044 0.936997
v 0.958769 0.913483 0.935884
v 0.956624 0.918547 0.934745
v 0.954405 0.923248 0.933626
v 0.952116 0.927597 0.932565
v 0.949760 0.931606 0.931603
v 0.947293 0.935301 0.930819
v 0.944665 0.938701 0.930289
v 0.941821 0.941819 0.930090
v 0.966751 0.853521 0.946446
v 0.966398 0.860869 0.946585
v 0.965764 0.868224 0.946480
v 0.964865 0.875480 0.946129
v 0.963721 0.882549 0.945550
v 0.962361 0.889358 0.944766
v 0.960817 0.895850 0.943809
v 0.959123 0.901986 0.942715
v 0.957312 0.907744 0.941517
v 0.955416 0.913116 0.940250
v 0.953452 0.918104 0.938955
v 0.951435 0.922713 0.937673
v 0.949377 0.926949 0.936443
v 0.947290 0.930821 0.935302
v 0.945131 0.934341 0.934341
v 0.942853 0.937514 0.933652
v 0.940352 0.940352 0.933377
v 0.962055 0.853521 0.951890
v 0.961790 0.860863 0.951909
v 0.961259 0.868202 0.951669
v 0.960475 0.875438 0.951176
v 0.959457 0.882482 0.950449
v 0.958233 0.889261 0.949512
v 0.956833 0.895721 0.948399
v 0.955291 0.901822 0.947148
v 0.953640 0.907542 0.945793
v 0.951909 0.912873 0.944368
v 0.950124 0.917811 0.942912
v 0.948307 0.922358 0.941459
v 0.946480 0.926516 0.940045
v 0.944661 0.930291 0.938703
v 0.942852 0.933652 0.937515
v 0.941056 0.936568 0.936568
v 0.939041 0.939041 0.936157
v 0.938091 0.938091 0.938091
v 0.853521 0.999824 0.860708
v 0.853521 0.999295 0.867879
v 0.853521 0.998415 0.875014
v 0.853521 0.997185 0.882098
v 0.853521 0.995610 0.889113
v 0.853521 0.993693 0.896042
v 0.853521 0.991437 0.902868
v 0.853521 0.988850 0.909576
v 0.853521 0.985936 0.916149
v 0.853521 0.982704 0.922571
v 0.853521 0.979160 0.928826
v 0.853521 0.975314 0.934900
v 0.853521 0.971174 0.940778
v 0.853521 0.966751 0.946446
v 0.853521 0.962055 0.951890
v 0.853521 0.957097 0.957097
v 0.860708 0.999824 0.853521
v 0.860723 0.999644 0.860763
v 0.860730 0.999101 0.868030
v 0.860740 0.998196 0.875275
v 0.860752 0.996930 0.882461
v 0.860768 0.995312 0.889562
v 0.860785 0.993348 0.896553
v 0.860801 0.991049 0.903412
v 0.860816 0.988425 0.910122
v 0.860828 0.985486 0.916671
v 0.860836 0.982242 0.923044
v 0.860843 0.978706 0.929226
v 0.860847 0.974887 0.935208
v 0.860850 0.970796 0.940979
v 0.860853 0.966445 0.946530
v 0.860855 0.961841 0.951853
v 0.860858 0.956994 0.956940
v 0.867879 0.999295 0.853521
v 0.867963 0.999105 0.860798
v 0.868022 0.998545 0.868145
v 0.868067 0.997612 0.875485
v 0.868102 0.996310 0.882757
v 0.868134 0.994649 0.889929
v 0.868161 0.992642 0.896964
v 0.868182 0.990303 0.903837
v 0.868196 0.987650 0.910532
v 0.868202 0.984692 0.917040
v 0.868203 0.981447 0.923345
v 0.868199 0.977928 0.929439
v 0.868193 0.974149 0.935313
v 0.868186 0.970119 0.940961
v 0.868181 0.965851 0.946381
v 0.868181 0.961352 0.951571
v 0.868187 0.956624 0.956529
v 0.875014 0.998415 0.853521
v 0.875193 0.998204 0.860823
v 0.875328 0.997619 0.868227
v 0.875426 0.996654 0.875638
v 0.875494 0.995315 0.882980
v 0.875542 0.993612 0.890204
v 0.875571 0.991565 0.897266
v 0.875583 0.989195 0.904137
v 0.875579 0.986520 0.910800
v 0.875562 0.983556 0.917249
v 0.875535 0.980322 0.923472
v 0.875502 0.976833 0.929462
v 0.875469 0.973106 0.935214
v 0.875438 0.969152 0.940729
v 0.875416 0.964979 0.946008
v 0.875405 0.960593 0.951054
v 0.875411 0.955994 0.955875
v 0.882098 0.997185 0.853521
v 0.882375 0.996943 0.860842
v 0.882592 0.996325 0.868282
v 0.882750 0.995324 0.875741
v 0.882855 0.993945 0.883130
v 0.882915 0.992204 0.890386
v 0.882937 0.990125 0.897456
v 0.882924 0.987731 0.904307
v 0.882885 0.985047 0.910922
v 0.882824 0.982090 0.917298
v 0.882750 0.978881 0.923426
v 0.882671 0.975439 0.929300
v 0.882593 0.971779 0.934921
v 0.882524 0.967913 0.940294
v 0.882472 0.963847 0.945424
v 0.882443 0.959585 0.950321
v 0.882444 0.955122 0.954995
v 0.889113 0.995610 0.853521
v 0.889483 0.995327 0.860855
v 0.889774 0.994669 0.868318
v 0.889984 0.993629 0.875803
v 0.890116 0.992212 0.883213
v 0.890178 0.990439 0.890476
v 0.890179 0.988336 0.897534
v 0.890128 0.985932 0.904349
v 0.890036 0.983252 0.910903
v 0.889914 0.980317 0.917195
v 0.889775 0.977151 0.923216
v 0.889630 0.973771 0.928967
v 0.889491 0.970194 0.934450
v 0.889370 0.966430 0.939675
v 0.889276 0.962484 0.944652
v 0.889220 0.958354 0.949394
v 0.889212 0.954035 0.953916
v 0.896042 0.993693 0.853521
v 0.896488 0.993364 0.860865
v 0.896836 0.992663 0.868338
v 0.897081 0.991583 0.875829
v 0.897224 0.990134 0.883239
v 0.897271 0.988338 0.890487
v 0.897235 0.986224 0.897512
v 0.897129 0.983822 0.904275
v 0.896969 0.981163 0.910756
v 0.896769 0.978269 0.916953
v 0.896547 0.975163 0.922860
v 0.896321 0.971865 0.928481
v 0.896106 0.968388 0.933822
v 0.895918 0.964740 0.938896
v 0.895773 0.960925 0.943717
v 0.895683 0.956938 0.948302
v 0.895661 0.952769 0.952669
v 0.902868 0.991437 0.853521
v 0.903366 0.991062 0.860872
v 0.903747 0.990319 0.868345
v 0.904003 0.989205 0.875827
v 0.904135 0.987732 0.883216
v 0.904148 0.985925 0.890430
v 0.904057 0.983814 0.897407
v 0.903880 0.981433 0.904104
v 0.903635 0.978813 0.910501
v 0.903340 0.975980 0.916593
v 0.903020 0.972955 0.922379
v 0.902697 0.969757 0.927865
v 0.902393 0.966397 0.933061
v 0.902128 0.962882 0.937983
v 0.901921 0.959209 0.942648
v 0.901790 0.955373 0.947075
v 0.901751 0.951360 0.951283
v 0.909576 0.988850 0.853521
v 0.910098 0.988432 0.860876
v 0.910484 0.987654 0.868341
v 0.910725 0.986515 0.875802
v 0.910820 0.985030 0.883156
v 0.910776 0.983227 0.890322
v 0.910611 0.981137 0.897236
v 0.910344 0.978796 0.903855
v 0.909997 0.976236 0.910156
v 0.909592 0.973486 0.916136
v 0.909158 0.970565 0.921795
v 0.908726 0.967487 0.927143
v 0.908321 0.964263 0.932194
v 0.907969 0.960893 0.936964
v 0.907694 0.957375 0.941474
v 0.907517 0.953699 0.945744
v 0.907460 0.949846 0.949793
v 0.916149 0.985936 0.853521
v 0.916668 0.985485 0.860878
v 0.917031 0.984682 0.868331
v 0.917230 0.983531 0.875763
v 0.917263 0.982051 0.883071
v 0.917138 0.980270 0.890177
v 0.916876 0.978223 0.897016
v 0.916499 0.975944 0.903546
v 0.916034 0.973468 0.909744
v 0.915502 0.970824 0.915605
v 0.914943 0.968029 0.921133
v 0.914389 0.965093 0.926342
v 0.913875 0.962021 0.931247
v 0.913429 0.958812 0.935867
v 0.913081 0.955459 0.940223
v 0.912855 0.951949 0.944337
v 0.912778 0.948261 0.948226
v 0.922571 0.982704 0.853521
v 0.923059 0.982232 0.860879
v 0.923372 0.981420 0.868316
v 0.923501 0.980274 0.875712
v 0.923447 0.978818 0.882969
v 0.923220 0.977080 0.890008
v 0.922842 0.975096 0.896767
v 0.922340 0.972901 0.903205
v 0.921742 0.970530 0.909297
v 0.921074 0.968012 0.915039
v 0.920379 0.965362 0.920438
v 0.919696 0.962584 0.925508
v 0.919062 0.959682 0.930269
v 0.918513 0.956651 0.934739
v 0.918081 0.953480 0.938940
v 0.917800 0.950150 0.942893
v 0.917700 0.946637 0.946615
v 0.928826 0.979160 0.853521
v 0.929258 0.978685 0.860879
v 0.929495 0.977882 0.868296
v 0.929530 0.976764 0.875655
v 0.929366 0.975353 0.882858
v 0.929017 0.973680 0.889829
v 0.928509 0.971779 0.896509
v 0.927869 0.969687 0.902855
v 0.927129 0.967438 0.908846
v 0.926317 0.965063 0.914474
v 0.925479 0.962571 0.919750
v 0.924659 0.959967 0.924688
v 0.923896 0.957252 0.929307
v 0.923228 0.954419 0.933625
v 0.922699 0.951451 0.937666
v 0.922351 0.948322 0.941449
v 0.922224 0.945004 0.944992
v 0.934900 0.975314 0.853521
v 0.935252 0.974856 0.860877
v 0.935391 0.974086 0.868273
v 0.935311 0.973017 0.875594
v 0.935019 0.971674 0.882745
v 0.934534 0.970086 0.889653
v 0.933882 0.968289 0.896259
v 0.933096 0.966316 0.902521
v 0.932208 0.964204 0.908419
v 0.931247 0.961982 0.913945
v 0.930261 0.959660 0.919108
v 0.929295 0.957242 0.923922
v 0.928391 0.954731 0.928402
v 0.927586 0.952121 0.932568
v 0.926942 0.949385 0.936440
v 0.926512 0.946488 0.940040
v 0.926353 0.943390 0.943383
v 0.940778 0.971174 0.853521
v 0.941030 0.970757 0.860874
v 0.941054 0.970042 0.868248
v 0.940843 0.969048 0.875534
v 0.940411 0.967794 0.882640
v 0.939779 0.966312 0.889492
v 0.938977 0.964634 0.896034
v 0.938038 0.962795 0.902225
v 0.936997 0.960830 0.908044
v 0.935884 0.958769 0.913483
v 0.934745 0.956624 0.918547
v 0.933626 0.954405 0.923248
v 0.932565 0.952116 0.927597
v 0.931603 0.949760 0.931606
v 0.930819 0.947293 0.935301
v 0.930289 0.944665 0.938701
v 0.930090 0.941821 0.941819
v 0.946446 0.966751 0.853521
v 0.946585 0.966398 0.860869
v 0.946480 0.965764 0.868224
v 0.946129 0.964865 0.875480
v 0.945550 0.963721 0.882549
v 0.944766 0.962361 0.889358
v 0.943809 0.960817 0.895850
v 0.942715 0.959123 0.901986
v 0.941517 0.957312 0.907744
v 0.940250 0.955416 0.913116
v 0.938955 0.953452 0.918104
v 0.937673 0.951435 0.922713
v 0.936443 0.949377 0.926949
v 0.935302 0.947290 0.930821
v 0.934341 0.945131 0.934341
v 0.933652 0.942853 0.937514
v 0.933377 0.940352 0.940352
v 0.951890 0.962055 0.853521
v 0.951909 0.961790 0.860863
v 0.951669 0.961259 0.868202
v 0.951176 0.960475 0.875438
v 0.950449 0.959457 0.882482
v 0.949512 0.958233 0.889261
v 0.948399 0.956833 0.895721
v 0.947148 0.955291 0.901822
v 0.945793 0.953640 0.907542
v 0.944368 0.951909 0.912873
v 0.942912 0.950124 0.917811
v 0.941459 0.948307 0.922358
v 0.940045 0.946480 0.926516
v 0.938703 0.944661 0.930291
v 0.937515 0.942852 0.933652
v 0.936568 0.941056 0.936568
v 0.936157 0.939041 0.939041
v 0.860708 0.853521 0.999824
v 0.867879 0.853521 0.999295
v 0.875014 0.853521 0.998415
v 0.882098 0.853521 0.997185
v 0.889113 0.853521 0.995610
v 0.896042 0.853521 0.993693
v 0.902868 0.853521 0.991437
v 0.909576 0.853521 0.988850
v 0.916149 0.853521 0.985936
v 0.922571 0.853521 0.982704
v 0.928826 0.853521 0.979160
v 0.934900 0.853521 0.975314
v 0.940778 0.853521 0.971174
v 0.946446 0.853521 0.966751
v 0.951890 0.853521 0.962055
v 0.957097 0.853521 0.957097
v 0.853521 0.860708 0.999824
v 0.860763 0.860723 0.999644
v 0.868030 0.860730 0.999101
v 0.875275 0.860740 0.998196
v 0.882461 0.860752 0.996930
v 0.889562 0.860768 0.995312
v 0.896553 0.860785 0.993348
v 0.903412 0.860801 0.991049
v 0.910122 0.860816 0.988425
v 0.916671 0.860828 0.985486
v 0.923044 0.860836 0.982242
v 0.929226 0.860843 0.978706
v 0.935208 0.860847 0.974887
v 0.940979 0.860850 0.970796
v 0.946530 0.860853 0.966445
v 0.951853 0.860855 0.961841
v 0.956940 0.860858 0.956994
v 0.853521 0.867879 0.999295
v 0.860798 0.867963 0.999105
v 0.868145 0.868022 0.998545
v 0.875485 0.868067 0.997612
v 0.882757 0.868102 0.996310
v 0.889929 0.868134 0.994649
v 0.896964 0.868161 0.992642
v 0.903837 0.868182 0.990303
v 0.910532 0.868196 0.987650
v 0.917040 0.868202 0.984692
v 0.923345 0.868203 0.981447
v 0.929439 0.868199 0.977928
v 0.935313 0.868193 0.974149
v 0.940961 0.868186 0.970119
v 0.946381 0.868181 0.965851
v 0.951571 0.868181 0.961352
v 0.956529 0.868187 0.956624
v 0.853521 0.875014 0.998415
v 0.860823 0.875193 0.998204
v 0.868227 0.875328 0.997619
v 0.875638 0.875426 0.996654
v 0.882980 0.875494 0.995315
v 0.890204 0.875542 0.993612
v 0.897266 0.875571 0.991565
v 0.904137 0.875583 0.989195
v 0.910800 0.875579 0.986520
v 0.917249 0.875562 0.983556
v 0.923472 0.875535 0.980322
v 0.929462 0.875502 0.976833
v 0.935214 0.875469 0.973106
v 0.940729 0.875438 0.969152
v 0.946008 0.875416 0.964979
v 0.951054 0.875405 0.960593
v 0.955875 0.875411 0.955994
v 0.853521 0.882098 0.997185
v 0.860842 0.882375 0.996943
v 0.868282 0.882592 0.996325
v 0.875741 0.882750 0.995324
v 0.883130 0.882855 0.993945
v 0.890386 0.882915 0.992204
v 0.897456 0.882937 0.990125
v 0.904307 0.882924 0.987731
v 0.910922 0.882885 0.985047
v 0.917298 0.882824 0.982090
v 0.923426 0.882750 0.978881
v 0.929300 0.882671 0.975439
v 0.934921 0.882593 0.971779
v 0.940294 0.882524 0.967913
v 0.945424 0.882472 0.963847
v 0.950321 0.882443 0.959585
v 0.954995 0.882444 0.955122
v 0.853521 0.889113 0.995610
v 0.860855 0.889483 0.995327
v 0.868318 0.889774 0.994669
v 0.875803 0.889984 0.993629
v 0.883213 0.890116 0.992212
v 0.890476 0.890178 0.990439
v 0.897534 0.890179 0.988336
v 0.904349 0.890128 0.985932
v 0.910903 0.890036 0.983252
v 0.917195 0.889914 0.980317
v 0.923216 0.889775 0.977151
v 0.928967 0.889630 0.973771
v 0.934450 0.889491 0.970194
v 0.939675 0.889370 0.966430
v 0.944652 0.889276 0.962484
v 0.949394 0.889220 0.958354
v 0.953916 0.889212 0.954035
v 0.853521 0.896042 0.993693
v 0.860865 0.896488 0.993364
v 0.868338 0.896836 0.992663
v 0.875829 0.897081 0.991583
v 0.883239 0.897224 0.990134
v 0.890487 0.897271 0.988338
v 0.897512 0.897235 0.986224
v 0.904275 0.897129 0.983822
v 0.910756 0.896969 0.981163
v 0.916953 0.896769 0.978269
v 0.922860 0.896547 0.975163
v 0.928481 0.896321 0.971865
v 0.933822 0.896106 0.968388
v 0.938896 0.895918 0.964740
v 0.943717 0.895773 0.960925
v 0.948302 0.895683 0.956938
v 0.952669 0.895661 0.952769
v 0.853521 0.902868 0.991437
v 0.860872 0.903366 0.991062
v 0.868345 0.903747 0.990319
v 0.875827 0.904003 0.989205
v 0.883216 0.904135 0.987732
v 0.890430 0.904148 0.985925
v 0.897407 0.904057 0.983814
v 0.904104 0.903880 0.981433
v 0.910501 0.903635 0.978813
v 0.916593 0.903340 0.975980
v 0.922379 0.903020 0.972955
v 0.927865 0.902697 0.969757
v 0.933061 0.902393 0.966397
v 0.937983 0.902128 0.962882
v 0.942648 0.901921 0.959209
v 0.947075 0.901790 0.955373
v 0.951283 0.901751 0.951360
v 0.853521 0.909576 0.988850
v 0.860876 0.910098 0.988432
v 0.868341 0.910484 0.987654
v 0.875802 0.910725 0.986515
v 0.883156 0.910820 0.985030
v 0.890322 0.910776 0.983227
v 0.897236 0.910611 0.981137
v 0.903855 0.910344 0.978796
v 0.910156 0.909997 0.976236
v 0.916136 0.909592 0.973486
v 0.921795 0.909158 0.970565
v 0.927143 0.908726 0.967487
v 0.932194 0.908321 0.964263
v 0.936964 0.907969 0.960893
v 0.941474 0.907694 0.957375
v 0.945744 0.907517 0.953699
v 0.949793 0.907460 0.949846
v 0.853521 0.916149 0.985936
v 0.860878 0.916668 0.985485
v 0.868331 0.917031 0.984682
v 0.875763 0.917230 0.983531
v 0.883071 0.917263 0.982051
v 0.890177 0.917138 0.980270
v 0.897016 0.916876 0.978223
v 0.903546 0.916499 0.975944
v 0.909744 0.916034 0.973468
v 0.915605 0.915502 0.970824
v 0.921133 0.914943 0.968029
v 0.926342 0.914389 0.965093
v 0.931247 0.913875 0.962021
v 0.935867 0.913429 0.958812
v 0.940223 0.913081 0.955459
v 0.944337 0.912855 0.951949
v 0.948226 0.912778 0.948261
v 0.853521 0.922571 0.982704
v 0.860879 0.923059 0.982232
v 0.868316 0.923372 0.981420
v 0.875712 0.923501 0.980274
v 0.882969 0.923447 0.978818
v 0.890008 0.923220 0.977080
v 0.896767 0.922842 0.975096
v 0.903205 0.922340 0.972901
v 0.909297 0.921742 0.970530
v 0.915039 0.921074 0.968012
v 0.920438 0.920379 0.965362
v 0.925508 0.919696 0.962584
v 0.930269 0.919062 0.959682
v 0.934739 0.918513 0.956651
v 0.938940 0.918081 0.953480
v 0.942893 0.917799 0.950150
v 0.946615 0.917700 0.946637
v 0.853521 0.928826 0.979160
v 0.860879 0.929258 0.978685
v 0.868296 0.929495 0.977882
v 0.875655 0.929530 0.976764
v 0.882858 0.929366 0.975353
v 0.889829 0.929017 0.973680
v 0.896509 0.928509 0.971779
v 0.902855 0.927869 0.969687
v 0.908846 0.927129 0.967438
v 0.914474 0.926317 0.965063
v 0.919750 0.925479 0.962571
v 0.924688 0.924659 0.959967
v 0.929307 0.923896 0.957252
v 0.933625 0.923228 0.954419
v 0.937666 0.922699 0.951451
v 0.941449 0.922351 0.948322
v 0.944992 0.922224 0.945004
v 0.853521 0.934900 0.975314
v 0.860877 0.935252 0.974856
v 0.868273 0.935391 0.974086
v 0.875594 0.935311 0.973017
v 0.882745 0.935019 0.971674
v 0.889653 0.934534 0.970086
v 0.896259 0.933882 0.968289
v 0.902521 0.933096 0.966316
v 0.908419 0.932208 0.964204
v 0.913945 0.931247 0.961982
v 0.919108 0.930261 0.959660
v 0.923922 0.929295 0.957242
v 0.928402 0.928391 0.954731
v 0.932568 0.927586 0.952121
v 0.936440 0.926942 0.949385
v 0.940040 0.926512 0.946488
v 0.943383 0.926353 0.943390
v 0.853521 0.940778 0.971174
v 0.860874 0.941030 0.970757
v 0.868248 0.941054 0.970042
v 0.875534 0.940843 0.969048
v 0.882640 0.940411 0.967794
v 0.889492 0.939779 0.966312
v 0.896034 0.938977 0.964634
v 0.902225 0.938038 0.962795
v 0.908044 0.936997 0.960830
v 0.913483 0.935884 0.958769
v 0.918547 0.934745 0.956624
v 0.923248 0.933626 0.954405
v 0.927597 0.932565 0.952116
v 0.931606 0.931603 0.949760
v 0.935301 0.930819 0.947293
v 0.938701 0.930289 0.944665
v 0.941819 0.930090 0.941821
v 0.853521 0.946446 0.966751
v 0.860869 0.946585 0.966398
v 0.868224 0.946480 0.965764
v 0.875480 0.946129 0.964865
v 0.882549 0.945550 0.963721
v 0.889358 0.944766 0.962361
v 0.895850 0.943809 0.960817
v 0.901986 0.942715 0.959123
v 0.907744 0.941517 0.957312
v 0.913116 0.940250 0.955416
v 0.918104 0.938955 0.953452
v 0.922713 0.937673 0.951435
v 0.926949 0.936443 0.949377
v 0.930821 0.935302 0.947290
v 0.934341 0.934341 0.945131
v 0.937514 0.933652 0.942853
v 0.940352 0.933377 0.940352
v 0.853521 0.951890 0.962055
v 0.860863 0.951909 0.961790
v 0.868202 0.951669 0.961259
v 0.875438 0.951176 0.960475
v 0.882482 0.950449 0.959457
v 0.889261 0.949512 0.958233
v 0.895721 0.948399 0.956833
v 0.901822 0.947148 0.955291
v 0.907542 0.945793 0.953640
v 0.912873 0.944368 0.951909
v 0.917811 0.942912 0.950124
v 0.922358 0.941459 0.948307
v 0.926516 0.940045 0.946480
v 0.930291 0.938703 0.944661
v 0.933652 0.937515 0.942852
v 0.936568 0.936568 0.941056
v 0.939041 0.936157 0.939041
v 1.000000 -0.853521 0.853521
v 0.853521 -0.853521 1.000000
v 0.853521 -1.000000 0.853521
v 0.999824 -0.853521 0.860708
v 0.999295 -0.853521 0.867879
v 0.998415 -0.853521 0.875014
v 0.997185 -0.853521 0.882098
v 0.995610 -0.853521 0.889113
v 0.993693 -0.853521 0.896042
v 0.991437 -0.853521 0.902868
v 0.988850 -0.853521 0.909576
v 0.985936 -0.853521 0.916149
v 0.982704 -0.853521 0.922571
v 0.979160 -0.853521 0.928826
v 0.975314 -0.853521 0.934900
v 0.971174 -0.853521 0.940778
v 0.966751 -0.853521 0.946446
v 0.962055 -0.853521 0.951890
v 0.957097 -0.853521 0.957097
v 0.999824 -0.860708 0.853521
v 0.999644 -0.860723 0.860763
v 0.999101 -0.860730 0.868030
v 0.998196 -0.860740 0.875275
v 0.996930 -0.860752 0.882461
v 0.995312 -0.860768 0.889562
v 0.993348 -0.860785 0.896553
v 0.991049 -0.860801 0.903412
v 0.988425 -0.860816 0.910122
v 0.985486 -0.860828 0.916671
v 0.982242 -0.860836 0.923044
v 0.978706 -0.860843 0.929226
v 0.974887 -0.860847 0.935208
v 0.970796 -0.860850 0.940979
v 0.966445 -0.860853 0.946530
v 0.961841 -0.860855 0.951853
v 0.956994 -0.860858 0.956940
v 0.999295 -0.867879 0.853521
v 0.999105 -0.867963 0.860798
v 0.998545 -0.868022 0.868145
v 0.997612 -0.868067 0.875485
v 0.996310 -0.868102 0.882757
v 0.994649 -0.868134 0.889929
v 0.992642 -0.868161 0.896964
v 0.990303 -0.868182 0.903837
v 0.987650 -0.868196 0.910532
v 0.984692 -0.868202 0.917040
v 0.981447 -0.868203 0.923345
v 0.977928 -0.868199 0.929439
v 0.974149 -0.868193 0.935313
v 0.970119 -0.868186 0.940961
v 0.965851 -0.868181 0.946381
v 0.961352 -0.868181 0.951571
v 0.956624 -0.868187 0.956529
v 0.998415 -0.875014 0.853521
v 0.998204 -0.875193 0.860823
v 0.997619 -0.875328 0.868227
v 0.996654 -0.875426 0.875638
v 0.995315 -0.875494 0.882980
v 0.993612 -0.875542 0.890204
v 0.991565 -0.875571 0.897266
v 0.989195 -0.875583 0.904137
v 0.986520 -0.875579 0.910800
v 0.983556 -0.875562 0.917249
v 0.980322 -0.875535 0.923472
v 0.976833 -0.875502 0.929462
v 0.973106 -0.875469 0.935214
v 0.969152 -0.875438 0.940729
v 0.964979 -0.875416 0.946008
v 0.960593 -0.875405 0.951054
v 0.955994 -0.875411 0.955875
v 0.997185 -0.882098 0.853521
v 0.996943 -0.882375 0.860842
v 0.996325 -0.882592 0.868282
v 0.995324 -0.882750 0.875741
v 0.993945 -0.882855 0.883130
v 0.992204 -0.882915 0.890386
v 0.990125 -0.882937 0.897456
v 0.987731 -0.882924 0.904307
v 0.985047 -0.882885 0.910922
v 0.982090 -0.882824 0.917298
v 0.978881 -0.882750 0.923426
v 0.975439 -0.882671 0.929300
v 0.971779 -0.882593 0.934921
v 0.967913 -0.882524 0.940294
v 0.963847 -0.882472 0.945424
v 0.959585 -0.882443 0.950321
v 0.955122 -0.882444 0.954995
v 0.995610 -0.889113 0.853521
v 0.995327 -0.889483 0.860855
v 0.994669 -0.889774 0.868318
v 0.993629 -0.889984 0.875803
v 0.992212 -0.890116 0.883213
v 0.990439 -0.890178 0.890476
v 0.988336 -0.890179 0.897534
v 0.985932 -0.890128 0.904349
v 0.983252 -0.890036 0.910903
v 0.980317 -0.889914 0.917195
v 0.977151 -0.889775 0.923216
v 0.973771 -0.889630 0.928967
v 0.970194 -0.889491 0.934450
v 0.966430 -0.889370 0.939675
v 0.962484 -0.889276 0.944652
v 0.958354 -0.889220 0.949394
v 0.954035 -0.889212 0.953916
v 0.993693 -0.896042 0.853521
v 0.993364 -0.896488 0.860865
v 0.992663 -0.896836 0.868338
v 0.991583 -0.897081 0.875829
v 0.990134 -0.897224 0.883239
v 0.988338 -0.897271 0.890487
v 0.986224 -0.897235 0.897512
v 0.983822 -0.897129 0.904275
v 0.981163 -0.896969 0.910756
v 0.978269 -0.896769 0.916953
v 0.975164 -0.896547 0.922860
v 0.971865 -0.896321 0.928481
v 0.968388 -0.896106 0.933822
v 0.964740 -0.895918 0.938896
v 0.960925 -0.895773 0.943717
v 0.956938 -0.895683 0.948302
v 0.952769 -0.895661 0.952669
v 0.991437 -0.902868 0.853521
v 0.991062 -0.903366 0.860872
v 0.990319 -0.903747 0.868345
v 0.989205 -0.904003 0.875827
v 0.987732 -0.904135 0.883216
v 0.985925 -0.904148 0.890430
v 0.983814 -0.904057 0.897407
v 0.981433 -0.903880 0.904104
v 0.978813 -0.903635 0.910501
v 0.975980 -0.903340 0.916593
v 0.972955 -0.903020 0.922379
v 0.969757 -0.902697 0.927865
v 0.966397 -0.902393 0.933061
v 0.962882 -0.902128 0.937983
v 0.959209 -0.901921 0.942648
v 0.955373 -0.901790 0.947075
v 0.951360 -0.901751 0.951283
v 0.988850 -0.909576 0.853521
v 0.988432 -0.910098 0.860876
v 0.987654 -0.910484 0.868341
v 0.986515 -0.910725 0.875802
v 0.985030 -0.910820 0.883156
v 0.983227 -0.910776 0.890322
v 0.981137 -0.910611 0.897236
v 0.978796 -0.910344 0.903855
v 0.976236 -0.909997 0.910156
v 0.973486 -0.909592 0.916136
v 0.970565 -0.909158 0.921795
v 0.967487 -0.908726 0.927143
v 0.964263 -0.908321 0.932194
v 0.960893 -0.907969 0.936964
v 0.957375 -0.907694 0.941474
v 0.953699 -0.907517 0.945744
v 0.949846 -0.907460 0.949793
v 0.985936 -0.916149 0.853521
v 0.985485 -0.916668 0.860878
v 0.984682 -0.917031 0.868331
v 0.983531 -0.917230 0.875763
v 0.982051 -0.917263 0.883071
v 0.980270 -0.917138 0.890177
v 0.978223 -0.916876 0.897016
v 0.975944 -0.916499 0.903546
v 0.973468 -0.916034 0.909744
v 0.970824 -0.915502 0.915605
v 0.968029 -0.914943 0.921133
v 0.965093 -0.914389 0.926342
v 0.962021 -0.913875 0.931247
v 0.958812 -0.913429 0.935867
v 0.955459 -0.913081 0.940223
v 0.951949 -0.912855 0.944337
v 0.948261 -0.912778 0.948226
v 0.982704 -0.922571 0.853521
v 0.982232 -0.923059 0.860879
v 0.981420 -0.923372 0.868316
v 0.980274 -0.923501 0.875712
v 0.978818 -0.923447 0.882969
v 0.977080 -0.923220 0.890008
v 0.975096 -0.922842 0.896767
v 0.972901 -0.922340 0.903205
v 0.970530 -0.921742 0.909297
v 0.968012 -0.921074 0.915039
v 0.965362 -0.920379 0.920438
v 0.962584 -0.919696 0.925508
v 0.959682 -0.919062 0.930269
v 0.956651 -0.918513 0.934739
v 0.953480 -0.918081 0.938940
v 0.950150 -0.917799 0.942893
v 0.946637 -0.917700 0.946615
v 0.979160 -0.928826 0.853521
v 0.978685 -0.929258 0.860879
v 0.977882 -0.929495 0.868296
v 0.976764 -0.929530 0.875655
v 0.975353 -0.929366 0.882858
v 0.973680 -0.929017 0.889829
v 0.971779 -0.928509 0.896509
v 0.969687 -0.927869 0.902855
v 0.967438 -0.927129 0.908846
v 0.965063 -0.926317 0.914474
v 0.962571 -0.925479 0.919750
v 0.959967 -0.924659 0.924688
v 0.957252 -0.923896 0.929307
v 0.954419 -0.923228 0.933625
v 0.951451 -0.922699 0.937666
v 0.948322 -0.922351 0.941449
v 0.945004 -0.922224 0.944992
v 0.975314 -0.934900 0.853521
v 0.974856 -0.935252 0.860877
v 0.974086 -0.935391 0.868273
v 0.973017 -0.935311 0.875594
v 0.971674 -0.935019 0.882745
v 0.970086 -0.934534 0.889653
v 0.968289 -0.933882 0.896259
v 0.966316 -0.933096 0.902521
v 0.964204 -0.932208 0.908419
v 0.961982 -0.931247 0.913945
v 0.959660 -0.930261 0.919108
v 0.957242 -0.929295 0.923922
v 0.954731 -0.928391 0.928402
v 0.952121 -0.927586 0.932568
v 0.949385 -0.926942 0.936440
v 0.946488 -0.926512 0.940040
v 0.943390 -0.926353 0.943383
v 0.971174 -0.940778 0.853521
v 0.970757 -0.941030 0.860874
v 0.970042 -0.941054 0.868248
v 0.969048 -0.940843 0.875534
v 0.967794 -0.940411 0.882640
v 0.966312 -0.939779 0.889492
v 0.964634 -0.938977 0.896034
v 0.962795 -0.938038 0.902225
v 0.960830 -0.936997 0.908044
v 0.958769 -0.935884 0.913483
v 0.956624 -0.934745 0.918547
v 0.954405 -0.933626 0.923248
v 0.952116 -0.932565 0.927597
v 0.949760 -0.931603 0.931606
v 0.947293 -0.930819 0.935301
v 0.944665 -0.930289 0.938701
v 0.941821 -0.930090 0.941819
v 0.966751 -0.946446 0.853521
v 0.966398 -0.946585 0.860869
v 0.965764 -0.946480 0.868224
v 0.964865 -0.946129 0.875480
v 0.963721 -0.945550 0.882549
v 0.962361 -0.944766 0.889358
v 0.960817 -0.943809 0.895850
v 0.959123 -0.942715 0.901986
v 0.957312 -0.941517 0.907744
v 0.955416 -0.940250 0.913116
v 0.953452 -0.938955 0.918104
v 0.951435 -0.937673 0.922713
v 0.949377 -0.936443 0.926949
v 0.947290 -0.935302 0.930821
v 0.945131 -0.934341 0.934341
v 0.942853 -0.933652 0.937514
v 0.940352 -0.933377 0.940352
v 0.962055 -0.951890 0.853521
v 0.961790 -0.951909 0.860863
v 0.961259 -0.951669 0.868202
v 0.960475 -0.951176 0.875438
v 0.959457 -0.950449 0.882482
v 0.958233 -0.949512 0.889261
v 0.956833 -0.948399 0.895721
v 0.955291 -0.947148 0.901822
v 0.953640 -0.945793 0.907542
v 0.951909 -0.944368 0.912873
v 0.950124 -0.942912 0.917811
v 0.948307 -0.941459 0.922358
v 0.946480 -0.940045 0.926516
v 0.944661 -0.938703 0.930291
v 0.942852 -0.937515 0.933652
v 0.941056 -0.936568 0.936568
v 0.939041 -0.936157 0.939041
v 0.938091 -0.938091 0.938091
v 0.853521 -0.860708 0.999824
v 0.853521 -0.867879 0.999295
v 0.853521 -0.875014 0.998415
v 0.853521 -0.882098 0.997185
v 0.853521 -0.889113 0.995610
v 0.853521 -0.896042 0.993693
v 0.853521 -0.902868 0.991437
v 0.853521 -0.909576 0.988850
v 0.853521 -0.916149 0.985936
v 0.853521 -0.922571 0.982704
v 0.853521 -0.928826 0.979160
v 0.853521 -0.934900 0.975314
v 0.853521 -0.940778 0.971174
v 0.853521 -0.946446 0.966751
v 0.853521 -0.951890 0.962055
v 0.853521 -0.957097 0.957097
v 0.860708 -0.853521 0.999824
v 0.860723 -0.860763 0.999644
v 0.860730 -0.868030 0.999101
v 0.860740 -0.875275 0.998196
v 0.860752 -0.882461 0.996930
v 0.860768 -0.889562 0.995312
v 0.860785 -0.896553 0.993348
v 0.860801 -0.903412 0.991049
v 0.860816 -0.910122 0.988425
v 0.860828 -0.916671 0.985486
v 0.860836 -0.923044 0.982242
v 0.860843 -0.929226 0.978706
v 0.860847 -0.935208 0.974887
v 0.860850 -0.940979 0.970796
v 0.860853 -0.946530 0.966445
v 0.860855 -0.951853 0.961841
v 0.860858 -0.956940 0.956994
v 0.867879 -0.853521 0.999295
v 0.867963 -0.860798 0.999105
v 0.868022 -0.868145 0.998545
v 0.868067 -0.875485 0.997612
v 0.868102 -0.882757 0.996310
v 0.868134 -0.889929 0.994649
v 0.868161 -0.896964 0.992642
v 0.868182 -0.903837 0.990303
v 0.868196 -0.910532 0.987650
v 0.868202 -0.917040 0.984692
v 0.868203 -0.923345 0.981447
v 0.868199 -0.929439 0.977928
v 0.868193 -0.935313 0.974149
v 0.868186 -0.940961 0.970119
v 0.868181 -0.946381 0.965851
v 0.868181 -0.951571 0.961352
v 0.868187 -0.956529 0.956624
v 0.875014 -0.853521 0.998415
v 0.875193 -0.860823 0.998204
v 0.875328 -0.868227 0.997619
v 0.875426 -0.875638 0.996654
v 0.875494 -0.882980 0.995315
v 0.875542 -0.890204 0.993612
v 0.875571 -0.897266 0.991565
v 0.875583 -0.904137 0.989195
v 0.875579 -0.910800 0.986520
v 0.875562 -0.917249 0.983556
v 0.875535 -0.923472 0.980322
v 0.875502 -0.929462 0.976833
v 0.875469 -0.935214 0.973106
v 0.875438 -0.940729 0.969152
v 0.875416 -0.946008 0.964979
v 0.875405 -0.951054 0.960593
v 0.875411 -0.955875 0.955994
v 0.882098 -0.853521 0.997185
v 0.882375 -0.860842 0.996943
v 0.882592 -0.868282 0.996325
v 0.882750 -0.875741 0.995324
v 0.882855 -0.883130 0.993945
v 0.882915 -0.890386 0.992204
v 0.882937 -0.897456 0.990125
v 0.882924 -0.904307 0.987731
v 0.882885 -0.910922 0.985047
v 0.882824 -0.917298 0.982090
v 0.882750 -0.923426 0.978881
v 0.882671 -0.929300 0.975439
v 0.882593 -0.934921 0.971779
v 0.882524 -0.940294 0.967913
v 0.882472 -0.945424 0.963847
v 0.882443 -0.950321 0.959585
v 0.882444 -0.954995 0.955122
v 0.889113 -0.853521 0.995610
v 0.889483 -0.860855 0.995327
v 0.889774 -0.868318 0.994669
v 0.889984 -0.875803 0.993629
v 0.890116 -0.883213 0.992212
v 0.890178 -0.890476 0.990439
v 0.890179 -0.897534 0.988336
v 0.890128 -0.904349 0.985932
v 0.890036 -0.910903 0.983252
v 0.889914 -0.917195 0.980317
v 0.889775 -0.923216 0.977151
v 0.889630 -0.928967 0.973771
v 0.889491 -0.934450 0.970194
v 0.889370 -0.939675 0.966430
v 0.889276 -0.944652 0.962484
v 0.889220 -0.949394 0.958354
v 0.889212 -0.953916 0.954035
v 0.896042 -0.853521 0.993693
v 0.896488 -0.860865 0.993364
v 0.896836 -0.868338 0.992663
v 0.897081 -0.875829 0.991583
v 0.897224 -0.883239 0.990134
v 0.897271 -0.890487 0.988338
v 0.897235 -0.897512 0.986224
v 0.897129 -0.904275 0.983822
v 0.896969 -0.910756 0.981163
v 0.896769 -0.916953 0.978269
v 0.896547 -0.922860 0.975163
v 0.896321 -0.928481 0.971865
v 0.896106 -0.933822 0.968388
v 0.895918 -0.938896 0.964740
v 0.895773 -0.943717 0.960925
v 0.895683 -0.948302 0.956938
v 0.895661 -0.952669 0.952769
v 0.902868 -0.853521 0.991437
v 0.903366 -0.860872 0.991062
v 0.903747 -0.868345 0.990319
v 0.904003 -0.875827 0.989205
v 0.904135 -0.883216 0.987732
v 0.904148 -0.890430 0.985925
v 0.904057 -0.897407 0.983814
v 0.903880 -0.904104 0.981433
v 0.903635 -0.910501 0.978813
v 0.903340 -0.916593 0.975980
v 0.903020 -0.922379 0.972955
v 0.902697 -0.927865 0.969757
v 0.902393 -0.933061 0.966397
v 0.902128 -0.937983 0.962882
v 0.901921 -0.942648 0.959209
v 0.901790 -0.947075 0.955373
v 0.901751 -0.951283 0.951360
v 0.909576 -0.853521 0.988850
v 0.910098 -0.860876 0.988432
v 0.910484 -0.868341 0.987654
v 0.910725 -0.875802 0.986515
v 0.910820 -0.883156 0.985030
v 0.910776 -0.890322 0.983227
v 0.910611 -0.897236 0.981137
v 0.910344 -0.903855 0.978796
v 0.909997 -0.910156 0.976236
v 0.909592 -0.916136 0.973486
v 0.909158 -0.921795 0.970565
v 0.908726 -0.927143 0.967487
v 0.908321 -0.932194 0.964263
v 0.907969 -0.936964 0.960893
v 0.907694 -0.941474 0.957375
v 0.907517 -0.945744 0.953699
v 0.907460 -0.949793 0.949846
v 0.916149 -0.853521 0.985936
v 0.916668 -0.860878 0.985485
v 0.917031 -0.868331 0.984682
v 0.917230 -0.875763 0.983531
v 0.917263 -0.883071 0.982051
v 0.917138 -0.890177 0.980270
v 0.916876 -0.897016 0.978223
v 0.916499 -0.903546 0.975944
v 0.916034 -0.909744 0.973468
v 0.915502 -0.915605 0.970824
v 0.914943 -0.921133 0.968029
v 0.914389 -0.926342 0.965093
v 0.913875 -0.931247 0.962021
v 0.913429 -0.935867 0.958812
v 0.913081 -0.940223 0.955459
v 0.912855 -0.944337 0.951949
v 0.912778 -0.948226 0.948261
v 0.922571 -0.853521 0.982704
v 0.923059 -0.860879 0.982232
v 0.923372 -0.868316 0.981420
v 0.923501 -0.875712 0.980274
v 0.923447 -0.882969 0.978818
v 0.923220 -0.890008 0.977080
v 0.922842 -0.896767 0.975096
v 0.922340 -0.903205 0.972901
v 0.921742 -0.909297 0.970530
v 0.921074 -0.915039 0.968012
v 0.920379 -0.920438 0.965362
v 0.919696 -0.925508 0.962584
v 0.919062 -0.930269 0.959682
v 0.918513 -0.934739 0.956651
v 0.918081 -0.938940 0.953480
v 0.917800 -0.942893 0.950150
v 0.917700 -0.946615 0.946637
v 0.928826 -0.853521 0.979160
v 0.929258 -0.860879 0.978685
v 0.929495 -0.868296 0.977882
v 0.929530 -0.875655 0.976764
v 0.929366 -0.882858 0.975353
v 0.929017 -0.889829 0.973680
v 0.928509 -0.896509 0.971779
v 0.927869 -0.902855 0.969687
v 0.927129 -0.908846 0.967438
v 0.926317 -0.914474 0.965063
v 0.925479 -0.919750 0.962571
v 0.924659 -0.924688 0.959967
v 0.923896 -0.929307 0.957252
v 0.923228 -0.933625 0.954419
v 0.922699 -0.937666 0.951451
v 0.922351 -0.941449 0.948322
v 0.922224 -0.944992 0.945004
v 0.934900 -0.853521 0.975314
v 0.935252 -0.860877 0.974856
v 0.935391 -0.868273 0.974086
v 0.935311 -0.875594 0.973017
v 0.935019 -0.882745 0.971674
v 0.934534 -0.889653 0.970086
v 0.933882 -0.896259 0.968289
v 0.933096 -0.902521 0.966316
v 0.932208 -0.908419 0.964204
v 0.931247 -0.913945 0.961982
v 0.930261 -0.919108 0.959660
v 0.929295 -0.923922 0.957242
v 0.928391 -0.928402 0.954731
v 0.927586 -0.932568 0.952121
v 0.926942 -0.936440 0.949385
v 0.926512 -0.940040 0.946488
v 0.926353 -0.943383 0.943390
v 0.940778 -0.853521 0.971174
v 0.941030 -0.860874 0.970757
v 0.941054 -0.868248 0.970042
v 0.940843 -0.875534 0.969048
v 0.940411 -0.882640 0.967794
v 0.939779 -0.889492 0.966312
v 0.938977 -0.896034 0.964634
v 0.938038 -0.902225 0.962795
v 0.936997 -0.908044 0.960830
v 0.935884 -0.913483 0.958769
v 0.934745 -0.918547 0.956624
v 0.933626 -0.923248 0.954405
v 0.932565 -0.927597 0.952116
v 0.931603 -0.931606 0.949760
v 0.930819 -0.935301 0.947293
v 0.930289 -0.938701 0.944665
v 0.930090 -0.941819 0.941821
v 0.946446 -0.853521 0.966751
v 0.946585 -0.860869 0.966398
v 0.946480 -0.868224 0.965764
v 0.946129 -0.875480 0.964865
v 0.945550 -0.882549 0.963721
v 0.944766 -0.889358 0.962361
v 0.943809 -0.895850 0.960817
v 0.942715 -0.901986 0.959123
v 0.941517 -0.907744 0.957312
v 0.940250 -0.913116 0.955416
v 0.938955 -0.918104 0.953452
v 0.937673 -0.922713 0.951435
v 0.936443 -0.926949 0.949377
v 0.935302 -0.930821 0.947290
v 0.934341 -0.934341 0.945131
v 0.933652 -0.937514 0.942853
v 0.933377 -0.940352 0.940352
v 0.951890 -0.853521 0.962055
v 0.951909 -0.860863 0.961790
v 0.951669 -0.868202 0.961259
v 0.951176 -0.875438 0.960475
v 0.950449 -0.882482 0.959457
v 0.949512 -0.889261 0.958233
v 0.948399 -0.895721 0.956833
v 0.947148 -0.901822 0.955291
v 0.945793 -0.907542 0.953640
v 0.944368 -0.912873 0.951909
v 0.942912 -0.917811 0.950124
v 0.941459 -0.922358 0.948307
v 0.940045 -0.926516 0.946480
v 0.938703 -0.930291 0.944661
v 0.937515 -0.933652 0.942852
v 0.936568 -0.936568 0.941056
v 0.936157 -0.939041 0.939041
v 0.860708 -0.999824 0.853521
v 0.867879 -0.999295 0.853521
v 0.875014 -0.998415 0.853521
v 0.882098 -0.997185 0.853521
v 0.889113 -0.995610 0.853521
v 0.896042 -0.993693 0.853521
v 0.902868 -0.991437 0.853521
v 0.909576 -0.988850 0.853521
v 0.916149 -0.985936 0.853521
v 0.922571 -0.982704 0.853521
v 0.928826 -0.979160 0.853521
v 0.934900 -0.975314 0.853521
v 0.940778 -0.971174 0.853521
v 0.946446 -0.966751 0.853521
v 0.951890 -0.962055 0.853521
v 0.957097 -0.957097 0.853521
v 0.853521 -0.999824 0.860708
v 0.860763 -0.999644 0.860723
v 0.868030 -0.999101 0.860730
v 0.875275 -0.998196 0.860740
v 0.882461 -0.996930 0.860752
v 0.889562 -0.995312 0.860768
v 0.896553 -0.993348 0.860785
v 0.903412 -0.991049 0.860801
v 0.910122 -0.988425 0.860816
v 0.916671 -0.985486 0.860828
v 0.923044 -0.982242 0.860836
v 0.929226 -0.978706 0.860843
v 0.935208 -0.974887 0.860847
v 0.940979 -0.970796 0.860850
v 0.946530 -0.966445 0.860853
v 0.951853 -0.961841 0.860855
v 0.956940 -0.956994 0.860858
v 0.853521 -0.999295 0.867879
v 0.860798 -0.999105 0.867963
v 0.868145 -0.998545 0.868022
v 0.875485 -0.997612 0.868067
v 0.882757 -0.996310 0.868102
v 0.889929 -0.994649 0.868134
v 0.896964 -0.992642 0.868161
v 0.903837 -0.990303 0.868182
v 0.910532 -0.987650 0.868196
v 0.917040 -0.984692 0.868202
v 0.923345 -0.981447 0.868203
v 0.929439 -0.977928 0.868199
v 0.935313 -0.974149 0.868193
v 0.940961 -0.970119 0.868186
v 0.946381 -0.965851 0.868181
v 0.951571 -0.961352 0.868181
v 0.956529 -0.956624 0.868187
v 0.853521 -0.998415 0.875014
v 0.860823 -0.998204 0.875193
v 0.868227 -0.997619 0.875328
v 0.875638 -0.996654 0.875426
v 0.882980 -0.995315 0.875494
v 0.890204 -0.993612 0.875542
v 0.897266 -0.991565 0.875571
v 0.904137 -0.989195 0.875583
v 0.910800 -0.986520 0.875579
v 0.917249 -0.983556 0.875562
v 0.923472 -0.980322 0.875535
v 0.929462 -0.976833 0.875502
v 0.935214 -0.973106 0.875469
v 0.940729 -0.969152 0.875438
v 0.946008 -0.964979 0.875416
v 0.951054 -0.960593 0.875405
v 0.955875 -0.955994 0.875411
v 0.853521 -0.997185 0.882098
v 0.860842 -0.996943 0.882375
v 0.868282 -0.996325 0.882592
v 0.875741 -0.995324 0.882750
v 0.883130 -0.993945 0.882855
v 0.890386 -0.992204 0.882915
v 0.897456 -0.990125 0.882937
v 0.904307 -0.987731 0.882924
v 0.910922 -0.985047 0.882885
v 0.917298 -0.982090 0.882824
v 0.923426 -0.978881 0.882750
v 0.929300 -0.975439 0.882671
v 0.934921 -0.971779 0.882593
v 0.940294 -0.967913 0.882524
v 0.945424 -0.963847 0.882472
v 0.950321 -0.959585 0.882443
v 0.954995 -0.955122 0.882444
v 0.853521 -0.995610 0.889113
v 0.860855 -0.995327 0.889483
v 0.868318 -0.994669 0.889774
v 0.875803 -0.993629 0.889984
v 0.883213 -0.992212 0.890116
v 0.890476 -0.990439 0.890178
v 0.897534 -0.988336 0.890179
v 0.904349 -0.985932 0.890128
v 0.910903 -0.983252 0.890036
v 0.917195 -0.980317 0.889914
v 0.923216 -0.977151 0.889775
v 0.928967 -0.973771 0.889630
v 0.934450 -0.970194 0.889491
v 0.939675 -0.966430 0.889370
v 0.944652 -0.962484 0.889276
v 0.949394 -0.958354 0.889220
v 0.953916 -0.954035 0.889212
v 0.853521 -0.993693 0.896042
v 0.860865 -0.993364 0.896488
v 0.868338 -0.992663 0.896836
v 0.875829 -0.991583 0.897081
v 0.883239 -0.990134 0.897224
v 0.890487 -0.988338 0.897271
v 0.897512 -0.986224 0.897235
v 0.904275 -0.983822 0.897129
v 0.910756 -0.981163 0.896969
v 0.916953 -0.978269 0.896769
v 0.922860 -0.975163 0.896547
v 0.928481 -0.971865 0.896321
v 0.933822 -0.968388 0.896106
v 0.938896 -0.964740 0.895918
v 0.943717 -0.960925 0.895773
v 0.948302 -0.956938 0.895683
v 0.952669 -0.952769 0.895661
v 0.853521 -0.991437 0.902868
v 0.860872 -0.991062 0.903366
v 0.868345 -0.990319 0.903747
v 0.875827 -0.989205 0.904003
v 0.883216 -0.987732 0.904135
v 0.890430 -0.985925 0.904148
v 0.897407 -0.983814 0.904057
v 0.904104 -0.981433 0.903880
v 0.910501 -0.978813 0.903635
v 0.916593 -0.975980 0.903340
v 0.922379 -0.972955 0.903020
v 0.927865 -0.969757 0.902697
v 0.933061 -0.966397 0.902393
v 0.937983 -0.962882 0.902128
v 0.942648 -0.959209 0.901921
v 0.947075 -0.955373 0.901790
v 0.951283 -0.951360 0.901751
v 0.853521 -0.988850 0.909576
v 0.860876 -0.988432 0.910098
v 0.868341 -0.987654 0.910484
v 0.875802 -0.986515 0.910725
v 0.883156 -0.985030 0.910820
v 0.890322 -0.983227 0.910776
v 0.897236 -0.981137 0.910611
v 0.903855 -0.978796 0.910344
v 0.910156 -0.976236 0.909997
v 0.916136 -0.973486 0.909592
v 0.921795 -0.970565 0.909158
v 0.927143 -0.967487 0.908726
v 0.932194 -0.964263 0.908321
v 0.936964 -0.960893 0.907969
v 0.941474 -0.957375 0.907694
v 0.945744 -0.953699 0.907517
v 0.949793 -0.949846 0.907460
v 0.853521 -0.985936 0.916149
v 0.860878 -0.985485 0.916668
v 0.868331 -0.984682 0.917031
v 0.875763 -0.983531 0.917230
v 0.883071 -0.982051 0.917263
v 0.890177 -0.980270 0.917138
v 0.897016 -0.978223 0.916876
v 0.903546 -0.975944 0.916499
v 0.909744 -0.973468 0.916034
v 0.915605 -0.970824 0.915502
v 0.921133 -0.968029 0.914943
v 0.926342 -0.965093 0.914389
v 0.931247 -0.962021 0.913875
v 0.935867 -0.958812 0.913429
v 0.940223 -0.955459 0.913081
v 0.944337 -0.951949 0.912855
v 0.948226 -0.948261 0.912778
v 0.853521 -0.982704 0.922571
v 0.860879 -0.982232 0.923059
v 0.868316 -0.981420 0.923372
v 0.875712 -0.980274 0.923501
v 0.882969 -0.978818 0.923447
v 0.890008 -0.977080 0.923220
v 0.896767 -0.975096 0.922842
v 0.903205 -0.972901 0.922340
v 0.909297 -0.970530 0.921742
v 0.915039 -0.968012 0.921074
v 0.920438 -0.965362 0.920379
v 0.925508 -0.962584 0.919696
v 0.930269 -0.959682 0.919062
v 0.934739 -0.956651 0.918513
v 0.938940 -0.953480 0.918081
v 0.942893 -0.950150 0.917799
v 0.946615 -0.946637 0.917700
v 0.853521 -0.979160 0.928826
v 0.860879 -0.978685 0.929258
v 0.868296 -0.977882 0.929495
v 0.875655 -0.976764 0.929530
v 0.882858 -0.975353 0.929366
v 0.889829 -0.973680 0.929017
v 0.896509 -0.971779 0.928509
v 0.902855 -0.969687 0.927869
v 0.908846 -0.967438 0.927129
v 0.914474 -0.965063 0.926317
v 0.919750 -0.962571 0.925479
v 0.924688 -0.959967 0.924659
v 0.929307 -0.957252 0.923896
v 0.933625 -0.954419 0.923228
v 0.937666 -0.951451 0.922699
v 0.941449 -0.948322 0.922351
v 0.944992 -0.945004 0.922224
v 0.853521 -0.975314 0.934900
v 0.860877 -0.974856 0.935252
v 0.868273 -0.974086 0.935391
v 0.875594 -0.973017 0.935311
v 0.882745 -0.971674 0.935019
v 0.889653 -0.970086 0.934534
v 0.896259 -0.968289 0.933882
v 0.902521 -0.966316 0.933096
v 0.908419 -0.964204 0.932208
v 0.913945 -0.961982 0.931247
v 0.919108 -0.959660 0.930261
v 0.923922 -0.957242 0.929295
v 0.928402 -0.954731 0.928391
v 0.932568 -0.952121 0.927586
v 0.936440 -0.949385 0.926942
v 0.940040 -0.946488 0.926512
v 0.943383 -0.943390 0.926353
v 0.853521 -0.971174 0.940778
v 0.860874 -0.970757 0.941030
v 0.868248 -0.970042 0.941054
v 0.875534 -0.969048 0.940843
v 0.882640 -0.967794 0.940411
v 0.889492 -0.966312 0.939779
v 0.896034 -0.964634 0.938977
v 0.902225 -0.962795 0.938038
v 0.908044 -0.960830 0.936997
v 0.913483 -0.958769 0.935884
v 0.918547 -0.956624 0.934745
v 0.923248 -0.954405 0.933626
v 0.927597 -0.952116 0.932565
v 0.931606 -0.949760 0.931603
v 0.935301 -0.947293 0.930819
v 0.938701 -0.944665 0.930289
v 0.941819 -0.941821 0.930090
v 0.853521 -0.966751 0.946446
v 0.860869 -0.966398 0.946585
v 0.868224 -0.965764 0.946480
v 0.875480 -0.964865 0.946129
v 0.882549 -0.963721 0.945550
v 0.889358 -0.962361 0.944766
v 0.895850 -0.960817 0.943809
v 0.901986 -0.959123 0.942715
v 0.907744 -0.957312 0.941517
v 0.913116 -0.955416 0.940250
v 0.918104 -0.953452 0.938955
v 0.922713 -0.951435 0.937673
v 0.926949 -0.949377 0.936443
v 0.930821 -0.947290 0.935302
v 0.934341 -0.945131 0.934341
v 0.937514 -0.942853 0.933652
v 0.940352 -0.940352 0.933377
v 0.853521 -0.962055 0.951890
v 0.860863 -0.961790 0.951909
v 0.868202 -0.961259 0.951669
v 0.875438 -0.960475 0.951176
v 0.882482 -0.959457 0.950449
v 0.889261 -0.958233 0.949512
v 0.895721 -0.956833 0.948399
v 0.901822 -0.955291 0.947148
v 0.907542 -0.953640 0.945793
v 0.912873 -0.951909 0.944368
v 0.917811 -0.950124 0.942912
v 0.922358 -0.948307 0.941459
v 0.926516 -0.946480 0.940045
v 0.930291 -0.944661 0.938703
v 0.933652 -0.942852 0.937515
v 0.936568 -0.941056 0.936568
v 0.939041 -0.939041 0.936157
v -0.853521 0.853521 -1.000000
v -1.000000 0.853521 -0.853521
v -0.853521 1.000000 -0.853521
v -0.860708 0.853521 -0.999824
v -0.867879 0.853521 -0.999295
v -0.875014 0.853521 -0.998415
v -0.882098 0.853521 -0.997185
v -0.889113 0.853521 -0.995610
v -0.896042 0.853521 -0.993693
v -0.902868 0.853521 -0.991437
v -0.909576 0.853521 -0.988850
v -0.916149 0.853521 -0.985936
v -0.922571 0.853521 -0.982704
v -0.928826 0.853521 -0.979160
v -0.934900 0.853521 -0.975314
v -0.940778 0.853521 -0.971174
v -0.946446 0.853521 -0.966751
v -0.951890 0.853521 -0.962055
v -0.957097 0.853521 -0.957097
v -0.853521 0.860708 -0.999824
v -0.860763 0.860723 -0.999644
v -0.868030 0.860730 -0.999101
v -0.875275 0.860740 -0.998196
v -0.882461 0.860752 -0.996930
v -0.889562 0.860768 -0.995312
v -0.896553 0.860785 -0.993348
v -0.903412 0.860801 -0.991049
v -0.910122 0.860816 -0.988425
v -0.916671 0.860828 -0.985486
v -0.923044 0.860836 -0.982242
v -0.929226 0.860843 -0.978706
v -0.935208 0.860847 -0.974887
v -0.940979 0.860850 -0.970796
v -0.946530 0.860853 -0.966445
v -0.951853 0.860855 -0.961841
v -0.956940 0.860858 -0.956994
v -0.853521 0.867879 -0.999295
v -0.860798 0.867963 -0.999105
v -0.868145 0.868022 -0.998545
v -0.875485 0.868067 -0.997612
v -0.882757 0.868102 -0.996310
v -0.889929 0.868134 -0.994649
v -0.896964 0.868161 -0.992642
v -0.903837 0.868182 -0.990303
v -0.910532 0.868196 -0.987650
v -0.917040 0.868202 -0.984692
v -0.923345 0.868203 -0.981447
v -0.929439 0.868199 -0.977928
v -0.935313 0.868193 -0.974149
v -0.940961 0.868186 -0.970119
v -0.946381 0.868181 -0.965851
v -0.951571 0.868181 -0.961352
v -0.956529 0.868187 -0.956624
v -0.853521 0.875014 -0.998415
v -0.860823 0.875193 -0.998204
v -0.868227 0.875328 -0.997619
v -0.875638 0.875426 -0.996654
v -0.882980 0.875494 -0.995315
v -0.890204 0.875542 -0.993612
v -0.897266 0.875571 -0.991565
v -0.904137 0.875583 -0.989195
v -0.910800 0.875579 -0.986520
v -0.917249 0.875562 -0.983556
v -0.923472 0.875535 -0.980322
v -0.929462 0.875502 -0.976833
v -0.935214 0.875469 -0.973106
v -0.940729 0.875438 -0.969152
v -0.946008 0.875416 -0.964979
v -0.951054 0.875405 -0.960593
v -0.955875 0.875411 -0.955994
v -0.853521 0.882098 -0.997185
v -0.860842 0.882375 -0.996943
v -0.868282 0.882592 -0.996325
v -0.875741 0.882750 -0.995324
v -0.883130 0.882855 -0.993945
v -0.890386 0.882915 -0.992204
v -0.897456 0.882937 -0.990125
v -0.904307 0.882924 -0.987731
v -0.910922 0.882885 -0.985047
v -0.917298 0.882824 -0.982090
v -0.923426 0.882750 -0.978881
v -0.929300 0.882671 -0.975439
v -0.934921 0.882593 -0.971779
v -0.940294 0.882524 -0.967913
v -0.945424 0.882472 -0.963847
v -0.950321 0.882443 -0.959585
v -0.954995 0.882444 -0.955122
v -0.853521 0.889113 -0.995610
v -0.860855 0.889483 -0.995327
v -0.868318 0.889774 -0.994669
v -0.875803 0.889984 -0.993629
v -0.883213 0.890116 -0.992212
v -0.890476 0.890178 -0.990439
v -0.897534 0.890179 -0.988336
v -0.904349 0.890128 -0.985932
v -0.910903 0.890036 -0.983252
v -0.917195 0.889914 -0.980317
v -0.923216 0.889775 -0.977151
v -0.928967 0.889630 -0.973771
v -0.934450 0.889491 -0.970194
v -0.939675 0.889370 -0.966430
v -0.944652 0.889276 -0.962484
v -0.949394 0.889220 -0.958354
v -0.953916 0.889212 -0.954035
v -0.853521 0.896042 -0.993693
v -0.860865 0.896488 -0.993364
v -0.868338 0.896836 -0.992663
v -0.875829 0.897081 -0.991583
v -0.883239 0.897224 -0.990134
v -0.890487 0.897271 -0.988338
v -0.897512 0.897235 -0.986224
v -0.904275 0.897129 -0.983822
v -0.910756 0.896969 -0.981163
v -0.916953 0.896769 -0.978269
v -0.922860 0.896547 -0.975164
v -0.928481 0.896321 -0.971865
v -0.933822 0.896106 -0.968388
v -0.938896 0.895918 -0.964740
v -0.943717 0.895773 -0.960925
v -0.948302 0.895683 -0.956938
v -0.952669 0.895661 -0.952769
v -0.853521 0.902868 -0.991437
v -0.860872 0.903366 -0.991062
v -0.868345 0.903747 -0.990319
v -0.875827 0.904003 -0.989205
v -0.883216 0.904135 -0.987732
v -0.890430 0.904148 -0.985925
v -0.897407 0.904057 -0.983814
v -0.904104 0.903880 -0.981433
v -0.910501 0.903635 -0.978813
v -0.916593 0.903340 -0.975980
v -0.922379 0.903020 -0.972955
v -0.927865 0.902697 -0.969757
v -0.933061 0.902393 -0.966397
v -0.937983 0.902128 -0.962882
v -0.942648 0.901921 -0.959209
v -0.947075 0.901790 -0.955373
v -0.951283 0.901751 -0.951360
v -0.853521 0.909576 -0.988850
v -0.860876 0.910098 -0.988432
v -0.868341 0.910484 -0.987654
v -0.875802 0.910725 -0.986515
v -0.883156 0.910820 -0.985030
v -0.890322 0.910776 -0.983227
v -0.897236 0.910611 -0.981137
v -0.903855 0.910344 -0.978796
v -0.910156 0.909997 -0.976236
v -0.916136 0.909592 -0.973486
v -0.921795 0.909158 -0.970565
v -0.927143 0.908726 -0.967487
v -0.932194 0.908321 -0.964263
v -0.936964 0.907969 -0.960893
v -0.941474 0.907694 -0.957375
v -0.945744 0.907517 -0.953699
v -0.949793 0.907460 -0.949846
v -0.853521 0.916149 -0.985936
v -0.860878 0.916668 -0.985485
v -0.868331 0.917031 -0.984682
v -0.875763 0.917230 -0.983531
v -0.883071 0.917263 -0.982051
v -0.890177 0.917138 -0.980270
v -0.897016 0.916876 -0.978223
v -0.903546 0.916499 -0.975944
v -0.909744 0.916034 -0.973468
v -0.915605 0.915502 -0.970824
v -0.921133 0.914943 -0.968029
v -0.926342 0.914389 -0.965093
v -0.931247 0.913875 -0.962021
v -0.935867 0.913429 -0.958812
v -0.940223 0.913081 -0.955459
v -0.944337 0.912855 -0.951949
v -0.948226 0.912778 -0.948261
v -0.853521 0.922571 -0.982704
v -0.860879 0.923059 -0.982232
v -0.868316 0.923372 -0.981420
v -0.875712 0.923501 -0.980274
v -0.882969 0.923447 -0.978818
v -0.890008 0.923220 -0.977080
v -0.896767 0.922842 -0.975096
v -0.903205 0.922340 -0.972901
v -0.909297 0.921742 -0.970530
v -0.915039 0.921074 -0.968012
v -0.920438 0.920379 -0.965362
v -0.925508 0.919696 -0.962584
v -0.930269 0.919062 -0.959682
v -0.934739 0.918513 -0.956651
v -0.938940 0.918081 -0.953480
v -0.942893 0.917799 -0.950150
v -0.946615 0.917700 -0.946637
v -0.853521 0.928826 -0.979160
v -0.860879 0.929258 -0.978685
v -0.868296 0.929495 -0.977882
v -0.875655 0.929530 -0.976764
v -0.882858 0.929366 -0.975353
v -0.889829 0.929017 -0.973680
v -0.896509 0.928509 -0.971779
v -0.902855 0.927869 -0.969687
v -0.908846 0.927129 -0.967438
v -0.914474 0.926317 -0.965063
v -0.919750 0.925479 -0.962571
v -0.924688 0.924659 -0.959967
v -0.929307 0.923896 -0.957252
v -0.933625 0.923228 -0.954419
v -0.937666 0.922699 -0.951451
v -0.941449 0.922351 -0.948322
v -0.944992 0.922224 -0.945004
v -0.853521 0.934900 -0.975314
v -0.860877 0.935252 -0.974856
v -0.868273 0.935391 -0.974086
v -0.875594 0.935311 -0.973017
v -0.882745 0.935019 -0.971674
v -0.889653 0.934534 -0.970086
v -0.896259 0.933882 -0.968289
v -0.902521 0.933096 -0.966316
v -0.908419 0.932208 -0.964204
v -0.913945 0.931247 -0.961982
v -0.919108 0.930261 -0.959660
v -0.923922 0.929295 -0.957242
v -0.928402 0.928391 -0.954731
v -0.932568 0.927586 -0.952121
v -0.936440 0.926942 -0.949385
v -0.940040 0.926512 -0.946488
v -0.943383 0.926353 -0.943390
v -0.853521 0.940778 -0.971174
v -0.860874 0.941030 -0.970757
v -0.868248 0.941054 -0.970042
v -0.875534 0.940843 -0.969048
v -0.882640 0.940411 -0.967794
v -0.889492 0.939779 -0.966312
v -0.896034 0.938977 -0.964634
v -0.902225 0.938038 -0.962795
v -0.908044 0.936997 -0.960830
v -0.913483 0.935884 -0.958769
v -0.918547 0.934745 -0.956624
v -0.923248 0.933626 -0.954405
v -0.927597 0.932565 -0.952116
v -0.931606 0.931603 -0.949760
v -0.935301 0.930819 -0.947293
v -0.938701 0.930289 -0.944665
v -0.941819 0.930090 -0.941821
v -0.853521 0.946446 -0.966751
v -0.860869 0.946585 -0.966398
v -0.868224 0.946480 -0.965764
v -0.875480 0.946129 -0.964865
v -0.882549 0.945550 -0.963721
v -0.889358 0.944766 -0.962361
v -0.895850 0.943809 -0.960817
v -0.901986 0.942715 -0.959123
v -0.907744 0.941517 -0.957312
v -0.913116 0.940250 -0.955416
v -0.918104 0.938955 -0.953452
v -0.922713 0.937673 -0.951435
v -0.926949 0.936443 -0.949377
v -0.930821 0.935302 -0.947290
v -0.934341 0.934341 -0.945131
v -0.937514 0.933652 -0.942853
v -0.940352 0.933377 -0.940352
v -0.853521 0.951890 -0.962055
v -0.860863 0.951909 -0.961790
v -0.868202 0.951669 -0.961259
v -0.875438 0.951176 -0.960475
v -0.882482 0.950449 -0.959457
v -0.889261 0.949512 -0.958233
v -0.895721 0.948399 -0.956833
v -0.901822 0.947148 -0.955291
v -0.907542 0.945793 -0.953640
v -0.912873 0.944368 -0.951909
v -0.917811 0.942912 -0.950124
v -0.922358 0.941459 -0.948307
v -0.926516 0.940045 -0.946480
v -0.930291 0.938703 -0.944661
v -0.933652 0.937515 -0.942852
v -0.936568 0.936568 -0.941056
v -0.939041 0.936157 -0.939041
v -0.938091 0.938091 -0.938091
v -0.999824 0.860708 -0.853521
v -0.999295 0.867879 -0.853521
v -0.998415 0.875014 -0.853521
v -0.997185 0.882098 -0.853521
v -0.995610 0.889113 -0.853521
v -0.993693 0.896042 -0.853521
v -0.991437 0.902868 -0.853521
v -0.988850 0.909576 -0.853521
v -0.985936 0.916149 -0.853521
v -0.982704 0.922571 -0.853521
v -0.979160 0.928826 -0.853521
v -0.975314 0.934900 -0.853521
v -0.971174 0.940778 -0.853521
v -0.966751 0.946446 -0.853521
v -0.962055 0.951890 -0.853521
v -0.957097 0.957097 -0.853521
v -0.999824 0.853521 -0.860708
v -0.999644 0.860763 -0.860723
v -0.999101 0.868030 -0.860730
v -0.998196 0.875275 -0.860740
v -0.996930 0.882461 -0.860752
v -0.995312 0.889562 -0.860768
v -0.993348 0.896553 -0.860785
v -0.991049 0.903412 -0.860801
v -0.988425 0.910122 -0.860816
v -0.985486 0.916671 -0.860828
v -0.982242 0.923044 -0.860836
v -0.978706 0.929226 -0.860843
v -0.974887 0.935208 -0.860847
v -0.970796 0.940979 -0.860850
v -0.966445 0.946530 -0.860853
v -0.961841 0.951853 -0.860855
v -0.956994 0.956940 -0.860858
v -0.999295 0.853521 -0.867879
v -0.999105 0.860798 -0.867963
v -0.998545 0.868145 -0.868022
v -0.997612 0.875485 -0.868067
v -0.996310 0.882757 -0.868102
v -0.994649 0.889929 -0.868134
v -0.992642 0.896964 -0.868161
v -0.990303 0.903837 -0.868182
v -0.987650 0.910532 -0.868196
v -0.984692 0.917040 -0.868202
v -0.981447 0.923345 -0.868203
v -0.977928 0.929439 -0.868199
v -0.974149 0.935313 -0.868193
v -0.970119 0.940961 -0.868186
v -0.965851 0.946381 -0.868181
v -0.961352 0.951571 -0.868181
v -0.956624 0.956529 -0.868187
v -0.998415 0.853521 -0.875014
v -0.998204 0.860823 -0.875193
v -0.997619 0.868227 -0.875328
v -0.996654 0.875638 -0.875426
v -0.995315 0.882980 -0.875494
v -0.993612 0.890204 -0.875542
v -0.991565 0.897266 -0.875571
v -0.989195 0.904137 -0.875583
v -0.986520 0.910800 -0.875579
v -0.983556 0.917249 -0.875562
v -0.980322 0.923472 -0.875535
v -0.976833 0.929462 -0.875502
v -0.973106 0.935214 -0.875469
v -0.969152 0.940729 -0.875438
v -0.964979 0.946008 -0.875416
v -0.960593 0.951054 -0.875405
v -0.955994 0.955875 -0.875411
v -0.997185 0.853521 -0.882098
v -0.996943 0.860842 -0.882375
v -0.996325 0.868282 -0.882592
v -0.995324 0.875741 -0.882750
v -0.993945 0.883130 -0.882855
v -0.992204 0.890386 -0.882915
v -0.990125 0.897456 -0.882937
v -0.987731 0.904307 -0.882924
v -0.985047 0.910922 -0.882885
v -0.982090 0.917298 -0.882824
v -0.978881 0.923426 -0.882750
v -0.975439 0.929300 -0.882671
v -0.971779 0.934921 -0.882593
v -0.967913 0.940294 -0.882524
v -0.963847 0.945424 -0.882472
v -0.959585 0.950321 -0.882443
v -0.955122 0.954995 -0.882444
v -0.995610 0.853521 -0.889113
v -0.995327 0.860855 -0.889483
v -0.994669 0.868318 -0.889774
v -0.993629 0.875803 -0.889984
v -0.992212 0.883213 -0.890116
v -0.990439 0.890476 -0.890178
v -0.988336 0.897534 -0.890179
v -0.985932 0.904349 -0.890128
v -0.983252 0.910903 -0.890036
v -0.980317 0.917195 -0.889914
v -0.977151 0.923216 -0.889775
v -0.973771 0.928967 -0.889630
v -0.970194 0.934450 -0.889491
v -0.966430 0.939675 -0.889370
v -0.962484 0.944652 -0.889276
v -0.958354 0.949394 -0.889220
v -0.954035 0.953916 -0.889212
v -0.993693 0.853521 -0.896042
v -0.993364 0.860865 -0.896488
v -0.992663 0.868338 -0.896836
v -0.991583 0.875829 -0.897081
v -0.990134 0.883239 -0.897224
v -0.988338 0.890487 -0.897271
v -0.986224 0.897512 -0.897235
v -0.983822 0.904275 -0.897129
v -0.981163 0.910756 -0.896969
v -0.978269 0.916953 -0.896769
v -0.975163 0.922860 -0.896547
v -0.971865 0.928481 -0.896321
v -0.968388 0.933822 -0.896106
v -0.964740 0.938896 -0.895918
v -0.960925 0.943717 -0.895773
v -0.956938 0.948302 -0.895683
v -0.952769 0.952669 -0.895661
v -0.991437 0.853521 -0.902868
v -0.991062 0.860872 -0.903366
v -0.990319 0.868345 -0.903747
v -0.989205 0.875827 -0.904003
v -0.987732 0.883216 -0.904135
v -0.985925 0.890430 -0.904148
v -0.983814 0.897407 -0.904057
v -0.981433 0.904104 -0.903880
v -0.978813 0.910501 -0.903635
v -0.975980 0.916593 -0.903340
v -0.972955 0.922379 -0.903020
v -0.969757 0.927865 -0.902697
v -0.966397 0.933061 -0.902393
v -0.962882 0.937983 -0.902128
v -0.959209 0.942648 -0.901921
v -0.955373 0.947075 -0.901790
v -0.951360 0.951283 -0.901751
v -0.988850 0.853521 -0.909576
v -0.988432 0.860876 -0.910098
v -0.987654 0.868341 -0.910484
v -0.986515 0.875802 -0.910725
v -0.985030 0.883156 -0.910820
v -0.983227 0.890322 -0.910776
v -0.981137 0.897236 -0.910611
v -0.978796 0.903855 -0.910344
v -0.976236 0.910156 -0.909997
v -0.973486 0.916136 -0.909592
v -0.970565 0.921795 -0.909158
v -0.967487 0.927143 -0.908726
v -0.964263 0.932194 -0.908321
v -0.960893 0.936964 -0.907969
v -0.957375 0.941474 -0.907694
v -0.953699 0.945744 -0.907517
v -0.949846 0.949793 -0.907460
v -0.985936 0.853521 -0.916149
v -0.985485 0.860878 -0.916668
v -0.984682 0.868331 -0.917031
v -0.983531 0.875763 -0.917230
v -0.982051 0.883071 -0.917263
v -0.980270 0.890177 -0.917138
v -0.978223 0.897016 -0.916876
v -0.975944 0.903546 -0.916499
v -0.973468 0.909744 -0.916034
v -0.970824 0.915605 -0.915502
v -0.968029 0.921133 -0.914943
v -0.965093 0.926342 -0.914389
v -0.962021 0.931247 -0.913875
v -0.958812 0.935867 -0.913429
v -0.955459 0.940223 -0.913081
v -0.951949 0.944337 -0.912855
v -0.948261 0.948226 -0.912778
v -0.982704 0.853521 -0.922571
v -0.982232 0.860879 -0.923059
v -0.981420 0.868316 -0.923372
v -0.980274 0.875712 -0.923501
v -0.978818 0.882969 -0.923447
v -0.977080 0.890008 -0.923220
v -0.975096 0.896767 -0.922842
v -0.972901 0.903205 -0.922340
v -0.970530 0.909297 -0.921742
v -0.968012 0.915039 -0.921074
v -0.965362 0.920438 -0.920379
v -0.962584 0.925508 -0.919696
v -0.959682 0.930269 -0.919062
v -0.956651 0.934739 -0.918513
v -0.953480 0.938940 -0.918081
v -0.950150 0.942893 -0.917800
v -0.946637 0.946615 -0.917700
v -0.979160 0.853521 -0.928826
v -0.978685 0.860879 -0.929258
v -0.977882 0.868296 -0.929495
v -0.976764 0.875655 -0.929530
v -0.975353 0.882858 -0.929366
v -0.973680 0.889829 -0.929017
v -0.971779 0.896509 -0.928509
v -0.969687 0.902855 -0.927869
v -0.967438 0.908846 -0.927129
v -0.965063 0.914474 -0.926317
v -0.962571 0.919750 -0.925479
v -0.959967 0.924688 -0.924659
v -0.957252 0.929307 -0.923896
v -0.954419 0.933625 -0.923228
v -0.951451 0.937666 -0.922699
v -0.948322 0.941449 -0.922351
v -0.945004 0.944992 -0.922224
v -0.975314 0.853521 -0.934900
v -0.974856 0.860877 -0.935252
v -0.974086 0.868273 -0.935391
v -0.973017 0.875594 -0.935311
v -0.971674 0.882745 -0.935019
v -0.970086 0.889653 -0.934534
v -0.968289 0.896259 -0.933882
v -0.966316 0.902521 -0.933096
v -0.964204 0.908419 -0.932208
v -0.961982 0.913945 -0.931247
v -0.959660 0.919108 -0.930261
v -0.957242 0.923922 -0.929295
v -0.954731 0.928402 -0.928391
v -0.952121 0.932568 -0.927586
v -0.949385 0.936440 -0.926942
v -0.946488 0.940040 -0.926512
v -0.943390 0.943383 -0.926353
v -0.971174 0.853521 -0.940778
v -0.970757 0.860874 -0.941030
v -0.970042 0.868248 -0.941054
v -0.969048 0.875534 -0.940843
v -0.967794 0.882640 -0.940411
v -0.966312 0.889492 -0.939779
v -0.964634 0.896034 -0.938977
v -0.962795 0.902225 -0.938038
v -0.960830 0.908044 -0.936997
v -0.958769 0.913483 -0.935884
v -0.956624 0.918547 -0.934745
v -0.954405 0.923248 -0.933626
v -0.952116 0.927597 -0.932565
v -0.949760 0.931606 -0.931603
v -0.947293 0.935301 -0.930819
v -0.944665 0.938701 -0.930289
v -0.941821 0.941819 -0.930090
v -0.966751 0.853521 -0.946446
v -0.966398 0.860869 -0.946585
v -0.965764 0.868224 -0.946480
v -0.964865 0.875480 -0.946129
v -0.963721 0.882549 -0.945550
v -0.962361 0.889358 -0.944766
v -0.960817 0.895850 -0.943809
v -0.959123 0.901986 -0.942715
v -0.957312 0.907744 -0.941517
v -0.955416 0.913116 -0.940250
v -0.953452 0.918104 -0.938955
v -0.951435 0.922713 -0.937673
v -0.949377 0.926949 -0.936443
v -0.947290 0.930821 -0.935302
v -0.945131 0.934341 -0.934341
v -0.942853 0.937514 -0.933652
v -0.940352 0.940352 -0.933377
v -0.962055 0.853521 -0.951890
v -0.961790 0.860863 -0.951909
v -0.961259 0.868202 -0.951669
v -0.960475 0.875438 -0.951176
v -0.959457 0.882482 -0.950449
v -0.958233 0.889261 -0.949512
v -0.956833 0.895721 -0.948399
v -0.955291 0.901822 -0.947148
v -0.953640 0.907542 -0.945793
v -0.951909 0.912873 -0.944368
v -0.950124 0.917811 -0.942912
v -0.948307 0.922358 -0.941459
v -0.946480 0.926516 -0.940045
v -0.944661 0.930291 -0.938703
v -0.942852 0.933652 -0.937515
v -0.941056 0.936568 -0.936568
v -0.939041 0.939041 -0.936157
v -0.853521 0.999824 -0.860708
v -0.853521 0.999295 -0.867879
v -0.853521 0.998415 -0.875014
v -0.853521 0.997185 -0.882098
v -0.853521 0.995610 -0.889113
v -0.853521 0.993693 -0.896042
v -0.853521 0.991437 -0.902868
v -0.853521 0.988850 -0.909576
v -0.853521 0.985936 -0.916149
v -0.853521 0.982704 -0.922571
v -0.853521 0.979160 -0.928826
v -0.853521 0.975314 -0.934900
v -0.853521 0.971174 -0.940778
v -0.853521 0.966751 -0.946446
v -0.853521 0.962055 -0.951890
v -0.853521 0.957097 -0.957097
v -0.860708 0.999824 -0.853521
v -0.860723 0.999644 -0.860763
v -0.860730 0.999101 -0.868030
v -0.860740 0.998196 -0.875275
v -0.860752 0.996930 -0.882461
v -0.860768 0.995312 -0.889562
v -0.860785 0.993348 -0.896553
v -0.860801 0.991049 -0.903412
v -0.860816 0.988425 -0.910122
v -0.860828 0.985486 -0.916671
v -0.860836 0.982242 -0.923044
v -0.860843 0.978706 -0.929226
v -0.860847 0.974887 -0.935208
v -0.860850 0.970796 -0.940979
v -0.860853 0.966445 -0.946530
v -0.860855 0.961841 -0.951853
v -0.860858 0.956994 -0.956940
v -0.867879 0.999295 -0.853521
v -0.867963 0.999105 -0.860798
v -0.868022 0.998545 -0.868145
v -0.868067 0.997612 -0.875485
v -0.868102 0.996310 -0.882757
v -0.868134 0.994649 -0.889929
v -0.868161 0.992642 -0.896964
v -0.868182 0.990303 -0.903837
v -0.868196 0.987650 -0.910532
v -0.868202 0.984692 -0.917040
v -0.868203 0.981447 -0.923345
v -0.868199 0.977928 -0.929439
v -0.868193 0.974149 -0.935313
v -0.868186 0.970119 -0.940961
v -0.868181 0.965851 -0.946381
v -0.868181 0.961352 -0.951571
v -0.868187 0.956624 -0.956529
v -0.875014 0.998415 -0.853521
v -0.875193 0.998204 -0.860823
v -0.875328 0.997619 -0.868227
v -0.875426 0.996654 -0.875638
v -0.875494 0.995315 -0.882980
v -0.875542 0.993612 -0.890204
v -0.875571 0.991565 -0.897266
v -0.875583 0.989195 -0.904137
v -0.875579 0.986520 -0.910800
v -0.875562 0.983556 -0.917249
v -0.875535 0.980322 -0.923472
v -0.875502 0.976833 -0.929462
v -0.875469 0.973106 -0.935214
v -0.875438 0.969152 -0.940729
v -0.875416 0.964979 -0.946008
v -0.875405 0.960593 -0.951054
v -0.875411 0.955994 -0.955875
v -0.882098 0.997185 -0.853521
v -0.882375 0.996943 -0.860842
v -0.882592 0.996325 -0.868282
v -0.882750 0.995324 -0.875741
v -0.882855 0.993945 -0.883130
v -0.882915 0.992204 -0.890386
v -0.882937 0.990125 -0.897456
v -0.882924 0.987731 -0.904307
v -0.882885 0.985047 -0.910922
v -0.882824 0.982090 -0.917298
v -0.882750 0.978881 -0.923426
v -0.882671 0.975439 -0.929300
v -0.882593 0.971779 -0.934921
v -0.882524 0.967913 -0.940294
v -0.882472 0.963847 -0.945424
v -0.882443 0.959585 -0.950321
v -0.882444 0.955122 -0.954995
v -0.889113 0.995610 -0.853521
v -0.889483 0.995327 -0.860855
v -0.889774 0.994669 -0.868318
v -0.889984 0.993629 -0.875803
v -0.890116 0.992212 -0.883213
v -0.890178 0.990439 -0.890476
v -0.890179 0.988336 -0.897534
v -0.890128 0.985932 -0.904349
v -0.890036 0.983252 -0.910903
v -0.889914 0.980317 -0.917195
v -0.889775 0.977151 -0.923216
v -0.889630 0.973771 -0.928967
v -0.889491 0.970194 -0.934450
v -0.889370 0.966430 -0.939675
v -0.889276 0.962484 -0.944652
v -0.889220 0.958354 -0.949394
v -0.889212 0.954035 -0.953916
v -0.896042 0.993693 -0.853521
v -0.896488 0.993364 -0.860865
v -0.896836 0.992663 -0.868338
v -0.897081 0.991583 -0.875829
v -0.897224 0.990134 -0.883239
v -0.897271 0.988338 -0.890487
v -0.897235 0.986224 -0.897512
v -0.897129 0.983822 -0.904275
v -0.896969 0.981163 -0.910756
v -0.896769 0.978269 -0.916953
v -0.896547 0.975163 -0.922860
v -0.896321 0.971865 -0.928481
v -0.896106 0.968388 -0.933822
v -0.895918 0.964740 -0.938896
v -0.895773 0.960925 -0.943717
v -0.895683 0.956938 -0.948302
v -0.895661 0.952769 -0.952669
v -0.902868 0.991437 -0.853521
v -0.903366 0.991062 -0.860872
v -0.903747 0.990319 -0.868345
v -0.904003 0.989205 -0.875827
v -0.904135 0.987732 -0.883216
v -0.904148 0.985925 -0.890430
v -0.904057 0.983814 -0.897407
v -0.903880 0.981433 -0.904104
v -0.903635 0.978813 -0.910501
v -0.903340 0.975980 -0.916593
v -0.903020 0.972955 -0.922379
v -0.902697 0.969757 -0.927865
v -0.902393 0.966397 -0.933061
v -0.902128 0.962882 -0.937983
v -0.901921 0.959209 -0.942648
v -0.901790 0.955373 -0.947075
v -0.901751 0.951360 -0.951283
v -0.909576 0.988850 -0.853521
v -0.910098 0.988432 -0.860876
v -0.910484 0.987654 -0.868341
v -0.910725 0.986515 -0.875802
v -0.910820 0.985030 -0.883156
v -0.910776 0.983227 -0.890322
v -0.910611 0.981137 -0.897236
v -0.910344 0.978796 -0.903855
v -0.909997 0.976236 -0.910156
v -0.909592 0.973486 -0.916136
v -0.909158 0.970565 -0.921795
v -0.908726 0.967487 -0.927143
v -0.908321 0.964263 -0.932194
v -0.907969 0.960893 -0.936964
v -0.907694 0.957375 -0.941474
v -0.907517 0.953699 -0.945744
v -0.907460 0.949846 -0.949793
v -0.916149 0.985936 -0.853521
v -0.916668 0.985485 -0.860878
v -0.917031 0.984682 -0.868331
v -0.917230 0.983531 -0.875763
v -0.917263 0.982051 -0.883071
v -0.917138 0.980270 -0.890177
v -0.916876 0.978223 -0.897016
v -0.916499 0.975944 -0.903546
v -0.916034 0.973468 -0.909744
v -0.915502 0.970824 -0.915605
v -0.914943 0.968029 -0.921133
v -0.914389 0.965093 -0.926342
v -0.913875 0.962021 -0.931247
v -0.913429 0.958812 -0.935867
v -0.913081 0.955459 -0.940223
v -0.912855 0.951949 -0.944337
v -0.912778 0.948261 -0.948226
v -0.922571 0.982704 -0.853521
v -0.923059 0.982232 -0.860879
v -0.923372 0.981420 -0.868316
v -0.923501 0.980274 -0.875712
v -0.923447 0.978818 -0.882969
v -0.923220 0.977080 -0.890008
v -0.922842 0.975096 -0.896767
v -0.922340 0.972901 -0.903205
v -0.921742 0.970530 -0.909297
v -0.921074 0.968012 -0.915039
v -0.920379 0.965362 -0.920438
v -0.919696 0.962584 -0.925508
v -0.919062 0.959682 -0.930269
v -0.918513 0.956651 -0.934739
v -0.918081 0.953480 -0.938940
v -0.917799 0.950150 -0.942893
v -0.917700 0.946637 -0.946615
v -0.928826 0.979160 -0.853521
v -0.929258 0.978685 -0.860879
v -0.929495 0.977882 -0.868296
v -0.929530 0.976764 -0.875655
v -0.929366 0.975353 -0.882858
v -0.929017 0.973680 -0.889829
v -0.928509 0.971779 -0.896509
v -0.927869 0.969687 -0.902855
v -0.927129 0.967438 -0.908846
v -0.926317 0.965063 -0.914474
v -0.925479 0.962571 -0.919750
v -0.924659 0.959967 -0.924688
v -0.923896 0.957252 -0.929307
v -0.923228 0.954419 -0.933625
v -0.922699 0.951451 -0.937666
v -0.922351 0.948322 -0.941449
v -0.922224 0.945004 -0.944992
v -0.934900 0.975314 -0.853521
v -0.935252 0.974856 -0.860877
v -0.935391 0.974086 -0.868273
v -0.935311 0.973017 -0.875594
v -0.935019 0.971674 -0.882745
v -0.934534 0.970086 -0.889653
v -0.933882 0.968289 -0.896259
v -0.933096 0.966316 -0.902521
v -0.932208 0.964204 -0.908419
v -0.931247 0.961982 -0.913945
v -0.930261 0.959660 -0.919108
v -0.929295 0.957242 -0.923922
v -0.928391 0.954731 -0.928402
v -0.927586 0.952121 -0.932568
v -0.926942 0.949385 -0.936440
v -0.926512 0.946488 -0.940040
v -0.926353 0.943390 -0.943383
v -0.940778 0.971174 -0.853521
v -0.941030 0.970757 -0.860874
v -0.941054 0.970042 -0.868248
v -0.940843 0.969048 -0.875534
v -0.940411 0.967794 -0.882640
v -0.939779 0.966312 -0.889492
v -0.938977 0.964634 -0.896034
v -0.938038 0.962795 -0.902225
v -0.936997 0.960830 -0.908044
v -0.935884 0.958769 -0.913483
v -0.934745 0.956624 -0.918547
v -0.933626 0.954405 -0.923248
v -0.932565 0.952116 -0.927597
v -0.931603 0.949760 -0.931606
v -0.930819 0.947293 -0.935301
v -0.930289 0.944665 -0.938701
v -0.930090 0.941821 -0.941819
v -0.946446 0.966751 -0.853521
v -0.946585 0.966398 -0.860869
v -0.946480 0.965764 -0.868224
v -0.946129 0.964865 -0.875480
v -0.945550 0.963721 -0.882549
v -0.944766 0.962361 -0.889358
v -0.943809 0.960817 -0.895850
v -0.942715 0.959123 -0.901986
v -0.941517 0.957312 -0.907744
v -0.940250 0.955416 -0.913116
v -0.938955 0.953452 -0.918104
v -0.937673 0.951435 -0.922713
v -0.936443 0.949377 -0.926949
v -0.935302 0.947290 -0.930821
v -0.934341 0.945131 -0.934341
v -0.933652 0.942853 -0.937514
v -0.933377 0.940352 -0.940352
v -0.951890 0.962055 -0.853521
v -0.951909 0.961790 -0.860863
v -0.951669 0.961259 -0.868202
v -0.951176 0.960475 -0.875438
v -0.950449 0.959457 -0.882482
v -0.949512 0.958233 -0.889261
v -0.948399 0.956833 -0.895721
v -0.947148 0.955291 -0.901822
v -0.945793 0.953640 -0.907542
v -0.944368 0.951909 -0.912873
v -0.942912 0.950124 -0.917811
v -0.941459 0.948307 -0.922358
v -0.940045 0.946480 -0.926516
v -0.938703 0.944661 -0.930291
v -0.937515 0.942852 -0.933652
v -0.936568 0.941056 -0.936568
v -0.936157 0.939041 -0.939041
v -1.000000 -0.853521 -0.853521
v -0.853521 -0.853521 -1.000000
v -0.853521 -1.000000 -0.853521
v -0.999824 -0.853521 -0.860708
v -0.999295 -0.853521 -0.867879
v -0.998415 -0.853521 -0.875014
v -0.997185 -0.853521 -0.882098
v -0.995610 -0.853521 -0.889113
v -0.993693 -0.853521 -0.896042
v -0.991437 -0.853521 -0.902868
v -0.988850 -0.853521 -0.909576
v -0.985936 -0.853521 -0.916149
v -0.982704 -0.853521 -0.922571
v -0.979160 -0.853521 -0.928826
v -0.975314 -0.853521 -0.934900
v -0.971174 -0.853521 -0.940778
v -0.966751 -0.853521 -0.946446
v -0.962055 -0.853521 -0.951890
v -0.957097 -0.853521 -0.957097
v -0.999824 -0.860708 -0.853521
v -0.999644 -0.860723 -0.860763
v -0.999101 -0.860730 -0.868030
v -0.998196 -0.860740 -0.875275
v -0.996930 -0.860752 -0.882461
v -0.995312 -0.860768 -0.889562
v -0.993348 -0.860785 -0.896553
v -0.991049 -0.860801 -0.903412
v -0.988425 -0.860816 -0.910122
v -0.985486 -0.860828 -0.916671
v -0.982242 -0.860836 -0.923044
v -0.978706 -0.860843 -0.929226
v -0.974887 -0.860847 -0.935208
v -0.970796 -0.860850 -0.940979
v -0.966445 -0.860853 -0.946530
v -0.961841 -0.860855 -0.951853
v -0.956994 -0.860858 -0.956940
v -0.999295 -0.867879 -0.853521
v -0.999105 -0.867963 -0.860798
v -0.998545 -0.868022 -0.868145
v -0.997612 -0.868067 -0.875485
v -0.996310 -0.868102 -0.882757
v -0.994649 -0.868134 -0.889929
v -0.992642 -0.868161 -0.896964
v -0.990303 -0.868182 -0.903837
v -0.987650 -0.868196 -0.910532
v -0.984692 -0.868202 -0.917040
v -0.981447 -0.868203 -0.923345
v -0.977928 -0.868199 -0.929439
v -0.974149 -0.868193 -0.935313
v -0.970119 -0.868186 -0.940961
v -0.965851 -0.868181 -0.946381
v -0.961352 -0.868181 -0.951571
v -0.956624 -0.868187 -0.956529
v -0.998415 -0.875014 -0.853521
v -0.998204 -0.875193 -0.860823
v -0.997619 -0.875328 -0.868227
v -0.996654 -0.875426 -0.875638
v -0.995315 -0.875494 -0.882980
v -0.993612 -0.875542 -0.890204
v -0.991565 -0.875571 -0.897266
v -0.989195 -0.875583 -0.904137
v -0.986520 -0.875579 -0.910800
v -0.983556 -0.875562 -0.917249
v -0.980322 -0.875535 -0.923472
v -0.976833 -0.875502 -0.929462
v -0.973106 -0.875469 -0.935214
v -0.969152 -0.875438 -0.940729
v -0.964979 -0.875416 -0.946008
v -0.960593 -0.875405 -0.951054
v -0.955994 -0.875411 -0.955875
v -0.997185 -0.882098 -0.853521
v -0.996943 -0.882375 -0.860842
v -0.996325 -0.882592 -0.868282
v -0.995324 -0.882750 -0.875741
v -0.993945 -0.882855 -0.883130
v -0.992204 -0.882915 -0.890386
v -0.990125 -0.882937 -0.897456
v -0.987731 -0.882924 -0.904307
v -0.985047 -0.882885 -0.910922
v -0.982090 -0.882824 -0.917298
v -0.978881 -0.882750 -0.923426
v -0.975439 -0.882671 -0.929300
v -0.971779 -0.882593 -0.934921
v -0.967913 -0.882524 -0.940294
v -0.963847 -0.882472 -0.945424
v -0.959585 -0.882443 -0.950321
v -0.955122 -0.882444 -0.954995
v -0.995610 -0.889113 -0.853521
v -0.995327 -0.889483 -0.860855
v -0.994669 -0.889774 -0.868318
v -0.993629 -0.889984 -0.875803
v -0.992212 -0.890116 -0.883213
v -0.990439 -0.890178 -0.890476
v -0.988336 -0.890179 -0.897534
v -0.985932 -0.890128 -0.904349
v -0.983252 -0.890036 -0.910903
v -0.980317 -0.889914 -0.917195
v -0.977151 -0.889775 -0.923216
v -0.973771 -0.889630 -0.928967
v -0.970194 -0.889491 -0.934450
v -0.966430 -0.889370 -0.939675
v -0.962484 -0.889276 -0.944652
v -0.958354 -0.889220 -0.949394
v -0.954035 -0.889212 -0.953916
v -0.993693 -0.896042 -0.853521
v -0.993364 -0.896488 -0.860865
v -0.992663 -0.896836 -0.868338
v -0.991583 -0.897081 -0.875829
v -0.990134 -0.897224 -0.883239
v -0.988338 -0.897271 -0.890487
v -0.986224 -0.897235 -0.897512
v -0.983822 -0.897129 -0.904275
v -0.981163 -0.896969 -0.910756
v -0.978269 -0.896769 -0.916953
v -0.975164 -0.896547 -0.922860
v -0.971865 -0.896321 -0.928481
v -0.968388 -0.896106 -0.933822
v -0.964740 -0.895918 -0.938896
v -0.960925 -0.895773 -0.943717
v -0.956938 -0.895683 -0.948302
v -0.952769 -0.895661 -0.952669
v -0.991437 -0.902868 -0.853521
v -0.991062 -0.903366 -0.860872
v -0.990319 -0.903747 -0.868345
v -0.989205 -0.904003 -0.875827
v -0.987732 -0.904135 -0.883216
v -0.985925 -0.904148 -0.890430
v -0.983814 -0.904057 -0.897407
v -0.981433 -0.903880 -0.904104
v -0.978813 -0.903635 -0.910501
v -0.975980 -0.903340 -0.916593
v -0.972955 -0.903020 -0.922379
v -0.969757 -0.902697 -0.927865
v -0.966397 -0.902393 -0.933061
v -0.962882 -0.902128 -0.937983
v -0.959209 -0.901921 -0.942648
v -0.955373 -0.901790 -0.947075
v -0.951360 -0.901751 -0.951283
v -0.988850 -0.909576 -0.853521
v -0.988432 -0.910098 -0.860876
v -0.987654 -0.910484 -0.868341
v -0.986515 -0.910725 -0.875802
v -0.985030 -0.910820 -0.883156
v -0.983227 -0.910776 -0.890322
v -0.981137 -0.910611 -0.897236
v -0.978796 -0.910344 -0.903855
v -0.976236 -0.909997 -0.910156
v -0.973486 -0.909592 -0.916136
v -0.970565 -0.909158 -0.921795
v -0.967487 -0.908726 -0.927143
v -0.964263 -0.908321 -0.932194
v -0.960893 -0.907969 -0.936964
v -0.957375 -0.907694 -0.941474
v -0.953699 -0.907517 -0.945744
v -0.949846 -0.907460 -0.949793
v -0.985936 -0.916149 -0.853521
v -0.985485 -0.916668 -0.860878
v -0.984682 -0.917031 -0.868331
v -0.983531 -0.917230 -0.875763
v -0.982051 -0.917263 -0.883071
v -0.980270 -0.917138 -0.890177
v -0.978223 -0.916876 -0.897016
v -0.975944 -0.916499 -0.903546
v -0.973468 -0.916034 -0.909744
v -0.970824 -0.915502 -0.915605
v -0.968029 -0.914943 -0.921133
v -0.965093 -0.914389 -0.926342
v -0.962021 -0.913875 -0.931247
v -0.958812 -0.913429 -0.935867
v -0.955459 -0.913081 -0.940223
v -0.951949 -0.912855 -0.944337
v -0.948261 -0.912778 -0.948226
v -0.982704 -0.922571 -0.853521
v -0.982232 -0.923059 -0.860879
v -0.981420 -0.923372 -0.868316
v -0.980274 -0.923501 -0.875712
v -0.978818 -0.923447 -0.882969
v -0.977080 -0.923220 -0.890008
v -0.975096 -0.922842 -0.896767
v -0.972901 -0.922340 -0.903205
v -0.970530 -0.921742 -0.909297
v -0.968012 -0.921074 -0.915039
v -0.965362 -0.920379 -0.920438
v -0.962584 -0.919696 -0.925508
v -0.959682 -0.919062 -0.930269
v -0.956651 -0.918513 -0.934739
v -0.953480 -0.918081 -0.938940
v -0.950150 -0.917799 -0.942893
v -0.946637 -0.917700 -0.946615
v -0.979160 -0.928826 -0.853521
v -0.978685 -0.929258 -0.860879
v -0.977882 -0.929495 -0.868296
v -0.976764 -0.929530 -0.875655
v -0.975353 -0.929366 -0.882858
v -0.973680 -0.929017 -0.889829
v -0.971779 -0.928509 -0.896509
v -0.969687 -0.927869 -0.902855
v -0.967438 -0.927129 -0.908846
v -0.965063 -0.926317 -0.914474
v -0.962571 -0.925479 -0.919750
v -0.959967 -0.924659 -0.924688
v -0.957252 -0.923896 -0.929307
v -0.954419 -0.923228 -0.933625
v -0.951451 -0.922699 -0.937666
v -0.948322 -0.922351 -0.941449
v -0.945004 -0.922224 -0.944992
v -0.975314 -0.934900 -0.853521
v -0.974856 -0.935252 -0.860877
v -0.974086 -0.935391 -0.868273
v -0.973017 -0.935311 -0.875594
v -0.971674 -0.935019 -0.882745
v -0.970086 -0.934534 -0.889653
v -0.968289 -0.933882 -0.896259
v -0.966316 -0.933096 -0.902521
v -0.964204 -0.932208 -0.908419
v -0.961982 -0.931247 -0.913945
v -0.959660 -0.930261 -0.919108
v -0.957242 -0.929295 -0.923922
v -0.954731 -0.928391 -0.928402
v -0.952121 -0.927586 -0.932568
v -0.949385 -0.926942 -0.936440
v -0.946488 -0.926512 -0.940040
v -0.943390 -0.926353 -0.943383
v -0.971174 -0.940778 -0.853521
v -0.970757 -0.941030 -0.860874
v -0.970042 -0.941054 -0.868248
v -0.969048 -0.940843 -0.875534
v -0.967794 -0.940411 -0.882640
v -0.966312 -0.939779 -0.889492
v -0.964634 -0.938977 -0.896034
v -0.962795 -0.938038 -0.902225
v -0.960830 -0.936997 -0.908044
v -0.958769 -0.935884 -0.913483
v -0.956624 -0.934745 -0.918547
v -0.954405 -0.933626 -0.923248
v -0.952116 -0.932565 -0.927597
v -0.949760 -0.931603 -0.931606
v -0.947293 -0.930819 -0.935301
v -0.944665 -0.930289 -0.938701
v -0.941821 -0.930090 -0.941819
v -0.966751 -0.946446 -0.853521
v -0.966398 -0.946585 -0.860869
v -0.965764 -0.946480 -0.868224
v -0.964865 -0.946129 -0.875480
v -0.963721 -0.945550 -0.882549
v -0.962361 -0.944766 -0.889358
v -0.960817 -0.943809 -0.895850
v -0.959123 -0.942715 -0.901986
v -0.957312 -0.941517 -0.907744
v -0.955416 -0.940250 -0.913116
v -0.953452 -0.938955 -0.918104
v -0.951435 -0.937673 -0.922713
v -0.949377 -0.936443 -0.926949
v -0.947290 -0.935302 -0.930821
v -0.945131 -0.934341 -0.934341
v -0.942853 -0.933652 -0.937514
v -0.940352 -0.933377 -0.940352
v -0.962055 -0.951890 -0.853521
v -0.961790 -0.951909 -0.860863
v -0.961259 -0.951669 -0.868202
v -0.960475 -0.951176 -0.875438
v -0.959457 -0.950449 -0.882482
v -0.958233 -0.949512 -0.889261
v -0.956833 -0.948399 -0.895721
v -0.955291 -0.947148 -0.901822
v -0.953640 -0.945793 -0.907542
v -0.951909 -0.944368 -0.912873
v -0.950124 -0.942912 -0.917811
v -0.948307 -0.941459 -0.922358
v -0.946480 -0.940045 -0.926516
v -0.944661 -0.938703 -0.930291
v -0.942852 -0.937515 -0.933652
v -0.941056 -0.936568 -0.936568
v -0.939041 -0.936157 -0.939041
v -0.938091 -0.938091 -0.938091
v -0.853521 -0.860708 -0.999824
v -0.853521 -0.867879 -0.999295
v -0.853521 -0.875014 -0.998415
v -0.853521 -0.882098 -0.997185
v -0.853521 -0.889113 -0.995610
v -0.853521 -0.896042 -0.993693
v -0.853521 -0.902868 -0.991437
v -0.853521 -0.909576 -0.988850
v -0.853521 -0.916149 -0.985936
v -0.853521 -0.922571 -0.982704
v -0.853521 -0.928826 -0.979160
v -0.853521 -0.934900 -0.975314
v -0.853521 -0.940778 -0.971174
v -0.853521 -0.946446 -0.966751
v -0.853521 -0.951890 -0.962055
v -0.853521 -0.957097 -0.957097
v -0.860708 -0.853521 -0.999824
v -0.860723 -0.860763 -0.999644
v -0.860730 -0.868030 -0.999101
v -0.860740 -0.875275 -0.998196
v -0.860752 -0.882461 -0.996930
v -0.860768 -0.889562 -0.995312
v -0.860785 -0.896553 -0.993348
v -0.860801 -0.903412 -0.991049
v -0.860816 -0.910122 -0.988425
v -0.860828 -0.916671 -0.985486
v -0.860836 -0.923044 -0.982242
v -0.860843 -0.929226 -0.978706
v -0.860847 -0.935208 -0.974887
v -0.860850 -0.940979 -0.970796
v -0.860853 -0.946530 -0.966445
v -0.860855 -0.951853 -0.961841
v -0.860858 -0.956940 -0.956994
v -0.867879 -0.853521 -0.999295
v -0.867963 -0.860798 -0.999105
v -0.868022 -0.868145 -0.998545
v -0.868067 -0.875485 -0.997612
v -0.868102 -0.882757 -0.996310
v -0.868134 -0.889929 -0.994649
v -0.868161 -0.896964 -0.992642
v -0.868182 -0.903837 -0.990303
v -0.868196 -0.910532 -0.987650
v -0.868202 -0.917040 -0.984692
v -0.868203 -0.923345 -0.981447
v -0.868199 -0.929439 -0.977928
v -0.868193 -0.935313 -0.974149
v -0.868186 -0.940961 -0.970119
v -0.868181 -0.946381 -0.965851
v -0.868181 -0.951571 -0.961352
v -0.868187 -0.956529 -0.956624
v -0.875014 -0.853521 -0.998415
v -0.875193 -0.860823 -0.998204
v -0.875328 -0.868227 -0.997619
v -0.875426 -0.875638 -0.996654
v -0.875494 -0.882980 -0.995315
v -0.875542 -0.890204 -0.993612
v -0.875571 -0.897266 -0.991565
v -0.875583 -0.904137 -0.989195
v -0.875579 -0.910800 -0.986520
v -0.875562 -0.917249 -0.983556
v -0.875535 -0.923472 -0.980322
v -0.875502 -0.929462 -0.976833
v -0.875469 -0.935214 -0.973106
v -0.875438 -0.940729 -0.969152
v -0.875416 -0.946008 -0.964979
v -0.875405 -0.951054 -0.960593
v -0.875411 -0.955875 -0.955994
v -0.882098 -0.853521 -0.997185
v -0.882375 -0.860842 -0.996943
v -0.882592 -0.868282 -0.996325
v -0.882750 -0.875741 -0.995324
v -0.882855 -0.883130 -0.993945
v -0.882915 -0.890386 -0.992204
v -0.882937 -0.897456 -0.990125
v -0.882924 -0.904307 -0.987731
v -0.882885 -0.910922 -0.985047
v -0.882824 -0.917298 -0.982090
v -0.882750 -0.923426 -0.978881
v -0.882671 -0.929300 -0.975439
v -0.882593 -0.934921 -0.971779
v -0.882524 -0.940294 -0.967913
v -0.882472 -0.945424 -0.963847
v -0.882443 -0.950321 -0.959585
v -0.882444 -0.954995 -0.955122
v -0.889113 -0.853521 -0.995610
v -0.889483 -0.860855 -0.995327
v -0.889774 -0.868318 -0.994669
v -0.889984 -0.875803 -0.993629
v -0.890116 -0.883213 -0.992212
v -0.890178 -0.890476 -0.990439
v -0.890179 -0.897534 -0.988336
v -0.890128 -0.904349 -0.985932
v -0.890036 -0.910903 -0.983252
v -0.889914 -0.917195 -0.980317
v -0.889775 -0.923216 -0.977151
v -0.889630 -0.928967 -0.973771
v -0.889491 -0.934450 -0.970194
v -0.889370 -0.939675 -0.966430
v -0.889276 -0.944652 -0.962484
v -0.889220 -0.949394 -0.958354
v -0.889212 -0.953916 -0.954035
v -0.896042 -0.853521 -0.993693
v -0.896488 -0.860865 -0.993364
v -0.896836 -0.868338 -0.992663
v -0.897081 -0.875829 -0.991583
v -0.897224 -0.883239 -0.990134
v -0.897271 -0.890487 -0.988338
v -0.897235 -0.897512 -0.986224
v -0.897129 -0.904275 -0.983822
v -0.896969 -0.910756 -0.981163
v -0.896769 -0.916953 -0.978269
v -0.896547 -0.922860 -0.975163
v -0.896321 -0.928481 -0.971865
v -0.896106 -0.933822 -0.968388
v -0.895918 -0.938896 -0.964740
v -0.895773 -0.943717 -0.960925
v -0.895683 -0.948302 -0.956938
v -0.895661 -0.952669 -0.952769
v -0.902868 -0.853521 -0.991437
v -0.903366 -0.860872 -0.991062
v -0.903747 -0.868345 -0.990319
v -0.904003 -0.875827 -0.989205
v -0.904135 -0.883216 -0.987732
v -0.904148 -0.890430 -0.985925
v -0.904057 -0.897407 -0.983814
v -0.903880 -0.904104 -0.981433
v -0.903635 -0.910501 -0.978813
v -0.903340 -0.916593 -0.975980
v -0.903020 -0.922379 -0.972955
v -0.902697 -0.927865 -0.969757
v -0.902393 -0.933061 -0.966397
v -0.902128 -0.937983 -0.962882
v -0.901921 -0.942648 -0.959209
v -0.901790 -0.947075 -0.955373
v -0.901751 -0.951283 -0.951360
v -0.909576 -0.853521 -0.988850
v -0.910098 -0.860876 -0.988432
v -0.910484 -0.868341 -0.987654
v -0.910725 -0.875802 -0.986515
v -0.910820 -0.883156 -0.985030
v -0.910776 -0.890322 -0.983227
v -0.910611 -0.897236 -0.981137
v -0.910344 -0.903855 -0.978796
v -0.909997 -0.910156 -0.976236
v -0.909592 -0.916136 -0.973486
v -0.909158 -0.921795 -0.970565
v -0.908726 -0.927143 -0.967487
v -0.908321 -0.932194 -0.964263
v -0.907969 -0.936964 -0.960893
v -0.907694 -0.941474 -0.957375
v -0.907517 -0.945744 -0.953699
v -0.907460 -0.949793 -0.949846
v -0.916149 -0.853521 -0.985936
v -0.916668 -0.860878 -0.985485
v -0.917031 -0.868331 -0.984682
v -0.917230 -0.875763 -0.983531
v -0.917263 -0.883071 -0.982051
v -0.917138 -0.890177 -0.980270
v -0.916876 -0.897016 -0.978223
v -0.916499 -0.903546 -0.975944
v -0.916034 -0.909744 -0.973468
v -0.915502 -0.915605 -0.970824
v -0.914943 -0.921133 -0.968029
v -0.914389 -0.926342 -0.965093
v -0.913875 -0.931247 -0.962021
v -0.913429 -0.935867 -0.958812
v -0.913081 -0.940223 -0.955459
v -0.912855 -0.944337 -0.951949
v -0.912778 -0.948226 -0.948261
v -0.922571 -0.853521 -0.982704
v -0.923059 -0.860879 -0.982232
v -0.923372 -0.868316 -0.981420
v -0.923501 -0.875712 -0.980274
v -0.923447 -0.882969 -0.978818
v -0.923220 -0.890008 -0.977080
v -0.922842 -0.896767 -0.975096
v -0.922340 -0.903205 -0.972901
v -0.921742 -0.909297 -0.970530
v -0.921074 -0.915039 -0.968012
v -0.920379 -0.920438 -0.965362
v -0.919696 -0.925508 -0.962584
v -0.919062 -0.930269 -0.959682
v -0.918513 -0.934739 -0.956651
v -0.918081 -0.938940 -0.953480
v -0.917800 -0.942893 -0.950150
v -0.917700 -0.946615 -0.946637
v -0.928826 -0.853521 -0.979160
v -0.929258 -0.860879 -0.978685
v -0.929495 -0.868296 -0.977882
v -0.929530 -0.875655 -0.976764
v -0.929366 -0.882858 -0.975353
v -0.929017 -0.889829 -0.973680
v -0.928509 -0.896509 -0.971779
v -0.927869 -0.902855 -0.969687
v -0.927129 -0.908846 -0.967438
v -0.926317 -0.914474 -0.965063
v -0.925479 -0.919750 -0.962571
v -0.924659 -0.924688 -0.959967
v -0.923896 -0.929307 -0.957252
v -0.923228 -0.933625 -0.954419
v -0.922699 -0.937666 -0.951451
v -0.922351 -0.941449 -0.948322
v -0.922224 -0.944992 -0.945004
v -0.934900 -0.853521 -0.975314
v -0.935252 -0.860877 -0.974856
v -0.935391 -0.868273 -0.974086
v -0.935311 -0.875594 -0.973017
v -0.935019 -0.882745 -0.971674
v -0.934534 -0.889653 -0.970086
v -0.933882 -0.896259 -0.968289
v -0.933096 -0.902521 -0.966316
v -0.932208 -0.908419 -0.964204
v -0.931247 -0.913945 -0.961982
v -0.930261 -0.919108 -0.959660
v -0.929295 -0.923922 -0.957242
v -0.928391 -0.928402 -0.954731
v -0.927586 -0.932568 -0.952121
v -0.926942 -0.936440 -0.949385
v -0.926512 -0.940040 -0.946488
v -0.926353 -0.943383 -0.943390
v -0.940778 -0.853521 -0.971174
v -0.941030 -0.860874 -0.970757
v -0.941054 -0.868248 -0.970042
v -0.940843 -0.875534 -0.969048
v -0.940411 -0.882640 -0.967794
v -0.939779 -0.889492 -0.966312
v -0.938977 -0.896034 -0.964634
v -0.938038 -0.902225 -0.962795
v -0.936997 -0.908044 -0.960830
v -0.935884 -0.913483 -0.958769
v -0.934745 -0.918547 -0.956624
v -0.933626 -0.923248 -0.954405
v -0.932565 -0.927597 -0.952116
v -0.931603 -0.931606 -0.949760
v -0.930819 -0.935301 -0.947293
v -0.930289 -0.938701 -0.944665
v -0.930090 -0.941819 -0.941821
v -0.946446 -0.853521 -0.966751
v -0.946585 -0.860869 -0.966398
v -0.946480 -0.868224 -0.965764
v -0.946129 -0.875480 -0.964865
v -0.945550 -0.882549 -0.963721
v -0.944766 -0.889358 -0.962361
v -0.943809 -0.895850 -0.960817
v -0.942715 -0.901986 -0.959123
v -0.941517 -0.907744 -0.957312
v -0.940250 -0.913116 -0.955416
v -0.938955 -0.918104 -0.953452
v -0.937673 -0.922713 -0.951435
v -0.936443 -0.926949 -0.949377
v -0.935302 -0.930821 -0.947290
v -0.934341 -0.934341 -0.945131
v -0.933652 -0.937514 -0.942853
v -0.933377 -0.940352 -0.940352
v -0.951890 -0.853521 -0.962055
v -0.951909 -0.860863 -0.961790
v -0.951669 -0.868202 -0.961259
v -0.951176 -0.875438 -0.960475
v -0.950449 -0.882482 -0.959457
v -0.949512 -0.889261 -0.958233
v -0.948399 -0.895721 -0.956833
v -0.947148 -0.901822 -0.955291
v -0.945793 -0.907542 -0.953640
v -0.944368 -0.912873 -0.951909
v -0.942912 -0.917811 -0.950124
v -0.941459 -0.922358 -0.948307
v -0.940045 -0.926516 -0.946480
v -0.938703 -0.930291 -0.944661
v -0.937515 -0.933652 -0.942852
v -0.936568 -0.936568 -0.941056
v -0.936157 -0.939041 -0.939041
v -0.860708 -0.999824 -0.853521
v -0.867879 -0.999295 -0.853521
v -0.875014 -0.998415 -0.853521
v -0.882098 -0.997185 -0.853521
v -0.889113 -0.995610 -0.853521
v -0.896042 -0.993693 -0.853521
v -0.902868 -0.991437 -0.853521
v -0.909576 -0.988850 -0.853521
v -0.916149 -0.985936 -0.853521
v -0.922571 -0.982704 -0.853521
v -0.928826 -0.979160 -0.853521
v -0.934900 -0.975314 -0.853521
v -0.940778 -0.971174 -0.853521
v -0.946446 -0.966751 -0.853521
v -0.951890 -0.962055 -0.853521
v -0.957097 -0.957097 -0.853521
v -0.853521 -0.999824 -0.860708
v -0.860763 -0.999644 -0.860723
v -0.868030 -0.999101 -0.860730
v -0.875275 -0.998196 -0.860740
v -0.882461 -0.996930 -0.860752
v -0.889562 -0.995312 -0.860768
v -0.896553 -0.993348 -0.860785
v -0.903412 -0.991049 -0.860801
v -0.910122 -0.988425 -0.860816
v -0.916671 -0.985486 -0.860828
v -0.923044 -0.982242 -0.860836
v -0.929226 -0.978706 -0.860843
v -0.935208 -0.974887 -0.860847
v -0.940979 -0.970796 -0.860850
v -0.946530 -0.966445 -0.860853
v -0.951853 -0.961841 -0.860855
v -0.956940 -0.956994 -0.860858
v -0.853521 -0.999295 -0.867879
v -0.860798 -0.999105 -0.867963
v -0.868145 -0.998545 -0.868022
v -0.875485 -0.997612 -0.868067
v -0.882757 -0.996310 -0.868102
v -0.889929 -0.994649 -0.868134
v -0.896964 -0.992642 -0.868161
v -0.903837 -0.990303 -0.868182
v -0.910532 -0.987650 -0.868196
v -0.917040 -0.984692 -0.868202
v -0.923345 -0.981447 -0.868203
v -0.929439 -0.977928 -0.868199
v -0.935313 -0.974149 -0.868193
v -0.940961 -0.970119 -0.868186
v -0.946381 -0.965851 -0.868181
v -0.951571 -0.961352 -0.868181
v -0.956529 -0.956624 -0.868187
v -0.853521 -0.998415 -0.875014
v -0.860823 -0.998204 -0.875193
v -0.868227 -0.997619 -0.875328
v -0.875638 -0.996654 -0.875426
v -0.882980 -0.995315 -0.875494
v -0.890204 -0.993612 -0.875542
v -0.897266 -0.991565 -0.875571
v -0.904137 -0.989195 -0.875583
v -0.910800 -0.986520 -0.875579
v -0.917249 -0.983556 -0.875562
v -0.923472 -0.980322 -0.875535
v -0.929462 -0.976833 -0.875502
v -0.935214 -0.973106 -0.875469
v -0.940729 -0.969152 -0.875438
v -0.946008 -0.964979 -0.875416
v -0.951054 -0.960593 -0.875405
v -0.955875 -0.955994 -0.875411
v -0.853521 -0.997185 -0.882098
v -0.860842 -0.996943 -0.882375
v -0.868282 -0.996325 -0.882592
v -0.875741 -0.995324 -0.882750
v -0.883130 -0.993945 -0.882855
v -0.890386 -0.992204 -0.882915
v -0.897456 -0.990125 -0.882937
v -0.904307 -0.987731 -0.882924
v -0.910922 -0.985047 -0.882885
v -0.917298 -0.982090 -0.882824
v -0.923426 -0.978881 -0.882750
v -0.929300 -0.975439 -0.882671
v -0.934921 -0.971779 -0.882593
v -0.940294 -0.967913 -0.882524
v -0.945424 -0.963847 -0.882472
v -0.950321 -0.959585 -0.882443
v -0.954995 -0.955122 -0.882444
v -0.853521 -0.995610 -0.889113
v -0.860855 -0.995327 -0.889483
v -0.868318 -0.994669 -0.889774
v -0.875803 -0.993629 -0.889984
v -0.883213 -0.992212 -0.890116
v -0.890476 -0.990439 -0.890178
v -0.897534 -0.988336 -0.890179
v -0.904349 -0.985932 -0.890128
v -0.910903 -0.983252 -0.890036
v -0.917195 -0.980317 -0.889914
v -0.923216 -0.977151 -0.889775
v -0.928967 -0.973771 -0.889630
v -0.934450 -0.970194 -0.889491
v -0.939675 -0.966430 -0.889370
v -0.944652 -0.962484 -0.889276
v -0.949394 -0.958354 -0.889220
v -0.953916 -0.954035 -0.889212
v -0.853521 -0.993693 -0.896042
v -0.860865 -0.993364 -0.896488
v -0.868338 -0.992663 -0.896836
v -0.875829 -0.991583 -0.897081
v -0.883239 -0.990134 -0.897224
v -0.890487 -0.988338 -0.897271
v -0.897512 -0.986224 -0.897235
v -0.904275 -0.983822 -0.897129
v -0.910756 -0.981163 -0.896969
v -0.916953 -0.978269 -0.896769
v -0.922860 -0.975163 -0.896547
v -0.928481 -0.971865 -0.896321
v -0.933822 -0.968388 -0.896106
v -0.938896 -0.964740 -0.895918
v -0.943717 -0.960925 -0.895773
v -0.948302 -0.956938 -0.895683
v -0.952669 -0.952769 -0.895661
v -0.853521 -0.991437 -0.902868
v -0.860872 -0.991062 -0.903366
v -0.868345 -0.990319 -0.903747
v -0.875827 -0.989205 -0.904003
v -0.883216 -0.987732 -0.904135
v -0.890430 -0.985925 -0.904148
v -0.897407 -0.983814 -0.904057
v -0.904104 -0.981433 -0.903880
v -0.910501 -0.978813 -0.903635
v -0.916593 -0.975980 -0.903340
v -0.922379 -0.972955 -0.903020
v -0.927865 -0.969757 -0.902697
v -0.933061 -0.966397 -0.902393
v -0.937983 -0.962882 -0.902128
v -0.942648 -0.959209 -0.901921
v -0.947075 -0.955373 -0.901790
v -0.951283 -0.951360 -0.901751
v -0.853521 -0.988850 -0.909576
v -0.860876 -0.988432 -0.910098
v -0.868341 -0.987654 -0.910484
v -0.875802 -0.986515 -0.910725
v -0.883156 -0.985030 -0.910820
v -0.890322 -0.983227 -0.910776
v -0.897236 -0.981137 -0.910611
v -0.903855 -0.978796 -0.910344
v -0.910156 -0.976236 -0.909997
v -0.916136 -0.973486 -0.909592
v -0.921795 -0.970565 -0.909158
v -0.927143 -0.967487 -0.908726
v -0.932194 -0.964263 -0.908321
v -0.936964 -0.960893 -0.907969
v -0.941474 -0.957375 -0.907694
v -0.945744 -0.953699 -0.907517
v -0.949793 -0.949846 -0.907460
v -0.853521 -0.985936 -0.916149
v -0.860878 -0.985485 -0.916668
v -0.868331 -0.984682 -0.917031
v -0.875763 -0.983531 -0.917230
v -0.883071 -0.982051 -0.917263
v -0.890177 -0.980270 -0.917138
v -0.897016 -0.978223 -0.916876
v -0.903546 -0.975944 -0.916499
v -0.909744 -0.973468 -0.916034
v -0.915605 -0.970824 -0.915502
v -0.921133 -0.968029 -0.914943
v -0.926342 -0.965093 -0.914389
v -0.931247 -0.962021 -0.913875
v -0.935867 -0.958812 -0.913429
v -0.940223 -0.955459 -0.913081
v -0.944337 -0.951949 -0.912855
v -0.948226 -0.948261 -0.912778
v -0.853521 -0.982704 -0.922571
v -0.860879 -0.982232 -0.923059
v -0.868316 -0.981420 -0.923372
v -0.875712 -0.980274 -0.923501
v -0.882969 -0.978818 -0.923447
v -0.890008 -0.977080 -0.923220
v -0.896767 -0.975096 -0.922842
v -0.903205 -0.972901 -0.922340
v -0.909297 -0.970530 -0.921742
v -0.915039 -0.968012 -0.921074
v -0.920438 -0.965362 -0.920379
v -0.925508 -0.962584 -0.919696
v -0.930269 -0.959682 -0.919062
v -0.934739 -0.956651 -0.918513
v -0.938940 -0.953480 -0.918081
v -0.942893 -0.950150 -0.917799
v -0.946615 -0.946637 -0.917700
v -0.853521 -0.979160 -0.928826
v -0.860879 -0.978685 -0.929258
v -0.868296 -0.977882 -0.929495
v -0.875655 -0.976764 -0.929530
v -0.882858 -0.975353 -0.929366
v -0.889829 -0.973680 -0.929017
v -0.896509 -0.971779 -0.928509
v -0.902855 -0.969687 -0.927869
v -0.908846 -0.967438 -0.927129
v -0.914474 -0.965063 -0.926317
v -0.919750 -0.962571 -0.925479
v -0.924688 -0.959967 -0.924659
v -0.929307 -0.957252 -0.923896
v -0.933625 -0.954419 -0.923228
v -0.937666 -0.951451 -0.922699
v -0.941449 -0.948322 -0.922351
v -0.944992 -0.945004 -0.922224
v -0.853521 -0.975314 -0.934900
v -0.860877 -0.974856 -0.935252
v -0.868273 -0.974086 -0.935391
v -0.875594 -0.973017 -0.935311
v -0.882745 -0.971674 -0.935019
v -0.889653 -0.970086 -0.934534
v -0.896259 -0.968289 -0.933882
v -0.902521 -0.966316 -0.933096
v -0.908419 -0.964204 -0.932208
v -0.913945 -0.961982 -0.931247
v -0.919108 -0.959660 -0.930261
v -0.923922 -0.957242 -0.929295
v -0.928402 -0.954731 -0.928391
v -0.932568 -0.952121 -0.927586
v -0.936440 -0.949385 -0.926942
v -0.940040 -0.946488 -0.926512
v -0.943383 -0.943390 -0.926353
v -0.853521 -0.971174 -0.940778
v -0.860874 -0.970757 -0.941030
v -0.868248 -0.970042 -0.941054
v -0.875534 -0.969048 -0.940843
v -0.882640 -0.967794 -0.940411
v -0.889492 -0.966312 -0.939779
v -0.896034 -0.964634 -0.938977
v -0.902225 -0.962795 -0.938038
v -0.908044 -0.960830 -0.936997
v -0.913483 -0.958769 -0.935884
v -0.918547 -0.956624 -0.934745
v -0.923248 -0.954405 -0.933626
v -0.927597 -0.952116 -0.932565
v -0.931606 -0.949760 -0.931603
v -0.935301 -0.947293 -0.930819
v -0.938701 -0.944665 -0.930289
v -0.941819 -0.941821 -0.930090
v -0.853521 -0.966751 -0.946446
v -0.860869 -0.966398 -0.946585
v -0.868224 -0.965764 -0.946480
v -0.875480 -0.964865 -0.946129
v -0.882549 -0.963721 -0.945550
v -0.889358 -0.962361 -0.944766
v -0.895850 -0.960817 -0.943809
v -0.901986 -0.959123 -0.942715
v -0.907744 -0.957312 -0.941517
v -0.913116 -0.955416 -0.940250
v -0.918104 -0.953452 -0.938955
v -0.922713 -0.951435 -0.937673
v -0.926949 -0.949377 -0.936443
v -0.930821 -0.947290 -0.935302
v -0.934341 -0.945131 -0.934341
v -0.937514 -0.942853 -0.933652
v -0.940352 -0.940352 -0.933377
v -0.853521 -0.962055 -0.951890
v -0.860863 -0.961790 -0.951909
v -0.868202 -0.961259 -0.951669
v -0.875438 -0.960475 -0.951176
v -0.882482 -0.959457 -0.950449
v -0.889261 -0.958233 -0.949512
v -0.895721 -0.956833 -0.948399
v -0.901822 -0.955291 -0.947148
v -0.907542 -0.953640 -0.945793
v -0.912873 -0.951909 -0.944368
v -0.917811 -0.950124 -0.942912
v -0.922358 -0.948307 -0.941459
v -0.926516 -0.946480 -0.940045
v -0.930291 -0.944661 -0.938703
v -0.933652 -0.942852 -0.937515
v -0.936568 -0.941056 -0.936568
v -0.939041 -0.939041 -0.936157
v -1.000000 0.853521 0.853521
v -0.853521 0.853521 1.000000
v -0.853521 1.000000 0.853521
v -0.999824 0.853521 0.860708
v -0.999295 0.853521 0.867879
v -0.998415 0.853521 0.875014
v -0.997185 0.853521 0.882098
v -0.995610 0.853521 0.889113
v -0.993693 0.853521 0.896042
v -0.991437 0.853521 0.902868
v -0.988850 0.853521 0.909576
v -0.985936 0.853521 0.916149
v -0.982704 0.853521 0.922571
v -0.979160 0.853521 0.928826
v -0.975314 0.853521 0.934900
v -0.971174 0.853521 0.940778
v -0.966751 0.853521 0.946446
v -0.962055 0.853521 0.951890
v -0.957097 0.853521 0.957097
v -0.999824 0.860708 0.853521
v -0.999644 0.860723 0.860763
v -0.999101 0.860730 0.868030
v -0.998196 0.860740 0.875275
v -0.996930 0.860752 0.882461
v -0.995312 0.860768 0.889562
v -0.993348 0.860785 0.896553
v -0.991049 0.860801 0.903412
v -0.988425 0.860816 0.910122
v -0.985486 0.860828 0.916671
v -0.982242 0.860836 0.923044
v -0.978706 0.860843 0.929226
v -0.974887 0.860847 0.935208
v -0.970796 0.860850 0.940979
v -0.966445 0.860853 0.946530
v -0.961841 0.860855 0.951853
v -0.956994 0.860858 0.956940
v -0.999295 0.867879 0.853521
v -0.999105 0.867963 0.860798
v -0.998545 0.868022 0.868145
v -0.997612 0.868067 0.875485
v -0.996310 0.868102 0.882757
v -0.994649 0.868134 0.889929
v -0.992642 0.868161 0.896964
v -0.990303 0.868182 0.903837
v -0.987650 0.868196 0.910532
v -0.984692 0.868202 0.917040
v -0.981447 0.868203 0.923345
v -0.977928 0.868199 0.929439
v -0.974149 0.868193 0.935313
v -0.970119 0.868186 0.940961
v -0.965851 0.868181 0.946381
v -0.961352 0.868181 0.951571
v -0.956624 0.868187 0.956529
v -0.998415 0.875014 0.853521
v -0.998204 0.875193 0.860823
v -0.997619 0.875328 0.868227
v -0.996654 0.875426 0.875638
v -0.995315 0.875494 0.882980
v -0.993612 0.875542 0.890204
v -0.991565 0.875571 0.897266
v -0.989195 0.875583 0.904137
v -0.986520 0.875579 0.910800
v -0.983556 0.875562 0.917249
v -0.980322 0.875535 0.923472
v -0.976833 0.875502 0.929462
v -0.973106 0.875469 0.935214
v -0.969152 0.875438 0.940729
v -0.964979 0.875416 0.946008
v -0.960593 0.875405 0.951054
v -0.955994 0.875411 0.955875
v -0.997185 0.882098 0.853521
v -0.996943 0.882375 0.860842
v -0.996325 0.882592 0.868282
v -0.995324 0.882750 0.875741
v -0.993945 0.882855 0.883130
v -0.992204 0.882915 0.890386
v -0.990125 0.882937 0.897456
v -0.987731 0.882924 0.904307
v -0.985047 0.882885 0.910922
v -0.982090 0.882824 0.917298
v -0.978881 0.882750 0.923426
v -0.975439 0.882671 0.929300
v -0.971779 0.882593 0.934921
v -0.967913 0.882524 0.940294
v -0.963847 0.882472 0.945424
v -0.959585 0.882443 0.950321
v -0.955122 0.882444 0.954995
v -0.995610 0.889113 0.853521
v -0.995327 0.889483 0.860855
v -0.994669 0.889774 0.868318
v -0.993629 0.889984 0.875803
v -0.992212 0.890116 0.883213
v -0.990439 0.890178 0.890476
v -0.988336 0.890179 0.897534
v -0.985932 0.890128 0.904349
v -0.983252 0.890036 0.910903
v -0.980317 0.889914 0.917195
v -0.977151 0.889775 0.923216
v -0.973771 0.889630 0.928967
v -0.970194 0.889491 0.934450
v -0.966430 0.889370 0.939675
v -0.962484 0.889276 0.944652
v -0.958354 0.889220 0.949394
v -0.954035 0.889212 0.953916
v -0.993693 0.896042 0.853521
v -0.993364 0.896488 0.860865
v -0.992663 0.896836 0.868338
v -0.991583 0.897081 0.875829
v -0.990134 0.897224 0.883239
v -0.988338 0.897271 0.890487
v -0.986224 0.897235 0.897512
v -0.983822 0.897129 0.904275
v -0.981163 0.896969 0.910756
v -0.978269 0.896769 0.916953
v -0.975164 0.896547 0.922860
v -0.971865 0.896321 0.928481
v -0.968388 0.896106 0.933822
v -0.964740 0.895918 0.938896
v -0.960925 0.895773 0.943717
v -0.956938 0.895683 0.948302
v -0.952769 0.895661 0.952669
v -0.991437 0.902868 0.853521
v -0.991062 0.903366 0.860872
v -0.990319 0.903747 0.868345
v -0.989205 0.904003 0.875827
v -0.987732 0.904135 0.883216
v -0.985925 0.904148 0.890430
v -0.983814 0.904057 0.897407
v -0.981433 0.903880 0.904104
v -0.978813 0.903635 0.910501
v -0.975980 0.903340 0.916593
v -0.972955 0.903020 0.922379
v -0.969757 0.902697 0.927865
v -0.966397 0.902393 0.933061
v -0.962882 0.902128 0.937983
v -0.959209 0.901921 0.942648
v -0.955373 0.901790 0.947075
v -0.951360 0.901751 0.951283
v -0.988850 0.909576 0.853521
v -0.988432 0.910098 0.860876
v -0.987654 0.910484 0.868341
v -0.986515 0.910725 0.875802
v -0.985030 0.910820 0.883156
v -0.983227 0.910776 0.890322
v -0.981137 0.910611 0.897236
v -0.978796 0.910344 0.903855
v -0.976236 0.909997 0.910156
v -0.973486 0.909592 0.916136
v -0.970565 0.909158 0.921795
v -0.967487 0.908726 0.927143
v -0.964263 0.908321 0.932194
v -0.960893 0.907969 0.936964
v -0.957375 0.907694 0.941474
v -0.953699 0.907517 0.945744
v -0.949846 0.907460 0.949793
v -0.985936 0.916149 0.853521
v -0.985485 0.916668 0.860878
v -0.984682 0.917031 0.868331
v -0.983531 0.917230 0.875763
v -0.982051 0.917263 0.883071
v -0.980270 0.917138 0.890177
v -0.978223 0.916876 0.897016
v -0.975944 0.916499 0.903546
v -0.973468 0.916034 0.909744
v -0.970824 0.915502 0.915605
v -0.968029 0.914943 0.921133
v -0.965093 0.914389 0.926342
v -0.962021 0.913875 0.931247
v -0.958812 0.913429 0.935867
v -0.955459 0.913081 0.940223
v -0.951949 0.912855 0.944337
v -0.948261 0.912778 0.948226
v -0.982704 0.922571 0.853521
v -0.982232 0.923059 0.860879
v -0.981420 0.923372 0.868316
v -0.980274 0.923501 0.875712
v -0.978818 0.923447 0.882969
v -0.977080 0.923220 0.890008
v -0.975096 0.922842 0.896767
v -0.972901 0.922340 0.903205
v -0.970530 0.921742 0.909297
v -0.968012 0.921074 0.915039
v -0.965362 0.920379 0.920438
v -0.962584 0.919696 0.925508
v -0.959682 0.919062 0.930269
v -0.956651 0.918513 0.934739
v -0.953480 0.918081 0.938940
v -0.950150 0.917799 0.942893
v -0.946637 0.917700 0.946615
v -0.979160 0.928826 0.853521
v -0.978685 0.929258 0.860879
v -0.977882 0.929495 0.868296
v -0.976764 0.929530 0.875655
v -0.975353 0.929366 0.882858
v -0.973680 0.929017 0.889829
v -0.971779 0.928509 0.896509
v -0.969687 0.927869 0.902855
v -0.967438 0.927129 0.908846
v -0.965063 0.926317 0.914474
v -0.962571 0.925479 0.919750
v -0.959967 0.924659 0.924688
v -0.957252 0.923896 0.929307
v -0.954419 0.923228 0.933625
v -0.951451 0.922699 0.937666
v -0.948322 0.922351 0.941449
v -0.945004 0.922224 0.944992
v -0.975314 0.934900 0.853521
v -0.974856 0.935252 0.860877
v -0.974086 0.935391 0.868273
v -0.973017 0.935311 0.875594
v -0.971674 0.935019 0.882745
v -0.970086 0.934534 0.889653
v -0.968289 0.933882 0.896259
v -0.966316 0.933096 0.902521
v -0.964204 0.932208 0.908419
v -0.961982 0.931247 0.913945
v -0.959660 0.930261 0.919108
v -0.957242 0.929295 0.923922
v -0.954731 0.928391 0.928402
v -0.952121 0.927586 0.932568
v -0.949385 0.926942 0.936440
v -0.946488 0.926512 0.940040
v -0.943390 0.926353 0.943383
v -0.971174 0.940778 0.853521
v -0.970757 0.941030 0.860874
v -0.970042 0.941054 0.868248
v -0.969048 0.940843 0.875534
v -0.967794 0.940411 0.882640
v -0.966312 0.939779 0.889492
v -0.964634 0.938977 0.896034
v -0.962795 0.938038 0.902225
v -0.960830 0.936997 0.908044
v -0.958769 0.935884 0.913483
v -0.956624 0.934745 0.918547
v -0.954405 0.933626 0.923248
v -0.952116 0.932565 0.927597
v -0.949760 0.931603 0.931606
v -0.947293 0.930819 0.935301
v -0.944665 0.930289 0.938701
v -0.941821 0.930090 0.941819
v -0.966751 0.946446 0.853521
v -0.966398 0.946585 0.860869
v -0.965764 0.946480 0.868224
v -0.964865 0.946129 0.875480
v -0.963721 0.945550 0.882549
v -0.962361 0.944766 0.889358
v -0.960817 0.943809 0.895850
v -0.959123 0.942715 0.901986
v -0.957312 0.941517 0.907744
v -0.955416 0.940250 0.913116
v -0.953452 0.938955 0.918104
v -0.951435 0.937673 0.922713
v -0.949377 0.936443 0.926949
v -0.947290 0.935302 0.930821
v -0.945131 0.934341 0.934341
v -0.942853 0.933652 0.937514
v -0.940352 0.933377 0.940352
v -0.962055 0.951890 0.853521
v -0.961790 0.951909 0.860863
v -0.961259 0.951669 0.868202
v -0.960475 0.951176 0.875438
v -0.959457 0.950449 0.882482
v -0.958233 0.949512 0.889261
v -0.956833 0.948399 0.895721
v -0.955291 0.947148 0.901822
v -0.953640 0.945793 0.907542
v -0.951909 0.944368 0.912873
v -0.950124 0.942912 0.917811
v -0.948307 0.941459 0.922358
v -0.946480 0.940045 0.926516
v -0.944661 0.938703 0.930291
v -0.942852 0.937515 0.933652
v -0.941056 0.936568 0.936568
v -0.939041 0.936157 0.939041
v -0.938091 0.938091 0.938091
v -0.853521 0.860708 0.999824
v -0.853521 0.867879 0.999295
v -0.853521 0.875014 0.998415
v -0.853521 0.882098 0.997185
v -0.853521 0.889113 0.995610
v -0.853521 0.896042 0.993693
v -0.853521 0.902868 0.991437
v -0.853521 0.909576 0.988850
v -0.853521 0.916149 0.985936
v -0.853521 0.922571 0.982704
v -0.853521 0.928826 0.979160
v -0.853521 0.934900 0.975314
v -0.853521 0.940778 0.971174
v -0.853521 0.946446 0.966751
v -0.853521 0.951890 0.962055
v -0.853521 0.957097 0.957097
v -0.860708 0.853521 0.999824
v -0.860723 0.860763 0.999644
v -0.860730 0.868030 0.999101
v -0.860740 0.875275 0.998196
v -0.860752 0.882461 0.996930
v -0.860768 0.889562 0.995312
v -0.860785 0.896553 0.993348
v -0.860801 0.903412 0.991049
v -0.860816 0.910122 0.988425
v -0.860828 0.916671 0.985486
v -0.860836 0.923044 0.982242
v -0.860843 0.929226 0.978706
v -0.860847 0.935208 0.974887
v -0.860850 0.940979 0.970796
v -0.860853 0.946530 0.966445
v -0.860855 0.951853 0.961841
v -0.860858 0.956940 0.956994
v -0.867879 0.853521 0.999295
v -0.867963 0.860798 0.999105
v -0.868022 0.868145 0.998545
v -0.868067 0.875485 0.997612
v -0.868102 0.882757 0.996310
v -0.868134 0.889929 0.994649
v -0.868161 0.896964 0.992642
v -0.868182 0.903837 0.990303
v -0.868196 0.910532 0.987650
v -0.868202 0.917040 0.984692
v -0.868203 0.923345 0.981447
v -0.868199 0.929439 0.977928
v -0.868193 0.935313 0.974149
v -0.868186 0.940961 0.970119
v -0.868181 0.946381 0.965851
v -0.868181 0.951571 0.961352
v -0.868187 0.956529 0.956624
v -0.875014 0.853521 0.998415
v -0.875193 0.860823 0.998204
v -0.875328 0.868227 0.997619
v -0.875426 0.875638 0.996654
v -0.875494 0.882980 0.995315
v -0.875542 0.890204 0.993612
v -0.875571 0.897266 0.991565
v -0.875583 0.904137 0.989195
v -0.875579 0.910800 0.986520
v -0.875562 0.917249 0.983556
v -0.875535 0.923472 0.980322
v -0.875502 0.929462 0.976833
v -0.875469 0.935214 0.973106
v -0.875438 0.940729 0.969152
v -0.875416 0.946008 0.964979
v -0.875405 0.951054 0.960593
v -0.875411 0.955875 0.955994
v -0.882098 0.853521 0.997185
v -0.882375 0.860842 0.996943
v -0.882592 0.868282 0.996325
v -0.882750 0.875741 0.995324
v -0.882855 0.883130 0.993945
v -0.882915 0.890386 0.992204
v -0.882937 0.897456 0.990125
v -0.882924 0.904307 0.987731
v -0.882885 0.910922 0.985047
v -0.882824 0.917298 0.982090
v -0.882750 0.923426 0.978881
v -0.882671 0.929300 0.975439
v -0.882593 0.934921 0.971779
v -0.882524 0.940294 0.967913
v -0.882472 0.945424 0.963847
v -0.882443 0.950321 0.959585
v -0.882444 0.954995 0.955122
v -0.889113 0.853521 0.995610
v -0.889483 0.860855 0.995327
v -0.889774 0.868318 0.994669
v -0.889984 0.875803 0.993629
v -0.890116 0.883213 0.992212
v -0.890178 0.890476 0.990439
v -0.890179 0.897534 0.988336
v -0.890128 0.904349 0.985932
v -0.890036 0.910903 0.983252
v -0.889914 0.917195 0.980317
v -0.889775 0.923216 0.977151
v -0.889630 0.928967 0.973771
v -0.889491 0.934450 0.970194
v -0.889370 0.939675 0.966430
v -0.889276 0.944652 0.962484
v -0.889220 0.949394 0.958354
v -0.889212 0.953916 0.954035
v -0.896042 0.853521 0.993693
v -0.896488 0.860865 0.993364
v -0.896836 0.868338 0.992663
v -0.897081 0.875829 0.991583
v -0.897224 0.883239 0.990134
v -0.897271 0.890487 0.988338
v -0.897235 0.897512 0.986224
v -0.897129 0.904275 0.983822
v -0.896969 0.910756 0.981163
v -0.896769 0.916953 0.978269
v -0.896547 0.922860 0.975163
v -0.896321 0.928481 0.971865
v -0.896106 0.933822 0.968388
v -0.895918 0.938896 0.964740
v -0.895773 0.943717 0.960925
v -0.895683 0.948302 0.956938
v -0.895661 0.952669 0.952769
v -0.902868 0.853521 0.991437
v -0.903366 0.860872 0.991062
v -0.903747 0.868345 0.990319
v -0.904003 0.875827 0.989205
v -0.904135 0.883216 0.987732
v -0.904148 0.890430 0.985925
v -0.904057 0.897407 0.983814
v -0.903880 0.904104 0.981433
v -0.903635 0.910501 0.978813
v -0.903340 0.916593 0.975980
v -0.903020 0.922379 0.972955
v -0.902697 0.927865 0.969757
v -0.902393 0.933061 0.966397
v -0.902128 0.937983 0.962882
v -0.901921 0.942648 0.959209
v -0.901790 0.947075 0.955373
v -0.901751 0.951283 0.951360
v -0.909576 0.853521 0.988850
v -0.910098 0.860876 0.988432
v -0.910484 0.868341 0.987654
v -0.910725 0.875802 0.986515
v -0.910820 0.883156 0.985030
v -0.910776 0.890322 0.983227
v -0.910611 0.897236 0.981137
v -0.910344 0.903855 0.978796
v -0.909997 0.910156 0.976236
v -0.909592 0.916136 0.973486
v -0.909158 0.921795 0.970565
v -0.908726 0.927143 0.967487
v -0.908321 0.932194 0.964263
v -0.907969 0.936964 0.960893
v -0.907694 0.941474 0.957375
v -0.907517 0.945744 0.953699
v -0.907460 0.949793 0.949846
v -0.916149 0.853521 0.985936
v -0.916668 0.860878 0.985485
v -0.917031 0.868331 0.984682
v -0.917230 0.875763 0.983531
v -0.917263 0.883071 0.982051
v -0.917138 0.890177 0.980270
v -0.916876 0.897016 0.978223
v -0.916499 0.903546 0.975944
v -0.916034 0.909744 0.973468
v -0.915502 0.915605 0.970824
v -0.914943 0.921133 0.968029
v -0.914389 0.926342 0.965093
v -0.913875 0.931247 0.962021
v -0.913429 0.935867 0.958812
v -0.913081 0.940223 0.955459
v -0.912855 0.944337 0.951949
v -0.912778 0.948226 0.948261
v -0.922571 0.853521 0.982704
v -0.923059 0.860879 0.982232
v -0.923372 0.868316 0.981420
v -0.923501 0.875712 0.980274
v -0.923447 0.882969 0.978818
v -0.923220 0.890008 0.977080
v -0.922842 0.896767 0.975096
v -0.922340 0.903205 0.972901
v -0.921742 0.909297 0.970530
v -0.921074 0.915039 0.968012
v -0.920379 0.920438 0.965362
v -0.919696 0.925508 0.962584
v -0.919062 0.930269 0.959682
v -0.918513 0.934739 0.956651
v -0.918081 0.938940 0.953480
v -0.917800 0.942893 0.950150
v -0.917700 0.946615 0.946637
v -0.928826 0.853521 0.979160
v -0.929258 0.860879 0.978685
v -0.929495 0.868296 0.977882
v -0.929530 0.875655 0.976764
v -0.929366 0.882858 0.975353
v -0.929017 0.889829 0.973680
v -0.928509 0.896509 0.971779
v -0.927869 0.902855 0.969687
v -0.927129 0.908846 0.967438
v -0.926317 0.914474 0.965063
v -0.925479 0.919750 0.962571
v -0.924659 0.924688 0.959967
v -0.923896 0.929307 0.957252
v -0.923228 0.933625 0.954419
v -0.922699 0.937666 0.951451
v -0.922351 0.941449 0.948322
v -0.922224 0.944992 0.945004
v -0.934900 0.853521 0.975314
v -0.935252 0.860877 0.974856
v -0.935391 0.868273 0.974086
v -0.935311 0.875594 0.973017
v -0.935019 0.882745 0.971674
v -0.934534 0.889653 0.970086
v -0.933882 0.896259 0.968289
v -0.933096 0.902521 0.966316
v -0.932208 0.908419 0.964204
v -0.931247 0.913945 0.961982
v -0.930261 0.919108 0.959660
v -0.929295 0.923922 0.957242
v -0.928391 0.928402 0.954731
v -0.927586 0.932568 0.952121
v -0.926942 0.936440 0.949385
v -0.926512 0.940040 0.946488
v -0.926353 0.943383 0.943390
v -0.940778 0.853521 0.971174
v -0.941030 0.860874 0.970757
v -0.941054 0.868248 0.970042
v -0.940843 0.875534 0.969048
v -0.940411 0.882640 0.967794
v -0.939779 0.889492 0.966312
v -0.938977 0.896034 0.964634
v -0.938038 0.902225 0.962795
v -0.936997 0.908044 0.960830
v -0.935884 0.913483 0.958769
v -0.934745 0.918547 0.956624
v -0.933626 0.923248 0.954405
v -0.932565 0.927597 0.952116
v -0.931603 0.931606 0.949760
v -0.930819 0.935301 0.947293
v -0.930289 0.938701 0.944665
v -0.930090 0.941819 0.941821
v -0.946446 0.853521 0.966751
v -0.946585 0.860869 0.966398
v -0.946480 0.868224 0.965764
v -0.946129 0.875480 0.964865
v -0.945550 0.882549 0.963721
v -0.944766 0.889358 0.962361
v -0.943809 0.895850 0.960817
v -0.942715 0.901986 0.959123
v -0.941517 0.907744 0.957312
v -0.940250 0.913116 0.955416
v -0.938955 0.918104 0.953452
v -0.937673 0.922713 0.951435
v -0.936443 0.926949 0.949377
v -0.935302 0.930821 0.947290
v -0.934341 0.934341 0.945131
v -0.933652 0.937514 0.942853
v -0.933377 0.940352 0.940352
v -0.951890 0.853521 0.962055
v -0.951909 0.860863 0.961790
v -0.951669 0.868202 0.961259
v -0.951176 0.875438 0.960475
v -0.950449 0.882482 0.959457
v -0.949512 0.889261 0.958233
v -0.948399 0.895721 0.956833
v -0.947148 0.901822 0.955291
v -0.945793 0.907542 0.953640
v -0.944368 0.912873 0.951909
v -0.942912 0.917811 0.950124
v -0.941459 0.922358 0.948307
v -0.940045 0.926516 0.946480
v -0.938703 0.930291 0.944661
v -0.937515 0.933652 0.942852
v -0.936568 0.936568 0.941056
v -0.936157 0.939041 0.939041
v -0.860708 0.999824 0.853521
v -0.867879 0.999295 0.853521
v -0.875014 0.998415 0.853521
v -0.882098 0.997185 0.853521
v -0.889113 0.995610 0.853521
v -0.896042 0.993693 0.853521
v -0.902868 0.991437 0.853521
v -0.909576 0.988850 0.853521
v -0.916149 0.985936 0.853521
v -0.922571 0.982704 0.853521
v -0.928826 0.979160 0.853521
v -0.934900 0.975314 0.853521
v -0.940778 0.971174 0.853521
v -0.946446 0.966751 0.853521
v -0.951890 0.962055 0.853521
v -0.957097 0.957097 0.853521
v -0.853521 0.999824 0.860708
v -0.860763 0.999644 0.860723
v -0.868030 0.999101 0.860730
v -0.875275 0.998196 0.860740
v -0.882461 0.996930 0.860752
v -0.889562 0.995312 0.860768
v -0.896553 0.993348 0.860785
v -0.903412 0.991049 0.860801
v -0.910122 0.988425 0.860816
v -0.916671 0.985486 0.860828
v -0.923044 0.982242 0.860836
v -0.929226 0.978706 0.860843
v -0.935208 0.974887 0.860847
v -0.940979 0.970796 0.860850
v -0.946530 0.966445 0.860853
v -0.951853 0.961841 0.860855
v -0.956940 0.956994 0.860858
v -0.853521 0.999295 0.867879
v -0.860798 0.999105 0.867963
v -0.868145 0.998545 0.868022
v -0.875485 0.997612 0.868067
v -0.882757 0.996310 0.868102
v -0.889929 0.994649 0.868134
v -0.896964 0.992642 0.868161
v -0.903837 0.990303 0.868182
v -0.910532 0.987650 0.868196
v -0.917040 0.984692 0.868202
v -0.923345 0.981447 0.868203
v -0.929439 0.977928 0.868199
v -0.935313 0.974149 0.868193
v -0.940961 0.970119 0.868186
v -0.946381 0.965851 0.868181
v -0.951571 0.961352 0.868181
v -0.956529 0.956624 0.868187
v -0.853521 0.998415 0.875014
v -0.860823 0.998204 0.875193
v -0.868227 0.997619 0.875328
v -0.875638 0.996654 0.875426
v -0.882980 0.995315 0.875494
v -0.890204 0.993612 0.875542
v -0.897266 0.991565 0.875571
v -0.904137 0.989195 0.875583
v -0.910800 0.986520 0.875579
v -0.917249 0.983556 0.875562
v -0.923472 0.980322 0.875535
v -0.929462 0.976833 0.875502
v -0.935214 0.973106 0.875469
v -0.940729 0.969152 0.875438
v -0.946008 0.964979 0.875416
v -0.951054 0.960593 0.875405
v -0.955875 0.955994 0.875411
v -0.853521 0.997185 0.882098
v -0.860842 0.996943 0.882375
v -0.868282 0.996325 0.882592
v -0.875741 0.995324 0.882750
v -0.883130 0.993945 0.882855
v -0.890386 0.992204 0.882915
v -0.897456 0.990125 0.882937
v -0.904307 0.987731 0.882924
v -0.910922 0.985047 0.882885
v -0.917298 0.982090 0.882824
v -0.923426 0.978881 0.882750
v -0.929300 0.975439 0.882671
v -0.934921 0.971779 0.882593
v -0.940294 0.967913 0.882524
v -0.945424 0.963847 0.882472
v -0.950321 0.959585 0.882443
v -0.954995 0.955122 0.882444
v -0.853521 0.995610 0.889113
v -0.860855 0.995327 0.889483
v -0.868318 0.994669 0.889774
v -0.875803 0.993629 0.889984
v -0.883213 0.992212 0.890116
v -0.890476 0.990439 0.890178
v -0.897534 0.988336 0.890179
v -0.904349 0.985932 0.890128
v -0.910903 0.983252 0.890036
v -0.917195 0.980317 0.889914
v -0.923216 0.977151 0.889775
v -0.928967 0.973771 0.889630
v -0.934450 0.970194 0.889491
v -0.939675 0.966430 0.889370
v -0.944652 0.962484 0.889276
v -0.949394 0.958354 0.889220
v -0.953916 0.954035 0.889212
v -0.853521 0.993693 0.896042
v -0.860865 0.993364 0.896488
v -0.868338 0.992663 0.896836
v -0.875829 0.991583 0.897081
v -0.883239 0.990134 0.897224
v -0.890487 0.988338 0.897271
v -0.897512 0.986224 0.897235
v -0.904275 0.983822 0.897129
v -0.910756 0.981163 0.896969
v -0.916953 0.978269 0.896769
v -0.922860 0.975163 0.896547
v -0.928481 0.971865 0.896321
v -0.933822 0.968388 0.896106
v -0.938896 0.964740 0.895918
v -0.943717 0.960925 0.895773
v -0.948302 0.956938 0.895683
v -0.952669 0.952769 0.895661
v -0.853521 0.991437 0.902868
v -0.860872 0.991062 0.903366
v -0.868345 0.990319 0.903747
v -0.875827 0.989205 0.904003
v -0.883216 0.987732 0.904135
v -0.890430 0.985925 0.904148
v -0.897407 0.983814 0.904057
v -0.904104 0.981433 0.903880
v -0.910501 0.978813 0.903635
v -0.916593 0.975980 0.903340
v -0.922379 0.972955 0.903020
v -0.927865 0.969757 0.902697
v -0.933061 0.966397 0.902393
v -0.937983 0.962882 0.902128
v -0.942648 0.959209 0.901921
v -0.947075 0.955373 0.901790
v -0.951283 0.951360 0.901751
v -0.853521 0.988850 0.909576
v -0.860876 0.988432 0.910098
v -0.868341 0.987654 0.910484
v -0.875802 0.986515 0.910725
v -0.883156 0.985030 0.910820
v -0.890322 0.983227 0.910776
v -0.897236 0.981137 0.910611
v -0.903855 0.978796 0.910344
v -0.910156 0.976236 0.909997
v -0.916136 0.973486 0.909592
v -0.921795 0.970565 0.909158
v -0.927143 0.967487 0.908726
v -0.932194 0.964263 0.908321
v -0.936964 0.960893 0.907969
v -0.941474 0.957375 0.907694
v -0.945744 0.953699 0.907517
v -0.949793 0.949846 0.907460
v -0.853521 0.985936 0.916149
v -0.860878 0.985485 0.916668
v -0.868331 0.984682 0.917031
v -0.875763 0.983531 0.917230
v -0.883071 0.982051 0.917263
v -0.890177 0.980270 0.917138
v -0.897016 0.978223 0.916876
v -0.903546 0.975944 0.916499
v -0.909744 0.973468 0.916034
v -0.915605 0.970824 0.915502
v -0.921133 0.968029 0.914943
v -0.926342 0.965093 0.914389
v -0.931247 0.962021 0.913875
v -0.935867 0.958812 0.913429
v -0.940223 0.955459 0.913081
v -0.944337 0.951949 0.912855
v -0.948226 0.948261 0.912778
v -0.853521 0.982704 0.922571
v -0.860879 0.982232 0.923059
v -0.868316 0.981420 0.923372
v -0.875712 0.980274 0.923501
v -0.882969 0.978818 0.923447
v -0.890008 0.977080 0.923220
v -0.896767 0.975096 0.922842
v -0.903205 0.972901 0.922340
v -0.909297 0.970530 0.921742
v -0.915039 0.968012 0.921074
v -0.920438 0.965362 0.920379
v -0.925508 0.962584 0.919696
v -0.930269 0.959682 0.919062
v -0.934739 0.956651 0.918513
v -0.938940 0.953480 0.918081
v -0.942893 0.950150 0.917799
v -0.946615 0.946637 0.917700
v -0.853521 0.979160 0.928826
v -0.860879 0.978685 0.929258
v -0.868296 0.977882 0.929495
v -0.875655 0.976764 0.929530
v -0.882858 0.975353 0.929366
v -0.889829 0.973680 0.929017
v -0.896509 0.971779 0.928509
v -0.902855 0.969687 0.927869
v -0.908846 0.967438 0.927129
v -0.914474 0.965063 0.926317
v -0.919750 0.962571 0.925479
v -0.924688 0.959967 0.924659
v -0.929307 0.957252 0.923896
v -0.933625 0.954419 0.923228
v -0.937666 0.951451 0.922699
v -0.941449 0.948322 0.922351
v -0.944992 0.945004 0.922224
v -0.853521 0.975314 0.934900
v -0.860877 0.974856 0.935252
v -0.868273 0.974086 0.935391
v -0.875594 0.973017 0.935311
v -0.882745 0.971674 0.935019
v -0.889653 0.970086 0.934534
v -0.896259 0.968289 0.933882
v -0.902521 0.966316 0.933096
v -0.908419 0.964204 0.932208
v -0.913945 0.961982 0.931247
v -0.919108 0.959660 0.930261
v -0.923922 0.957242 0.929295
v -0.928402 0.954731 0.928391
v -0.932568 0.952121 0.927586
v -0.936440 0.949385 0.926942
v -0.940040 0.946488 0.926512
v -0.943383 0.943390 0.926353
v -0.853521 0.971174 0.940778
v -0.860874 0.970757 0.941030
v -0.868248 0.970042 0.941054
v -0.875534 0.969048 0.940843
v -0.882640 0.967794 0.940411
v -0.889492 0.966312 0.939779
v -0.896034 0.964634 0.938977
v -0.902225 0.962795 0.938038
v -0.908044 0.960830 0.936997
v -0.913483 0.958769 0.935884
v -0.918547 0.956624 0.934745
v -0.923248 0.954405 0.933626
v -0.927597 0.952116 0.932565
v -0.931606 0.949760 0.931603
v -0.935301 0.947293 0.930819
v -0.938701 0.944665 0.930289
v -0.941819 0.941821 0.930090
v -0.853521 0.966751 0.946446
v -0.860869 0.966398 0.946585
v -0.868224 0.965764 0.946480
v -0.875480 0.964865 0.946129
v -0.882549 0.963721 0.945550
v -0.889358 0.962361 0.944766
v -0.895850 0.960817 0.943809
v -0.901986 0.959123 0.942715
v -0.907744 0.957312 0.941517
v -0.913116 0.955416 0.940250
v -0.918104 0.953452 0.938955
v -0.922713 0.951435 0.937673
v -0.926949 0.949377 0.936443
v -0.930821 0.947290 0.935302
v -0.934341 0.945131 0.934341
v -0.937514 0.942853 0.933652
v -0.940352 0.940352 0.933377
v -0.853521 0.962055 0.951890
v -0.860863 0.961790 0.951909
v -0.868202 0.961259 0.951669
v -0.875438 0.960475 0.951176
v -0.882482 0.959457 0.950449
v -0.889261 0.958233 0.949512
v -0.895721 0.956833 0.948399
v -0.901822 0.955291 0.947148
v -0.907542 0.953640 0.945793
v -0.912873 0.951909 0.944368
v -0.917811 0.950124 0.942912
v -0.922358 0.948307 0.941459
v -0.926516 0.946480 0.940045
v -0.930291 0.944661 0.938703
v -0.933652 0.942852 0.937515
v -0.936568 0.941056 0.936568
v -0.939041 0.939041 0.936157
v -0.853521 -1.000000 0.853521
v -0.853521 -0.853521 1.000000
v -1.000000 -0.853521 0.853521
v -0.853521 -0.999824 0.860708
v -0.853521 -0.999295 0.867879
v -0.853521 -0.998415 0.875014
v -0.853521 -0.997185 0.882098
v -0.853521 -0.995610 0.889113
v -0.853521 -0.993693 0.896042
v -0.853521 -0.991437 0.902868
v -0.853521 -0.988850 0.909576
v -0.853521 -0.985936 0.916149
v -0.853521 -0.982704 0.922571
v -0.853521 -0.979160 0.928826
v -0.853521 -0.975314 0.934900
v -0.853521 -0.971174 0.940778
v -0.853521 -0.966751 0.946446
v -0.853521 -0.962055 0.951890
v -0.853521 -0.957097 0.957097
v -0.860708 -0.999824 0.853521
v -0.860723 -0.999644 0.860763
v -0.860730 -0.999101 0.868030
v -0.860740 -0.998196 0.875275
v -0.860752 -0.996930 0.882461
v -0.860768 -0.995312 0.889562
v -0.860785 -0.993348 0.896553
v -0.860801 -0.991049 0.903412
v -0.860816 -0.988425 0.910122
v -0.860828 -0.985486 0.916671
v -0.860836 -0.982242 0.923044
v -0.860843 -0.978706 0.929226
v -0.860847 -0.974887 0.935208
v -0.860850 -0.970796 0.940979
v -0.860853 -0.966445 0.946530
v -0.860855 -0.961841 0.951853
v -0.860858 -0.956994 0.956940
v -0.867879 -0.999295 0.853521
v -0.867963 -0.999105 0.860798
v -0.868022 -0.998545 0.868145
v -0.868067 -0.997612 0.875485
v -0.868102 -0.996310 0.882757
v -0.868134 -0.994649 0.889929
v -0.868161 -0.992642 0.896964
v -0.868182 -0.990303 0.903837
v -0.868196 -0.987650 0.910532
v -0.868202 -0.984692 0.917040
v -0.868203 -0.981447 0.923345
v -0.868199 -0.977928 0.929439
v -0.868193 -0.974149 0.935313
v -0.868186 -0.970119 0.940961
v -0.868181 -0.965851 0.946381
v -0.868181 -0.961352 0.951571
v -0.868187 -0.956624 0.956529
v -0.875014 -0.998415 0.853521
v -0.875193 -0.998204 0.860823
v -0.875328 -0.997619 0.868227
v -0.875426 -0.996654 0.875638
v -0.875494 -0.995315 0.882980
v -0.875542 -0.993612 0.890204
v -0.875571 -0.991565 0.897266
v -0.875583 -0.989195 0.904137
v -0.875579 -0.986520 0.910800
v -0.875562 -0.983556 0.917249
v -0.875535 -0.980322 0.923472
v -0.875502 -0.976833 0.929462
v -0.875469 -0.973106 0.935214
v -0.875438 -0.969152 0.940729
v -0.875416 -0.964979 0.946008
v -0.875405 -0.960593 0.951054
v -0.875411 -0.955994 0.955875
v -0.882098 -0.997185 0.853521
v -0.882375 -0.996943 0.860842
v -0.882592 -0.996325 0.868282
v -0.882750 -0.995324 0.875741
v -0.882855 -0.993945 0.883130
v -0.882915 -0.992204 0.890386
v -0.882937 -0.990125 0.897456
v -0.882924 -0.987731 0.904307
v -0.882885 -0.985047 0.910922
v -0.882824 -0.982090 0.917298
v -0.882750 -0.978881 0.923426
v -0.882671 -0.975439 0.929300
v -0.882593 -0.971779 0.934921
v -0.882524 -0.967913 0.940294
v -0.882472 -0.963847 0.945424
v -0.882443 -0.959585 0.950321
v -0.882444 -0.955122 0.954995
v -0.889113 -0.995610 0.853521
v -0.889483 -0.995327 0.860855
v -0.889774 -0.994669 0.868318
v -0.889984 -0.993629 0.875803
v -0.890116 -0.992212 0.883213
v -0.890178 -0.990439 0.890476
v -0.890179 -0.988336 0.897534
v -0.890128 -0.985932 0.904349
v -0.890036 -0.983252 0.910903
v -0.889914 -0.980317 0.917195
v -0.889775 -0.977151 0.923216
v -0.889630 -0.973771 0.928967
v -0.889491 -0.970194 0.934450
v -0.889370 -0.966430 0.939675
v -0.889276 -0.962484 0.944652
v -0.889220 -0.958354 0.949394
v -0.889212 -0.954035 0.953916
v -0.896042 -0.993693 0.853521
v -0.896488 -0.993364 0.860865
v -0.896836 -0.992663 0.868338
v -0.897081 -0.991583 0.875829
v -0.897224 -0.990134 0.883239
v -0.897271 -0.988338 0.890487
v -0.897235 -0.986224 0.897512
v -0.897129 -0.983822 0.904275
v -0.896969 -0.981163 0.910756
v -0.896769 -0.978269 0.916953
v -0.896547 -0.975164 0.922860
v -0.896321 -0.971865 0.928481
v -0.896106 -0.968388 0.933822
v -0.895918 -0.964740 0.938896
v -0.895773 -0.960925 0.943717
v -0.895683 -0.956938 0.948302
v -0.895661 -0.952769 0.952669
v -0.902868 -0.991437 0.853521
v -0.903366 -0.991062 0.860872
v -0.903747 -0.990319 0.868345
v -0.904003 -0.989205 0.875827
v -0.904135 -0.987732 0.883216
v -0.904148 -0.985925 0.890430
v -0.904057 -0.983814 0.897407
v -0.903880 -0.981433 0.904104
v -0.903635 -0.978813 0.910501
v -0.903340 -0.975980 0.916593
v -0.903020 -0.972955 0.922379
v -0.902697 -0.969757 0.927865
v -0.902393 -0.966397 0.933061
v -0.902128 -0.962882 0.937983
v -0.901921 -0.959209 0.942648
v -0.901790 -0.955373 0.947075
v -0.901751 -0.951360 0.951283
v -0.909576 -0.988850 0.853521
v -0.910098 -0.988432 0.860876
v -0.910484 -0.987654 0.868341
v -0.910725 -0.986515 0.875802
v -0.910820 -0.985030 0.883156
v -0.910776 -0.983227 0.890322
v -0.910611 -0.981137 0.897236
v -0.910344 -0.978796 0.903855
v -0.909997 -0.976236 0.910156
v -0.909592 -0.973486 0.916136
v -0.909158 -0.970565 0.921795
v -0.908726 -0.967487 0.927143
v -0.908321 -0.964263 0.932194
v -0.907969 -0.960893 0.936964
v -0.907694 -0.957375 0.941474
v -0.907517 -0.953699 0.945744
v -0.907460 -0.949846 0.949793
v -0.916149 -0.985936 0.853521
v -0.916668 -0.985485 0.860878
v -0.917031 -0.984682 0.868331
v -0.917230 -0.983531 0.875763
v -0.917263 -0.982051 0.883071
v -0.917138 -0.980270 0.890177
v -0.916876 -0.978223 0.897016
v -0.916499 -0.975944 0.903546
v -0.916034 -0.973468 0.909744
v -0.915502 -0.970824 0.915605
v -0.914943 -0.968029 0.921133
v -0.914389 -0.965093 0.926342
v -0.913875 -0.962021 0.931247
v -0.913429 -0.958812 0.935867
v -0.913081 -0.955459 0.940223
v -0.912855 -0.951949 0.944337
v -0.912778 -0.948261 0.948226
v -0.922571 -0.982704 0.853521
v -0.923059 -0.982232 0.860879
v -0.923372 -0.981420 0.868316
v -0.923501 -0.980274 0.875712
v -0.923447 -0.978818 0.882969
v -0.923220 -0.977080 0.890008
v -0.922842 -0.975096 0.896767
v -0.922340 -0.972901 0.903205
v -0.921742 -0.970530 0.909297
v -0.921074 -0.968012 0.915039
v -0.920379 -0.965362 0.920438
v -0.919696 -0.962584 0.925508
v -0.919062 -0.959682 0.930269
v -0.918513 -0.956651 0.934739
v -0.918081 -0.953480 0.938940
v -0.917799 -0.950150 0.942893
v -0.917700 -0.946637 0.946615
v -0.928826 -0.979160 0.853521
v -0.929258 -0.978685 0.860879
v -0.929495 -0.977882 0.868296
v -0.929530 -0.976764 0.875655
v -0.929366 -0.975353 0.882858
v -0.929017 -0.973680 0.889829
v -0.928509 -0.971779 0.896509
v -0.927869 -0.969687 0.902855
v -0.927129 -0.967438 0.908846
v -0.926317 -0.965063 0.914474
v -0.925479 -0.962571 0.919750
v -0.924659 -0.959967 0.924688
v -0.923896 -0.957252 0.929307
v -0.923228 -0.954419 0.933625
v -0.922699 -0.951451 0.937666
v -0.922351 -0.948322 0.941449
v -0.922224 -0.945004 0.944992
v -0.934900 -0.975314 0.853521
v -0.935252 -0.974856 0.860877
v -0.935391 -0.974086 0.868273
v -0.935311 -0.973017 0.875594
v -0.935019 -0.971674 0.882745
v -0.934534 -0.970086 0.889653
v -0.933882 -0.968289 0.896259
v -0.933096 -0.966316 0.902521
v -0.932208 -0.964204 0.908419
v -0.931247 -0.961982 0.913945
v -0.930261 -0.959660 0.919108
v -0.929295 -0.957242 0.923922
v -0.928391 -0.954731 0.928402
v -0.927586 -0.952121 0.932568
v -0.926942 -0.949385 0.936440
v -0.926512 -0.946488 0.940040
v -0.926353 -0.943390 0.943383
v -0.940778 -0.971174 0.853521
v -0.941030 -0.970757 0.860874
v -0.941054 -0.970042 0.868248
v -0.940843 -0.969048 0.875534
v -0.940411 -0.967794 0.882640
v -0.939779 -0.966312 0.889492
v -0.938977 -0.964634 0.896034
v -0.938038 -0.962795 0.902225
v -0.936997 -0.960830 0.908044
v -0.935884 -0.958769 0.913483
v -0.934745 -0.956624 0.918547
v -0.933626 -0.954405 0.923248
v -0.932565 -0.952116 0.927597
v -0.931603 -0.949760 0.931606
v -0.930819 -0.947293 0.935301
v -0.930289 -0.944665 0.938701
v -0.930090 -0.941821 0.941819
v -0.946446 -0.966751 0.853521
v -0.946585 -0.966398 0.860869
v -0.946480 -0.965764 0.868224
v -0.946129 -0.964865 0.875480
v -0.945550 -0.963721 0.882549
v -0.944766 -0.962361 0.889358
v -0.943809 -0.960817 0.895850
v -0.942715 -0.959123 0.901986
v -0.941517 -0.957312 0.907744
v -0.940250 -0.955416 0.913116
v -0.938955 -0.953452 0.918104
v -0.937673 -0.951435 0.922713
v -0.936443 -0.949377 0.926949
v -0.935302 -0.947290 0.930821
v -0.934341 -0.945131 0.934341
v -0.933652 -0.942853 0.937514
v -0.933377 -0.940352 0.940352
v -0.951890 -0.962055 0.853521
v -0.951909 -0.961790 0.860863
v -0.951669 -0.961259 0.868202
v -0.951176 -0.960475 0.875438
v -0.950449 -0.959457 0.882482
v -0.949512 -0.958233 0.889261
v -0.948399 -0.956833 0.895721
v -0.947148 -0.955291 0.901822
v -0.945793 -0.953640 0.907542
v -0.944368 -0.951909 0.912873
v -0.942912 -0.950124 0.917811
v -0.941459 -0.948307 0.922358
v -0.940045 -0.946480 0.926516
v -0.938703 -0.944661 0.930291
v -0.937515 -0.942852 0.933652
v -0.936568 -0.941056 0.936568
v -0.936157 -0.939041 0.939041
v -0.938091 -0.938091 0.938091
v -0.860708 -0.853521 0.999824
v -0.867879 -0.853521 0.999295
v -0.875014 -0.853521 0.998415
v -0.882098 -0.853521 0.997185
v -0.889113 -0.853521 0.995610
v -0.896042 -0.853521 0.993693
v -0.902868 -0.853521 0.991437
v -0.909576 -0.853521 0.988850
v -0.916149 -0.853521 0.985936
v -0.922571 -0.853521 0.982704
v -0.928826 -0.853521 0.979160
v -0.934900 -0.853521 0.975314
v -0.940778 -0.853521 0.971174
v -0.946446 -0.853521 0.966751
v -0.951890 -0.853521 0.962055
v -0.957097 -0.853521 0.957097
v -0.853521 -0.860708 0.999824
v -0.860763 -0.860723 0.999644
v -0.868030 -0.860730 0.999101
v -0.875275 -0.860740 0.998196
v -0.882461 -0.860752 0.996930
v -0.889562 -0.860768 0.995312
v -0.896553 -0.860785 0.993348
v -0.903412 -0.860801 0.991049
v -0.910122 -0.860816 0.988425
v -0.916671 -0.860828 0.985486
v -0.923044 -0.860836 0.982242
v -0.929226 -0.860843 0.978706
v -0.935208 -0.860847 0.974887
v -0.940979 -0.860850 0.970796
v -0.946530 -0.860853 0.966445
v -0.951853 -0.860855 0.961841
v -0.956940 -0.860858 0.956994
v -0.853521 -0.867879 0.999295
v -0.860798 -0.867963 0.999105
v -0.868145 -0.868022 0.998545
v -0.875485 -0.868067 0.997612
v -0.882757 -0.868102 0.996310
v -0.889929 -0.868134 0.994649
v -0.896964 -0.868161 0.992642
v -0.903837 -0.868182 0.990303
v -0.910532 -0.868196 0.987650
v -0.917040 -0.868202 0.984692
v -0.923345 -0.868203 0.981447
v -0.929439 -0.868199 0.977928
v -0.935313 -0.868193 0.974149
v -0.940961 -0.868186 0.970119
v -0.946381 -0.868181 0.965851
v -0.951571 -0.868181 0.961352
v -0.956529 -0.868187 0.956624
v -0.853521 -0.875014 0.998415
v -0.860823 -0.875193 0.998204
v -0.868227 -0.875328 0.997619
v -0.875638 -0.875426 0.996654
v -0.882980 -0.875494 0.995315
v -0.890204 -0.875542 0.993612
v -0.897266 -0.875571 0.991565
v -0.904137 -0.875583 0.989195
v -0.910800 -0.875579 0.986520
v -0.917249 -0.875562 0.983556
v -0.923472 -0.875535 0.980322
v -0.929462 -0.875502 0.976833
v -0.935214 -0.875469 0.973106
v -0.940729 -0.875438 0.969152
v -0.946008 -0.875416 0.964979
v -0.951054 -0.875405 0.960593
v -0.955875 -0.875411 0.955994
v -0.853521 -0.882098 0.997185
v -0.860842 -0.882375 0.996943
v -0.868282 -0.882592 0.996325
v -0.875741 -0.882750 0.995324
v -0.883130 -0.882855 0.993945
v -0.890386 -0.882915 0.992204
v -0.897456 -0.882937 0.990125
v -0.904307 -0.882924 0.987731
v -0.910922 -0.882885 0.985047
v -0.917298 -0.882824 0.982090
v -0.923426 -0.882750 0.978881
v -0.929300 -0.882671 0.975439
v -0.934921 -0.882593 0.971779
v -0.940294 -0.882524 0.967913
v -0.945424 -0.882472 0.963847
v -0.950321 -0.882443 0.959585
v -0.954995 -0.882444 0.955122
v -0.853521 -0.889113 0.995610
v -0.860855 -0.889483 0.995327
v -0.868318 -0.889774 0.994669
v -0.875803 -0.889984 0.993629
v -0.883213 -0.890116 0.992212
v -0.890476 -0.890178 0.990439
v -0.897534 -0.890179 0.988336
v -0.904349 -0.890128 0.985932
v -0.910903 -0.890036 0.983252
v -0.917195 -0.889914 0.980317
v -0.923216 -0.889775 0.977151
v -0.928967 -0.889630 0.973771
v -0.934450 -0.889491 0.970194
v -0.939675 -0.889370 0.966430
v -0.944652 -0.889276 0.962484
v -0.949394 -0.889220 0.958354
v -0.953916 -0.889212 0.954035
v -0.853521 -0.896042 0.993693
v -0.860865 -0.896488 0.993364
v -0.868338 -0.896836 0.992663
v -0.875829 -0.897081 0.991583
v -0.883239 -0.897224 0.990134
v -0.890487 -0.897271 0.988338
v -0.897512 -0.897235 0.986224
v -0.904275 -0.897129 0.983822
v -0.910756 -0.896969 0.981163
v -0.916953 -0.896769 0.978269
v -0.922860 -0.896547 0.975163
v -0.928481 -0.896321 0.971865
v -0.933822 -0.896106 0.968388
v -0.938896 -0.895918 0.964740
v -0.943717 -0.895773 0.960925
v -0.948302 -0.895683 0.956938
v -0.952669 -0.895661 0.952769
v -0.853521 -0.902868 0.991437
v -0.860872 -0.903366 0.991062
v -0.868345 -0.903747 0.990319
v -0.875827 -0.904003 0.989205
v -0.883216 -0.904135 0.987732
v -0.890430 -0.904148 0.985925
v -0.897407 -0.904057 0.983814
v -0.904104 -0.903880 0.981433
v -0.910501 -0.903635 0.978813
v -0.916593 -0.903340 0.975980
v -0.922379 -0.903020 0.972955
v -0.927865 -0.902697 0.969757
v -0.933061 -0.902393 0.966397
v -0.937983 -0.902128 0.962882
v -0.942648 -0.901921 0.959209
v -0.947075 -0.901790 0.955373
v -0.951283 -0.901751 0.951360
v -0.853521 -0.909576 0.988850
v -0.860876 -0.910098 0.988432
v -0.868341 -0.910484 0.987654
v -0.875802 -0.910725 0.986515
v -0.883156 -0.910820 0.985030
v -0.890322 -0.910776 0.983227
v -0.897236 -0.910611 0.981137
v -0.903855 -0.910344 0.978796
v -0.910156 -0.909997 0.976236
v -0.916136 -0.909592 0.973486
v -0.921795 -0.909158 0.970565
v -0.927143 -0.908726 0.967487
v -0.932194 -0.908321 0.964263
v -0.936964 -0.907969 0.960893
v -0.941474 -0.907694 0.957375
v -0.945744 -0.907517 0.953699
v -0.949793 -0.907460 0.949846
v -0.853521 -0.916149 0.985936
v -0.860878 -0.916668 0.985485
v -0.868331 -0.917031 0.984682
v -0.875763 -0.917230 0.983531
v -0.883071 -0.917263 0.982051
v -0.890177 -0.917138 0.980270
v -0.897016 -0.916876 0.978223
v -0.903546 -0.916499 0.975944
v -0.909744 -0.916034 0.973468
v -0.915605 -0.915502 0.970824
v -0.921133 -0.914943 0.968029
v -0.926342 -0.914389 0.965093
v -0.931247 -0.913875 0.962021
v -0.935867 -0.913429 0.958812
v -0.940223 -0.913081 0.955459
v -0.944337 -0.912855 0.951949
v -0.948226 -0.912778 0.948261
v -0.853521 -0.922571 0.982704
v -0.860879 -0.923059 0.982232
v -0.868316 -0.923372 0.981420
v -0.875712 -0.923501 0.980274
v -0.882969 -0.923447 0.978818
v -0.890008 -0.923220 0.977080
v -0.896767 -0.922842 0.975096
v -0.903205 -0.922340 0.972901
v -0.909297 -0.921742 0.970530
v -0.915039 -0.921074 0.968012
v -0.920438 -0.920379 0.965362
v -0.925508 -0.919696 0.962584
v -0.930269 -0.919062 0.959682
v -0.934739 -0.918513 0.956651
v -0.938940 -0.918081 0.953480
v -0.942893 -0.917800 0.950150
v -0.946615 -0.917700 0.946637
v -0.853521 -0.928826 0.979160
v -0.860879 -0.929258 0.978685
v -0.868296 -0.929495 0.977882
v -0.875655 -0.929530 0.976764
v -0.882858 -0.929366 0.975353
v -0.889829 -0.929017 0.973680
v -0.896509 -0.928509 0.971779
v -0.902855 -0.927869 0.969687
v -0.908846 -0.927129 0.967438
v -0.914474 -0.926317 0.965063
v -0.919750 -0.925479 0.962571
v -0.924688 -0.924659 0.959967
v -0.929307 -0.923896 0.957252
v -0.933625 -0.923228 0.954419
v -0.937666 -0.922699 0.951451
v -0.941449 -0.922351 0.948322
v -0.944992 -0.922224 0.945004
v -0.853521 -0.934900 0.975314
v -0.860877 -0.935252 0.974856
v -0.868273 -0.935391 0.974086
v -0.875594 -0.935311 0.973017
v -0.882745 -0.935019 0.971674
v -0.889653 -0.934534 0.970086
v -0.896259 -0.933882 0.968289
v -0.902521 -0.933096 0.966316
v -0.908419 -0.932208 0.964204
v -0.913945 -0.931247 0.961982
v -0.919108 -0.930261 0.959660
v -0.923922 -0.929295 0.957242
v -0.928402 -0.928391 0.954731
v -0.932568 -0.927586 0.952121
v -0.936440 -0.926942 0.949385
v -0.940040 -0.926512 0.946488
v -0.943383 -0.926353 0.943390
v -0.853521 -0.940778 0.971174
v -0.860874 -0.941030 0.970757
v -0.868248 -0.941054 0.970042
v -0.875534 -0.940843 0.969048
v -0.882640 -0.940411 0.967794
v -0.889492 -0.939779 0.966312
v -0.896034 -0.938977 0.964634
v -0.902225 -0.938038 0.962795
v -0.908044 -0.936997 0.960830
v -0.913483 -0.935884 0.958769
v -0.918547 -0.934745 0.956624
v -0.923248 -0.933626 0.954405
v -0.927597 -0.932565 0.952116
v -0.931606 -0.931603 0.949760
v -0.935301 -0.930819 0.947293
v -0.938701 -0.930289 0.944665
v -0.941819 -0.930090 0.941821
v -0.853521 -0.946446 0.966751
v -0.860869 -0.946585 0.966398
v -0.868224 -0.946480 0.965764
v -0.875480 -0.946129 0.964865
v -0.882549 -0.945550 0.963721
v -0.889358 -0.944766 0.962361
v -0.895850 -0.943809 0.960817
v -0.901986 -0.942715 0.959123
v -0.907744 -0.941517 0.957312
v -0.913116 -0.940250 0.955416
v -0.918104 -0.938955 0.953452
v -0.922713 -0.937673 0.951435
v -0.926949 -0.936443 0.949377
v -0.930821 -0.935302 0.947290
v -0.934341 -0.934341 0.945131
v -0.937514 -0.933652 0.942853
v -0.940352 -0.933377 0.940352
v -0.853521 -0.951890 0.962055
v -0.860863 -0.951909 0.961790
v -0.868202 -0.951669 0.961259
v -0.875438 -0.951176 0.960475
v -0.882482 -0.950449 0.959457
v -0.889261 -0.949512 0.958233
v -0.895721 -0.948399 0.956833
v -0.901822 -0.947148 0.955291
v -0.907542 -0.945793 0.953640
v -0.912873 -0.944368 0.951909
v -0.917811 -0.942912 0.950124
v -0.922358 -0.941459 0.948307
v -0.926516 -0.940045 0.946480
v -0.930291 -0.938703 0.944661
v -0.933652 -0.937515 0.942852
v -0.936568 -0.936568 0.941056
v -0.939041 -0.936157 0.939041
v -0.999824 -0.860708 0.853521
v -0.999295 -0.867879 0.853521
v -0.998415 -0.875014 0.853521
v -0.997185 -0.882098 0.853521
v -0.995610 -0.889113 0.853521
v -0.993693 -0.896042 0.853521
v -0.991437 -0.902868 0.853521
v -0.988850 -0.909576 0.853521
v -0.985936 -0.916149 0.853521
v -0.982704 -0.922571 0.853521
v -0.979160 -0.928826 0.853521
v -0.975314 -0.934900 0.853521
v -0.971174 -0.940778 0.853521
v -0.966751 -0.946446 0.853521
v -0.962055 -0.951890 0.853521
v -0.957097 -0.957097 0.853521
v -0.999824 -0.853521 0.860708
v -0.999644 -0.860763 0.860723
v -0.999101 -0.868030 0.860730
v -0.998196 -0.875275 0.860740
v -0.996930 -0.882461 0.860752
v -0.995312 -0.889562 0.860768
v -0.993348 -0.896553 0.860785
v -0.991049 -0.903412 0.860801
v -0.988425 -0.910122 0.860816
v -0.985486 -0.916671 0.860828
v -0.982242 -0.923044 0.860836
v -0.978706 -0.929226 0.860843
v -0.974887 -0.935208 0.860847
v -0.970796 -0.940979 0.860850
v -0.966445 -0.946530 0.860853
v -0.961841 -0.951853 0.860855
v -0.956994 -0.956940 0.860858
v -0.999295 -0.853521 0.867879
v -0.999105 -0.860798 0.867963
v -0.998545 -0.868145 0.868022
v -0.997612 -0.875485 0.868067
v -0.996310 -0.882757 0.868102
v -0.994649 -0.889929 0.868134
v -0.992642 -0.896964 0.868161
v -0.990303 -0.903837 0.868182
v -0.987650 -0.910532 0.868196
v -0.984692 -0.917040 0.868202
v -0.981447 -0.923345 0.868203
v -0.977928 -0.929439 0.868199
v -0.974149 -0.935313 0.868193
v -0.970119 -0.940961 0.868186
v -0.965851 -0.946381 0.868181
v -0.961352 -0.951571 0.868181
v -0.956624 -0.956529 0.868187
v -0.998415 -0.853521 0.875014
v -0.998204 -0.860823 0.875193
v -0.997619 -0.868227 0.875328
v -0.996654 -0.875638 0.875426
v -0.995315 -0.882980 0.875494
v -0.993612 -0.890204 0.875542
v -0.991565 -0.897266 0.875571
v -0.989195 -0.904137 0.875583
v -0.986520 -0.910800 0.875579
v -0.983556 -0.917249 0.875562
v -0.980322 -0.923472 0.875535
v -0.976833 -0.929462 0.875502
v -0.973106 -0.935214 0.875469
v -0.969152 -0.940729 0.875438
v -0.964979 -0.946008 0.875416
v -0.960593 -0.951054 0.875405
v -0.955994 -0.955875 0.875411
v -0.997185 -0.853521 0.882098
v -0.996943 -0.860842 0.882375
v -0.996325 -0.868282 0.882592
v -0.995324 -0.875741 0.882750
v -0.993945 -0.883130 0.882855
v -0.992204 -0.890386 0.882915
v -0.990125 -0.897456 0.882937
v -0.987731 -0.904307 0.882924
v -0.985047 -0.910922 0.882885
v -0.982090 -0.917298 0.882824
v -0.978881 -0.923426 0.882750
v -0.975439 -0.929300 0.882671
v -0.971779 -0.934921 0.882593
v -0.967913 -0.940294 0.882524
v -0.963847 -0.945424 0.882472
v -0.959585 -0.950321 0.882443
v -0.955122 -0.954995 0.882444
v -0.995610 -0.853521 0.889113
v -0.995327 -0.860855 0.889483
v -0.994669 -0.868318 0.889774
v -0.993629 -0.875803 0.889984
v -0.992212 -0.883213 0.890116
v -0.990439 -0.890476 0.890178
v -0.988336 -0.897534 0.890179
v -0.985932 -0.904349 0.890128
v -0.983252 -0.910903 0.890036
v -0.980317 -0.917195 0.889914
v -0.977151 -0.923216 0.889775
v -0.973771 -0.928967 0.889630
v -0.970194 -0.934450 0.889491
v -0.966430 -0.939675 0.889370
v -0.962484 -0.944652 0.889276
v -0.958354 -0.949394 0.889220
v -0.954035 -0.953916 0.889212
v -0.993693 -0.853521 0.896042
v -0.993364 -0.860865 0.896488
v -0.992663 -0.868338 0.896836
v -0.991583 -0.875829 0.897081
v -0.990134 -0.883239 0.897224
v -0.988338 -0.890487 0.897271
v -0.986224 -0.897512 0.897235
v -0.983822 -0.904275 0.897129
v -0.981163 -0.910756 0.896969
v -0.978269 -0.916953 0.896769
v -0.975163 -0.922860 0.896547
v -0.971865 -0.928481 0.896321
v -0.968388 -0.933822 0.896106
v -0.964740 -0.938896 0.895918
v -0.960925 -0.943717 0.895773
v -0.956938 -0.948302 0.895683
v -0.952769 -0.952669 0.895661
v -0.991437 -0.853521 0.902868
v -0.991062 -0.860872 0.903366
v -0.990319 -0.868345 0.903747
v -0.989205 -0.875827 0.904003
v -0.987732 -0.883216 0.904135
v -0.985925 -0.890430 0.904148
v -0.983814 -0.897407 0.904057
v -0.981433 -0.904104 0.903880
v -0.978813 -0.910501 0.903635
v -0.975980 -0.916593 0.903340
v -0.972955 -0.922379 0.903020
v -0.969757 -0.927865 0.902697
v -0.966397 -0.933061 0.902393
v -0.962882 -0.937983 0.902128
v -0.959209 -0.942648 0.901921
v -0.955373 -0.947075 0.901790
v -0.951360 -0.951283 0.901751
v -0.988850 -0.853521 0.909576
v -0.988432 -0.860876 0.910098
v -0.987654 -0.868341 0.910484
v -0.986515 -0.875802 0.910725
v -0.985030 -0.883156 0.910820
v -0.983227 -0.890322 0.910776
v -0.981137 -0.897236 0.910611
v -0.978796 -0.903855 0.910344
v -0.976236 -0.910156 0.909997
v -0.973486 -0.916136 0.909592
v -0.970565 -0.921795 0.909158
v -0.967487 -0.927143 0.908726
v -0.964263 -0.932194 0.908321
v -0.960893 -0.936964 0.907969
v -0.957375 -0.941474 0.907694
v -0.953699 -0.945744 0.907517
v -0.949846 -0.949793 0.907460
v -0.985936 -0.853521 0.916149
v -0.985485 -0.860878 0.916668
v -0.984682 -0.868331 0.917031
v -0.983531 -0.875763 0.917230
v -0.982051 -0.883071 0.917263
v -0.980270 -0.890177 0.917138
v -0.978223 -0.897016 0.916876
v -0.975944 -0.903546 0.916499
v -0.973468 -0.909744 0.916034
v -0.970824 -0.915605 0.915502
v -0.968029 -0.921133 0.914943
v -0.965093 -0.926342 0.914389
v -0.962021 -0.931247 0.913875
v -0.958812 -0.935867 0.913429
v -0.955459 -0.940223 0.913081
v -0.951949 -0.944337 0.912855
v -0.948261 -0.948226 0.912778
v -0.982704 -0.853521 0.922571
v -0.982232 -0.860879 0.923059
v -0.981420 -0.868316 0.923372
v -0.980274 -0.875712 0.923501
v -0.978818 -0.882969 0.923447
v -0.977080 -0.890008 0.923220
v -0.975096 -0.896767 0.922842
v -0.972901 -0.903205 0.922340
v -0.970530 -0.909297 0.921742
v -0.968012 -0.915039 0.921074
v -0.965362 -0.920438 0.920379
v -0.962584 -0.925508 0.919696
v -0.959682 -0.930269 0.919062
v -0.956651 -0.934739 0.918513
v -0.953480 -0.938940 0.918081
v -0.950150 -0.942893 0.917799
v -0.946637 -0.946615 0.917700
v -0.979160 -0.853521 0.928826
v -0.978685 -0.860879 0.929258
v -0.977882 -0.868296 0.929495
v -0.976764 -0.875655 0.929530
v -0.975353 -0.882858 0.929366
v -0.973680 -0.889829 0.929017
v -0.971779 -0.896509 0.928509
v -0.969687 -0.902855 0.927869
v -0.967438 -0.908846 0.927129
v -0.965063 -0.914474 0.926317
v -0.962571 -0.919750 0.925479
v -0.959967 -0.924688 0.924659
v -0.957252 -0.929307 0.923896
v -0.954419 -0.933625 0.923228
v -0.951451 -0.937666 0.922699
v -0.948322 -0.941449 0.922351
v -0.945004 -0.944992 0.922224
v -0.975314 -0.853521 0.934900
v -0.974856 -0.860877 0.935252
v -0.974086 -0.868273 0.935391
v -0.973017 -0.875594 0.935311
v -0.971674 -0.882745 0.935019
v -0.970086 -0.889653 0.934534
v -0.968289 -0.896259 0.933882
v -0.966316 -0.902521 0.933096
v -0.964204 -0.908419 0.932208
v -0.961982 -0.913945 0.931247
v -0.959660 -0.919108 0.930261
v -0.957242 -0.923922 0.929295
v -0.954731 -0.928402 0.928391
v -0.952121 -0.932568 0.927586
v -0.949385 -0.936440 0.926942
v -0.946488 -0.940040 0.926512
v -0.943390 -0.943383 0.926353
v -0.971174 -0.853521 0.940778
v -0.970757 -0.860874 0.941030
v -0.970042 -0.868248 0.941054
v -0.969048 -0.875534 0.940843
v -0.967794 -0.882640 0.940411
v -0.966312 -0.889492 0.939779
v -0.964634 -0.896034 0.938977
v -0.962795 -0.902225 0.938038
v -0.960830 -0.908044 0.936997
v -0.958769 -0.913483 0.935884
v -0.956624 -0.918547 0.934745
v -0.954405 -0.923248 0.933626
v -0.952116 -0.927597 0.932565
v -0.949760 -0.931606 0.931603
v -0.947293 -0.935301 0.930819
v -0.944665 -0.938701 0.930289
v -0.941821 -0.941819 0.930090
v -0.966751 -0.853521 0.946446
v -0.966398 -0.860869 0.946585
v -0.965764 -0.868224 0.946480
v -0.964865 -0.875480 0.946129
v -0.963721 -0.882549 0.945550
v -0.962361 -0.889358 0.944766
v -0.960817 -0.895850 0.943809
v -0.959123 -0.901986 0.942715
v -0.957312 -0.907744 0.941517
v -0.955416 -0.913116 0.940250
v -0.953452 -0.918104 0.938955
v -0.951435 -0.922713 0.937673
v -0.949377 -0.926949 0.936443
v -0.947290 -0.930821 0.935302
v -0.945131 -0.934341 0.934341
v -0.942853 -0.937514 0.933652
v -0.940352 -0.940352 0.933377
v -0.962055 -0.853521 0.951890
v -0.961790 -0.860863 0.951909
v -0.961259 -0.868202 0.951669
v -0.960475 -0.875438 0.951176
v -0.959457 -0.882482 0.950449
v -0.958233 -0.889261 0.949512
v -0.956833 -0.895721 0.948399
v -0.955291 -0.901822 0.947148
v -0.953640 -0.907542 0.945793
v -0.951909 -0.912873 0.944368
v -0.950124 -0.917811 0.942912
v -0.948307 -0.922358 0.941459
v -0.946480 -0.926516 0.940045
v -0.944661 -0.930291 0.938703
v -0.942852 -0.933652 0.937515
v -0.941056 -0.936568 0.936568
v -0.939041 -0.939041 0.936157
vn -0.0000 -1.0000 -0.0000
vn -1.0000 -0.0000 -0.0000
vn -0.0000 -0.0000 1.0000
vn -0.0000 1.0000 -0.0000
vn 1.0000 -0.0000 -0.0000
vn 0.0247 0.0247 -0.9994
vn 0.0248 0.0740 -0.9970
vn 0.0248 0.1232 -0.9921
vn 0.0249 0.1721 -0.9848
vn 0.0249 0.2206 -0.9750
vn 0.0249 0.2685 -0.9630
vn 0.0249 0.3156 -0.9486
vn 0.0249 0.3619 -0.9319
vn 0.0249 0.4072 -0.9130
vn 0.0249 0.4515 -0.8919
vn 0.0249 0.4945 -0.8688
vn 0.0249 0.5364 -0.8436
vn 0.0248 0.5768 -0.8165
vn 0.0248 0.6159 -0.7874
vn 0.0248 0.6534 -0.7566
vn 0.0248 0.6894 -0.7239
vn 0.0738 0.0249 -0.9970
vn 0.0742 0.0746 -0.9944
vn 0.0744 0.1245 -0.9894
vn 0.0746 0.1741 -0.9819
vn 0.0747 0.2231 -0.9719
vn 0.0748 0.2714 -0.9595
vn 0.0749 0.3188 -0.9448
vn 0.0750 0.3652 -0.9279
vn 0.0750 0.4103 -0.9088
vn 0.0750 0.4543 -0.8877
vn 0.0750 0.4969 -0.8646
vn 0.0750 0.5381 -0.8395
vn 0.0749 0.5779 -0.8127
vn 0.0749 0.6161 -0.7841
vn 0.0749 0.6528 -0.7538
vn 0.0748 0.6879 -0.7219
vn 0.1229 0.0251 -0.9921
vn 0.1238 0.0751 -0.9895
vn 0.1244 0.1255 -0.9843
vn 0.1248 0.1756 -0.9765
vn 0.1251 0.2251 -0.9663
vn 0.1253 0.2737 -0.9536
vn 0.1254 0.3213 -0.9387
vn 0.1254 0.3675 -0.9215
vn 0.1254 0.4125 -0.9023
vn 0.1253 0.4560 -0.8811
vn 0.1251 0.4980 -0.8581
vn 0.1249 0.5385 -0.8333
vn 0.1248 0.5774 -0.8069
vn 0.1246 0.6148 -0.7788
vn 0.1245 0.6505 -0.7492
vn 0.1245 0.6847 -0.7181
vn 0.1718 0.0252 -0.9848
vn 0.1732 0.0754 -0.9820
vn 0.1743 0.1261 -0.9766
vn 0.1750 0.1767 -0.9686
vn 0.1755 0.2265 -0.9581
vn 0.1757 0.2753 -0.9451
vn 0.1758 0.3229 -0.9300
vn 0.1756 0.3690 -0.9127
vn 0.1754 0.4135 -0.8934
vn 0.1750 0.4565 -0.8723
vn 0.1746 0.4979 -0.8495
vn 0.1742 0.5375 -0.8250
vn 0.1738 0.5756 -0.7991
vn 0.1735 0.6120 -0.7716
vn 0.1733 0.6467 -0.7428
vn 0.1732 0.6800 -0.7125
vn 0.2203 0.0252 -0.9751
vn 0.2223 0.0757 -0.9720
vn 0.2238 0.1266 -0.9664
vn 0.2248 0.1773 -0.9581
vn 0.2254 0.2274 -0.9474
vn 0.2256 0.2762 -0.9342
vn 0.2255 0.3237 -0.9189
vn 0.2251 0.3695 -0.9016
vn 0.2246 0.4136 -0.8823
vn 0.2238 0.4560 -0.8614
vn 0.2231 0.4965 -0.8389
vn 0.2223 0.5354 -0.8148
vn 0.2215 0.5724 -0.7895
vn 0.2209 0.6078 -0.7627
vn 0.2205 0.6416 -0.7347
vn 0.2204 0.6737 -0.7053
vn 0.2682 0.0252 -0.9630
vn 0.2707 0.0758 -0.9597
vn 0.2726 0.1268 -0.9537
vn 0.2738 0.1777 -0.9452
vn 0.2744 0.2277 -0.9343
vn 0.2745 0.2765 -0.9210
vn 0.2742 0.3237 -0.9056
vn 0.2734 0.3691 -0.8882
vn 0.2724 0.4127 -0.8692
vn 0.2712 0.4544 -0.8485
vn 0.2699 0.4941 -0.8264
vn 0.2686 0.5321 -0.8030
vn 0.2675 0.5681 -0.7783
vn 0.2665 0.6025 -0.7523
vn 0.2658 0.6352 -0.7252
vn 0.2655 0.6663 -0.6968
vn 0.3154 0.0252 -0.9486
vn 0.3183 0.0758 -0.9450
vn 0.3204 0.1269 -0.9388
vn 0.3217 0.1777 -0.9300
vn 0.3222 0.2276 -0.9189
vn 0.3221 0.2762 -0.9055
vn 0.3213 0.3230 -0.8902
vn 0.3201 0.3680 -0.8730
vn 0.3185 0.4109 -0.8542
vn 0.3167 0.4519 -0.8340
vn 0.3148 0.4908 -0.8124
vn 0.3130 0.5278 -0.7896
vn 0.3113 0.5628 -0.7657
vn 0.3099 0.5962 -0.7407
vn 0.3089 0.6278 -0.7145
vn 0.3084 0.6579 -0.6871
vn 0.3618 0.0252 -0.9319
vn 0.3648 0.0758 -0.9280
vn 0.3669 0.1268 -0.9216
vn 0.3682 0.1774 -0.9127
vn 0.3685 0.2271 -0.9015
vn 0.3679 0.2754 -0.8881
vn 0.3667 0.3218 -0.8729
vn 0.3649 0.3662 -0.8560
vn 0.3627 0.4085 -0.8376
vn 0.3601 0.4486 -0.8180
vn 0.3575 0.4867 -0.7971
vn 0.3550 0.5227 -0.7751
vn 0.3527 0.5567 -0.7521
vn 0.3508 0.5890 -0.7281
vn 0.3494 0.6196 -0.7029
vn 0.3487 0.6486 -0.6766
vn 0.4072 0.0251 -0.9130
vn 0.4102 0.0757 -0.9088
vn 0.4122 0.1266 -0.9023
vn 0.4131 0.1770 -0.8933
vn 0.4130 0.2264 -0.8821
vn 0.4120 0.2742 -0.8689
vn 0.4101 0.3201 -0.8540
vn 0.4076 0.3639 -0.8375
vn 0.4046 0.4054 -0.8197
vn 0.4012 0.4448 -0.8007
vn 0.3978 0.4819 -0.7807
vn 0.3945 0.5169 -0.7597
vn 0.3916 0.5500 -0.7377
vn 0.3891 0.5812 -0.7147
vn 0.3873 0.6107 -0.6906
vn 0.3864 0.6386 -0.6654
vn 0.4515 0.0251 -0.8919
vn 0.4543 0.0756 -0.8876
vn 0.4560 0.1263 -0.8810
vn 0.4565 0.1765 -0.8720
vn 0.4558 0.2255 -0.8610
vn 0.4541 0.2728 -0.8481
vn 0.4515 0.3182 -0.8336
vn 0.4481 0.3613 -0.8177
vn 0.4442 0.4021 -0.8006
vn 0.4400 0.4405 -0.7825
vn 0.4357 0.4767 -0.7635
vn 0.4316 0.5108 -0.7435
vn 0.4279 0.5429 -0.7226
vn 0.4248 0.5731 -0.7008
vn 0.4226 0.6015 -0.6779
vn 0.4214 0.6283 -0.6539
vn 0.4946 0.0251 -0.8687
vn 0.4971 0.0755 -0.8644
vn 0.4983 0.1261 -0.8578
vn 0.4982 0.1759 -0.8490
vn 0.4968 0.2245 -0.8383
vn 0.4943 0.2713 -0.8259
vn 0.4908 0.3161 -0.8119
vn 0.4865 0.3585 -0.7967
vn 0.4816 0.3986 -0.7805
vn 0.4765 0.4362 -0.7634
vn 0.4712 0.4715 -0.7454
vn 0.4662 0.5046 -0.7266
vn 0.4617 0.5357 -0.7070
vn 0.4580 0.5648 -0.6865
vn 0.4552 0.5922 -0.6649
vn 0.4537 0.6179 -0.6422
vn 0.5365 0.0250 -0.8435
vn 0.5384 0.0754 -0.8393
vn 0.5390 0.1257 -0.8329
vn 0.5381 0.1753 -0.8245
vn 0.5359 0.2235 -0.8142
vn 0.5324 0.2698 -0.8023
vn 0.5280 0.3140 -0.7891
vn 0.5228 0.3558 -0.7747
vn 0.5169 0.3952 -0.7594
vn 0.5107 0.4320 -0.7433
vn 0.5045 0.4665 -0.7265
vn 0.4985 0.4987 -0.7091
vn 0.4931 0.5287 -0.6909
vn 0.4885 0.5568 -0.6718
vn 0.4851 0.5830 -0.6517
vn 0.4833 0.6075 -0.6304
vn 0.5770 0.0250 -0.8164
vn 0.5783 0.0753 -0.8124
vn 0.5781 0.1254 -0.8063
vn 0.5763 0.1747 -0.7984
vn 0.5731 0.2225 -0.7887
vn 0.5687 0.2684 -0.7775
vn 0.5633 0.3121 -0.7651
vn 0.5570 0.3534 -0.7516
vn 0.5501 0.3921 -0.7373
vn 0.5429 0.4282 -0.7224
vn 0.5357 0.4619 -0.7069
vn 0.5287 0.4932 -0.6908
vn 0.5222 0.5223 -0.6742
vn 0.5167 0.5492 -0.6568
vn 0.5125 0.5742 -0.6384
vn 0.5102 0.5974 -0.6187
vn 0.6161 0.0249 -0.7873
vn 0.6166 0.0751 -0.7837
vn 0.6155 0.1251 -0.7782
vn 0.6128 0.1741 -0.7709
vn 0.6086 0.2216 -0.7619
vn 0.6032 0.2672 -0.7515
vn 0.5967 0.3105 -0.7400
vn 0.5893 0.3513 -0.7275
vn 0.5814 0.3895 -0.7143
vn 0.5732 0.4251 -0.7006
vn 0.5649 0.4581 -0.6863
vn 0.5568 0.4886 -0.6717
vn 0.5492 0.5167 -0.6568
vn 0.5425 0.5425 -0.6413
vn 0.5373 0.5662 -0.6251
vn 0.5342 0.5878 -0.6075
vn 0.6536 0.0248 -0.7564
vn 0.6533 0.0750 -0.7534
vn 0.6513 0.1248 -0.7485
vn 0.6476 0.1736 -0.7420
vn 0.6424 0.2209 -0.7338
vn 0.6359 0.2663 -0.7244
vn 0.6283 0.3092 -0.7138
vn 0.6200 0.3497 -0.7024
vn 0.6110 0.3876 -0.6903
vn 0.6017 0.4228 -0.6777
vn 0.5923 0.4553 -0.6648
vn 0.5830 0.4852 -0.6516
vn 0.5742 0.5125 -0.6384
vn 0.5662 0.5373 -0.6251
vn 0.5594 0.5594 -0.6116
vn 0.5551 0.5794 -0.5968
vn 0.6896 0.0248 -0.7238
vn 0.6884 0.0749 -0.7214
vn 0.6855 0.1246 -0.7174
vn 0.6808 0.1733 -0.7117
vn 0.6746 0.2205 -0.7045
vn 0.6671 0.2657 -0.6960
vn 0.6584 0.3085 -0.6865
vn 0.6490 0.3488 -0.6761
vn 0.6389 0.3865 -0.6651
vn 0.6285 0.4215 -0.6537
vn 0.6180 0.4538 -0.6420
vn 0.6075 0.4833 -0.6303
vn 0.5974 0.5102 -0.6187
vn 0.5878 0.5342 -0.6075
vn 0.5794 0.5551 -0.5968
vn 0.5722 0.5722 -0.5875
vn 0.0247 0.9994 -0.0247
vn 0.0740 0.9970 -0.0248
vn 0.1232 0.9921 -0.0248
vn 0.1721 0.9848 -0.0249
vn 0.2206 0.9750 -0.0249
vn 0.2685 0.9630 -0.0249
vn 0.3156 0.9486 -0.0249
vn 0.3619 0.9319 -0.0249
vn 0.4072 0.9130 -0.0249
vn 0.4515 0.8919 -0.0249
vn 0.4945 0.8688 -0.0249
vn 0.5364 0.8436 -0.0249
vn 0.5768 0.8165 -0.0248
vn 0.6159 0.7874 -0.0248
vn 0.6534 0.7566 -0.0248
vn 0.6894 0.7239 -0.0248
vn 0.0249 0.9970 -0.0738
vn 0.0746 0.9944 -0.0742
vn 0.1245 0.9894 -0.0744
vn 0.1741 0.9819 -0.0746
vn 0.2231 0.9719 -0.0747
vn 0.2714 0.9595 -0.0748
vn 0.3188 0.9448 -0.0749
vn 0.3652 0.9279 -0.0750
vn 0.4103 0.9088 -0.0750
vn 0.4543 0.8877 -0.0750
vn 0.4969 0.8646 -0.0750
vn 0.5381 0.8395 -0.0750
vn 0.5779 0.8127 -0.0749
vn 0.6161 0.7841 -0.0749
vn 0.6528 0.7538 -0.0749
vn 0.6879 0.7219 -0.0748
vn 0.0251 0.9921 -0.1229
vn 0.0751 0.9895 -0.1238
vn 0.1255 0.9843 -0.1244
vn 0.1756 0.9765 -0.1248
vn 0.2251 0.9663 -0.1251
vn 0.2737 0.9536 -0.1253
vn 0.3213 0.9387 -0.1254
vn 0.3675 0.9215 -0.1254
vn 0.4125 0.9023 -0.1254
vn 0.4560 0.8811 -0.1253
vn 0.4980 0.8581 -0.1251
vn 0.5385 0.8333 -0.1249
vn 0.5774 0.8069 -0.1248
vn 0.6148 0.7788 -0.1246
vn 0.6505 0.7492 -0.1245
vn 0.6847 0.7181 -0.1245
vn 0.0252 0.9848 -0.1718
vn 0.0754 0.9820 -0.1732
vn 0.1261 0.9766 -0.1743
vn 0.1767 0.9686 -0.1750
vn 0.2265 0.9581 -0.1755
vn 0.2753 0.9451 -0.1757
vn 0.3229 0.9300 -0.1758
vn 0.3690 0.9127 -0.1756
vn 0.4135 0.8934 -0.1754
vn 0.4565 0.8723 -0.1750
vn 0.4979 0.8495 -0.1746
vn 0.5375 0.8250 -0.1742
vn 0.5756 0.7991 -0.1738
vn 0.6120 0.7716 -0.1735
vn 0.6467 0.7428 -0.1733
vn 0.6800 0.7125 -0.1732
vn 0.0252 0.9751 -0.2203
vn 0.0757 0.9720 -0.2223
vn 0.1266 0.9664 -0.2238
vn 0.1773 0.9581 -0.2248
vn 0.2274 0.9474 -0.2254
vn 0.2762 0.9342 -0.2256
vn 0.3237 0.9189 -0.2255
vn 0.3695 0.9016 -0.2251
vn 0.4136 0.8823 -0.2246
vn 0.4560 0.8614 -0.2238
vn 0.4965 0.8389 -0.2231
vn 0.5354 0.8148 -0.2223
vn 0.5724 0.7895 -0.2215
vn 0.6078 0.7627 -0.2209
vn 0.6416 0.7347 -0.2205
vn 0.6737 0.7053 -0.2204
vn 0.0252 0.9630 -0.2682
vn 0.0758 0.9597 -0.2707
vn 0.1268 0.9537 -0.2726
vn 0.1777 0.9452 -0.2738
vn 0.2277 0.9343 -0.2744
vn 0.2765 0.9210 -0.2745
vn 0.3237 0.9056 -0.2742
vn 0.3691 0.8882 -0.2734
vn 0.4127 0.8692 -0.2724
vn 0.4544 0.8485 -0.2712
vn 0.4941 0.8264 -0.2699
vn 0.5321 0.8030 -0.2686
vn 0.5681 0.7783 -0.2675
vn 0.6025 0.7523 -0.2665
vn 0.6352 0.7252 -0.2658
vn 0.6663 0.6968 -0.2655
vn 0.0252 0.9486 -0.3154
vn 0.0758 0.9450 -0.3183
vn 0.1269 0.9388 -0.3204
vn 0.1777 0.9300 -0.3217
vn 0.2276 0.9189 -0.3222
vn 0.2762 0.9055 -0.3221
vn 0.3230 0.8902 -0.3213
vn 0.3680 0.8730 -0.3201
vn 0.4109 0.8542 -0.3185
vn 0.4519 0.8340 -0.3167
vn 0.4908 0.8124 -0.3148
vn 0.5278 0.7896 -0.3130
vn 0.5628 0.7657 -0.3113
vn 0.5962 0.7407 -0.3099
vn 0.6278 0.7145 -0.3089
vn 0.6579 0.6871 -0.3084
vn 0.0252 0.9319 -0.3618
vn 0.0758 0.9280 -0.3648
vn 0.1268 0.9216 -0.3669
vn 0.1774 0.9127 -0.3682
vn 0.2271 0.9015 -0.3685
vn 0.2754 0.8881 -0.3679
vn 0.3218 0.8729 -0.3667
vn 0.3662 0.8560 -0.3649
vn 0.4085 0.8376 -0.3627
vn 0.4486 0.8180 -0.3601
vn 0.4867 0.7971 -0.3575
vn 0.5227 0.7751 -0.3550
vn 0.5567 0.7521 -0.3527
vn 0.5890 0.7281 -0.3508
vn 0.6196 0.7029 -0.3494
vn 0.6486 0.6766 -0.3487
vn 0.0251 0.9130 -0.4072
vn 0.0757 0.9088 -0.4102
vn 0.1266 0.9023 -0.4122
vn 0.1770 0.8933 -0.4131
vn 0.2264 0.8821 -0.4130
vn 0.2742 0.8689 -0.4120
vn 0.3201 0.8540 -0.4101
vn 0.3639 0.8375 -0.4076
vn 0.4054 0.8197 -0.4046
vn 0.4448 0.8007 -0.4012
vn 0.4819 0.7807 -0.3978
vn 0.5169 0.7597 -0.3945
vn 0.5500 0.7377 -0.3916
vn 0.5812 0.7147 -0.3891
vn 0.6107 0.6906 -0.3873
vn 0.6386 0.6654 -0.3864
vn 0.0251 0.8919 -0.4515
vn 0.0756 0.8876 -0.4543
vn 0.1263 0.8810 -0.4560
vn 0.1765 0.8720 -0.4565
vn 0.2255 0.8610 -0.4558
vn 0.2728 0.8481 -0.4541
vn 0.3182 0.8336 -0.4515
vn 0.3613 0.8177 -0.4481
vn 0.4021 0.8006 -0.4442
vn 0.4405 0.7825 -0.4400
vn 0.4767 0.7635 -0.4357
vn 0.5108 0.7435 -0.4316
vn 0.5429 0.7226 -0.4279
vn 0.5731 0.7008 -0.4248
vn 0.6015 0.6779 -0.4226
vn 0.6283 0.6539 -0.4214
vn 0.0251 0.8687 -0.4946
vn 0.0755 0.8644 -0.4971
vn 0.1261 0.8578 -0.4983
vn 0.1759 0.8490 -0.4982
vn 0.2245 0.8383 -0.4968
vn 0.2713 0.8259 -0.4943
vn 0.3161 0.8119 -0.4908
vn 0.3585 0.7967 -0.4865
vn 0.3986 0.7805 -0.4816
vn 0.4362 0.7634 -0.4765
vn 0.4715 0.7454 -0.4712
vn 0.5046 0.7266 -0.4662
vn 0.5357 0.7070 -0.4617
vn 0.5648 0.6865 -0.4580
vn 0.5922 0.6649 -0.4552
vn 0.6179 0.6422 -0.4537
vn 0.0250 0.8435 -0.5365
vn 0.0754 0.8393 -0.5384
vn 0.1257 0.8329 -0.5390
vn 0.1753 0.8245 -0.5381
vn 0.2235 0.8142 -0.5359
vn 0.2698 0.8023 -0.5324
vn 0.3140 0.7891 -0.5280
vn 0.3558 0.7747 -0.5228
vn 0.3952 0.7594 -0.5169
vn 0.4320 0.7433 -0.5107
vn 0.4665 0.7265 -0.5045
vn 0.4987 0.7091 -0.4985
vn 0.5287 0.6909 -0.4931
vn 0.5568 0.6718 -0.4885
vn 0.5830 0.6517 -0.4851
vn 0.6075 0.6304 -0.4833
vn 0.0250 0.8164 -0.5770
vn 0.0753 0.8124 -0.5783
vn 0.1254 0.8063 -0.5781
vn 0.1747 0.7984 -0.5763
vn 0.2225 0.7887 -0.5731
vn 0.2684 0.7775 -0.5687
vn 0.3121 0.7651 -0.5633
vn 0.3534 0.7516 -0.5570
vn 0.3921 0.7373 -0.5501
vn 0.4282 0.7224 -0.5429
vn 0.4619 0.7069 -0.5357
vn 0.4932 0.6908 -0.5287
vn 0.5223 0.6742 -0.5222
vn 0.5492 0.6568 -0.5167
vn 0.5742 0.6384 -0.5125
vn 0.5974 0.6187 -0.5102
vn 0.0249 0.7873 -0.6161
vn 0.0751 0.7837 -0.6166
vn 0.1251 0.7782 -0.6155
vn 0.1741 0.7709 -0.6128
vn 0.2216 0.7619 -0.6086
vn 0.2672 0.7515 -0.6032
vn 0.3105 0.7400 -0.5967
vn 0.3513 0.7275 -0.5893
vn 0.3895 0.7143 -0.5814
vn 0.4251 0.7006 -0.5732
vn 0.4581 0.6863 -0.5649
vn 0.4886 0.6717 -0.5568
vn 0.5167 0.6568 -0.5492
vn 0.5425 0.6413 -0.5425
vn 0.5662 0.6251 -0.5373
vn 0.5878 0.6075 -0.5342
vn 0.0248 0.7564 -0.6536
vn 0.0750 0.7534 -0.6533
vn 0.1248 0.7485 -0.6513
vn 0.1736 0.7420 -0.6476
vn 0.2209 0.7338 -0.6424
vn 0.2663 0.7244 -0.6359
vn 0.3092 0.7138 -0.6283
vn 0.3497 0.7024 -0.6199
vn 0.3876 0.6903 -0.6110
vn 0.4228 0.6777 -0.6017
vn 0.4553 0.6648 -0.5923
vn 0.4852 0.6517 -0.5830
vn 0.5125 0.6384 -0.5742
vn 0.5373 0.6251 -0.5662
vn 0.5594 0.6116 -0.5594
vn 0.5794 0.5968 -0.5551
vn 0.0248 0.7238 -0.6896
vn 0.0749 0.7214 -0.6884
vn 0.1246 0.7174 -0.6855
vn 0.1733 0.7117 -0.6808
vn 0.2205 0.7045 -0.6746
vn 0.2657 0.6960 -0.6671
vn 0.3085 0.6865 -0.6584
vn 0.3488 0.6761 -0.6490
vn 0.3865 0.6651 -0.6389
vn 0.4215 0.6537 -0.6285
vn 0.4538 0.6420 -0.6180
vn 0.4833 0.6303 -0.6075
vn 0.5102 0.6187 -0.5974
vn 0.5342 0.6075 -0.5878
vn 0.5551 0.5968 -0.5794
vn 0.5722 0.5875 -0.5722
vn 0.9994 0.0247 -0.0247
vn 0.9970 0.0248 -0.0740
vn 0.9921 0.0248 -0.1232
vn 0.9848 0.0249 -0.1721
vn 0.9750 0.0249 -0.2206
vn 0.9630 0.0249 -0.2685
vn 0.9486 0.0249 -0.3156
vn 0.9319 0.0249 -0.3619
vn 0.9130 0.0249 -0.4072
vn 0.8919 0.0249 -0.4515
vn 0.8688 0.0249 -0.4945
vn 0.8436 0.0249 -0.5364
vn 0.8165 0.0248 -0.5768
vn 0.7874 0.0248 -0.6159
vn 0.7566 0.0248 -0.6534
vn 0.7239 0.0248 -0.6894
vn 0.9970 0.0738 -0.0249
vn 0.9944 0.0742 -0.0746
vn 0.9894 0.0744 -0.1245
vn 0.9819 0.0746 -0.1741
vn 0.9719 0.0747 -0.2231
vn 0.9595 0.0748 -0.2714
vn 0.9448 0.0749 -0.3188
vn 0.9279 0.0750 -0.3652
vn 0.9088 0.0750 -0.4103
vn 0.8877 0.0750 -0.4543
vn 0.8646 0.0750 -0.4969
vn 0.8395 0.0750 -0.5381
vn 0.8127 0.0749 -0.5779
vn 0.7841 0.0749 -0.6161
vn 0.7538 0.0749 -0.6528
vn 0.7219 0.0748 -0.6879
vn 0.9921 0.1229 -0.0251
vn 0.9895 0.1238 -0.0751
vn 0.9843 0.1244 -0.1255
vn 0.9765 0.1248 -0.1756
vn 0.9663 0.1251 -0.2251
vn 0.9536 0.1253 -0.2737
vn 0.9387 0.1254 -0.3213
vn 0.9215 0.1254 -0.3675
vn 0.9023 0.1254 -0.4125
vn 0.8811 0.1253 -0.4560
vn 0.8581 0.1251 -0.4980
vn 0.8333 0.1249 -0.5385
vn 0.8069 0.1248 -0.5774
vn 0.7788 0.1246 -0.6148
vn 0.7492 0.1245 -0.6505
vn 0.7181 0.1245 -0.6847
vn 0.9848 0.1718 -0.0252
vn 0.9820 0.1732 -0.0754
vn 0.9766 0.1743 -0.1261
vn 0.9686 0.1750 -0.1767
vn 0.9581 0.1755 -0.2265
vn 0.9451 0.1757 -0.2753
vn 0.9300 0.1758 -0.3229
vn 0.9127 0.1756 -0.3690
vn 0.8934 0.1754 -0.4135
vn 0.8723 0.1750 -0.4565
vn 0.8495 0.1746 -0.4979
vn 0.8250 0.1742 -0.5375
vn 0.7991 0.1738 -0.5756
vn 0.7716 0.1735 -0.6120
vn 0.7428 0.1733 -0.6467
vn 0.7125 0.1732 -0.6800
vn 0.9751 0.2203 -0.0252
vn 0.9720 0.2223 -0.0757
vn 0.9664 0.2238 -0.1266
vn 0.9581 0.2248 -0.1773
vn 0.9474 0.2254 -0.2274
vn 0.9342 0.2256 -0.2762
vn 0.9189 0.2255 -0.3237
vn 0.9016 0.2251 -0.3695
vn 0.8823 0.2246 -0.4136
vn 0.8614 0.2238 -0.4560
vn 0.8389 0.2231 -0.4965
vn 0.8148 0.2223 -0.5354
vn 0.7895 0.2215 -0.5724
vn 0.7627 0.2209 -0.6078
vn 0.7347 0.2205 -0.6416
vn 0.7053 0.2204 -0.6737
vn 0.9630 0.2682 -0.0252
vn 0.9597 0.2707 -0.0758
vn 0.9537 0.2726 -0.1268
vn 0.9452 0.2738 -0.1777
vn 0.9343 0.2744 -0.2277
vn 0.9210 0.2745 -0.2765
vn 0.9056 0.2742 -0.3237
vn 0.8882 0.2734 -0.3691
vn 0.8692 0.2724 -0.4127
vn 0.8485 0.2712 -0.4544
vn 0.8264 0.2699 -0.4941
vn 0.8030 0.2686 -0.5321
vn 0.7783 0.2675 -0.5681
vn 0.7523 0.2665 -0.6025
vn 0.7252 0.2658 -0.6352
vn 0.6968 0.2655 -0.6663
vn 0.9486 0.3154 -0.0252
vn 0.9450 0.3183 -0.0758
vn 0.9388 0.3204 -0.1269
vn 0.9300 0.3217 -0.1777
vn 0.9189 0.3222 -0.2276
vn 0.9055 0.3221 -0.2762
vn 0.8902 0.3213 -0.3230
vn 0.8730 0.3201 -0.3680
vn 0.8542 0.3185 -0.4109
vn 0.8340 0.3167 -0.4519
vn 0.8124 0.3148 -0.4908
vn 0.7896 0.3130 -0.5278
vn 0.7657 0.3113 -0.5628
vn 0.7407 0.3099 -0.5962
vn 0.7145 0.3089 -0.6278
vn 0.6871 0.3084 -0.6579
vn 0.9319 0.3618 -0.0252
vn 0.9280 0.3648 -0.0758
vn 0.9216 0.3669 -0.1268
vn 0.9127 0.3682 -0.1774
vn 0.9015 0.3685 -0.2271
vn 0.8881 0.3679 -0.2754
vn 0.8729 0.3667 -0.3218
vn 0.8560 0.3649 -0.3662
vn 0.8376 0.3627 -0.4085
vn 0.8180 0.3601 -0.4486
vn 0.7971 0.3575 -0.4867
vn 0.7751 0.3550 -0.5227
vn 0.7521 0.3527 -0.5567
vn 0.7281 0.3508 -0.5890
vn 0.7029 0.3494 -0.6196
vn 0.6766 0.3487 -0.6486
vn 0.9130 0.4072 -0.0251
vn 0.9088 0.4102 -0.0757
vn 0.9023 0.4122 -0.1266
vn 0.8933 0.4131 -0.1770
vn 0.8821 0.4130 -0.2264
vn 0.8689 0.4120 -0.2742
vn 0.8540 0.4101 -0.3201
vn 0.8375 0.4076 -0.3639
vn 0.8197 0.4046 -0.4054
vn 0.8007 0.4012 -0.4448
vn 0.7807 0.3978 -0.4819
vn 0.7597 0.3945 -0.5169
vn 0.7377 0.3916 -0.5500
vn 0.7147 0.3891 -0.5812
vn 0.6906 0.3873 -0.6107
vn 0.6654 0.3864 -0.6386
vn 0.8919 0.4515 -0.0251
vn 0.8876 0.4543 -0.0756
vn 0.8810 0.4560 -0.1263
vn 0.8720 0.4565 -0.1765
vn 0.8610 0.4558 -0.2255
vn 0.8481 0.4541 -0.2728
vn 0.8336 0.4515 -0.3182
vn 0.8177 0.4481 -0.3613
vn 0.8006 0.4442 -0.4021
vn 0.7825 0.4400 -0.4405
vn 0.7635 0.4357 -0.4767
vn 0.7435 0.4316 -0.5108
vn 0.7226 0.4279 -0.5429
vn 0.7008 0.4248 -0.5731
vn 0.6779 0.4226 -0.6015
vn 0.6539 0.4214 -0.6283
vn 0.8687 0.4946 -0.0251
vn 0.8644 0.4971 -0.0755
vn 0.8578 0.4983 -0.1261
vn 0.8490 0.4982 -0.1759
vn 0.8383 0.4968 -0.2245
vn 0.8259 0.4943 -0.2713
vn 0.8119 0.4908 -0.3161
vn 0.7967 0.4865 -0.3585
vn 0.7805 0.4816 -0.3986
vn 0.7634 0.4765 -0.4362
vn 0.7454 0.4712 -0.4715
vn 0.7266 0.4662 -0.5046
vn 0.7070 0.4617 -0.5357
vn 0.6865 0.4580 -0.5648
vn 0.6649 0.4552 -0.5922
vn 0.6422 0.4537 -0.6179
vn 0.8435 0.5365 -0.0250
vn 0.8393 0.5384 -0.0754
vn 0.8329 0.5390 -0.1257
vn 0.8245 0.5381 -0.1753
vn 0.8142 0.5359 -0.2235
vn 0.8023 0.5324 -0.2698
vn 0.7891 0.5280 -0.3140
vn 0.7747 0.5228 -0.3558
vn 0.7594 0.5169 -0.3952
vn 0.7433 0.5107 -0.4320
vn 0.7265 0.5045 -0.4665
vn 0.7091 0.4985 -0.4987
vn 0.6909 0.4931 -0.5287
vn 0.6718 0.4885 -0.5568
vn 0.6517 0.4851 -0.5830
vn 0.6304 0.4833 -0.6075
vn 0.8164 0.5770 -0.0250
vn 0.8124 0.5783 -0.0753
vn 0.8063 0.5781 -0.1254
vn 0.7984 0.5763 -0.1747
vn 0.7887 0.5731 -0.2225
vn 0.7775 0.5687 -0.2684
vn 0.7651 0.5633 -0.3121
vn 0.7516 0.5570 -0.3534
vn 0.7373 0.5501 -0.3921
vn 0.7224 0.5429 -0.4282
vn 0.7069 0.5357 -0.4619
vn 0.6908 0.5287 -0.4932
vn 0.6742 0.5222 -0.5223
vn 0.6568 0.5167 -0.5492
vn 0.6384 0.5125 -0.5742
vn 0.6187 0.5102 -0.5974
vn 0.7873 0.6161 -0.0249
vn 0.7837 0.6166 -0.0751
vn 0.7782 0.6155 -0.1251
vn 0.7709 0.6128 -0.1741
vn 0.7619 0.6086 -0.2216
vn 0.7515 0.6032 -0.2672
vn 0.7400 0.5967 -0.3105
vn 0.7275 0.5893 -0.3513
vn 0.7143 0.5814 -0.3895
vn 0.7006 0.5732 -0.4251
vn 0.6863 0.5649 -0.4581
vn 0.6717 0.5568 -0.4886
vn 0.6568 0.5492 -0.5167
vn 0.6413 0.5425 -0.5425
vn 0.6251 0.5373 -0.5662
vn 0.6075 0.5342 -0.5878
vn 0.7564 0.6536 -0.0248
vn 0.7534 0.6533 -0.0750
vn 0.7485 0.6513 -0.1248
vn 0.7420 0.6476 -0.1736
vn 0.7338 0.6424 -0.2209
vn 0.7244 0.6359 -0.2663
vn 0.7138 0.6283 -0.3092
vn 0.7024 0.6199 -0.3497
vn 0.6903 0.6110 -0.3876
vn 0.6777 0.6017 -0.4228
vn 0.6648 0.5923 -0.4553
vn 0.6516 0.5830 -0.4852
vn 0.6384 0.5742 -0.5125
vn 0.6251 0.5662 -0.5373
vn 0.6116 0.5594 -0.5594
vn 0.5968 0.5551 -0.5794
vn 0.7238 0.6896 -0.0248
vn 0.7214 0.6884 -0.0749
vn 0.7174 0.6855 -0.1246
vn 0.7117 0.6808 -0.1733
vn 0.7045 0.6746 -0.2205
vn 0.6960 0.6671 -0.2657
vn 0.6865 0.6584 -0.3085
vn 0.6761 0.6490 -0.3488
vn 0.6651 0.6389 -0.3865
vn 0.6537 0.6285 -0.4215
vn 0.6420 0.6180 -0.4538
vn 0.6303 0.6075 -0.4833
vn 0.6187 0.5974 -0.5102
vn 0.6075 0.5878 -0.5342
vn 0.5968 0.5794 -0.5551
vn 0.5875 0.5722 -0.5722
vn 0.0247 -0.9994 -0.0247
vn 0.0248 -0.9970 -0.0740
vn 0.0248 -0.9921 -0.1232
vn 0.0249 -0.9848 -0.1721
vn 0.0249 -0.9750 -0.2206
vn 0.0249 -0.9630 -0.2685
vn 0.0249 -0.9486 -0.3156
vn 0.0249 -0.9319 -0.3619
vn 0.0249 -0.9130 -0.4072
vn 0.0249 -0.8919 -0.4515
vn 0.0249 -0.8688 -0.4945
vn 0.0249 -0.8436 -0.5364
vn 0.0248 -0.8165 -0.5769
vn 0.0248 -0.7874 -0.6159
vn 0.0248 -0.7566 -0.6535
vn 0.0248 -0.7239 -0.6894
vn 0.0738 -0.9970 -0.0249
vn 0.0742 -0.9944 -0.0746
vn 0.0744 -0.9894 -0.1245
vn 0.0746 -0.9819 -0.1741
vn 0.0747 -0.9719 -0.2231
vn 0.0748 -0.9595 -0.2714
vn 0.0749 -0.9448 -0.3188
vn 0.0750 -0.9279 -0.3652
vn 0.0750 -0.9088 -0.4103
vn 0.0750 -0.8877 -0.4543
vn 0.0750 -0.8646 -0.4969
vn 0.0750 -0.8395 -0.5381
vn 0.0749 -0.8127 -0.5779
vn 0.0749 -0.7841 -0.6161
vn 0.0748 -0.7538 -0.6528
vn 0.0748 -0.7219 -0.6879
vn 0.1229 -0.9921 -0.0251
vn 0.1238 -0.9895 -0.0751
vn 0.1244 -0.9843 -0.1255
vn 0.1248 -0.9765 -0.1756
vn 0.1251 -0.9663 -0.2251
vn 0.1253 -0.9536 -0.2737
vn 0.1254 -0.9387 -0.3213
vn 0.1254 -0.9215 -0.3675
vn 0.1254 -0.9023 -0.4125
vn 0.1253 -0.8811 -0.4560
vn 0.1251 -0.8581 -0.4980
vn 0.1249 -0.8333 -0.5385
vn 0.1248 -0.8069 -0.5774
vn 0.1246 -0.7788 -0.6148
vn 0.1245 -0.7492 -0.6505
vn 0.1245 -0.7181 -0.6847
vn 0.1718 -0.9848 -0.0251
vn 0.1732 -0.9820 -0.0754
vn 0.1743 -0.9766 -0.1261
vn 0.1750 -0.9686 -0.1767
vn 0.1755 -0.9581 -0.2265
vn 0.1757 -0.9451 -0.2753
vn 0.1758 -0.9300 -0.3229
vn 0.1757 -0.9127 -0.3690
vn 0.1754 -0.8934 -0.4135
vn 0.1751 -0.8723 -0.4565
vn 0.1746 -0.8495 -0.4979
vn 0.1742 -0.8250 -0.5375
vn 0.1738 -0.7991 -0.5756
vn 0.1735 -0.7716 -0.6120
vn 0.1733 -0.7428 -0.6467
vn 0.1732 -0.7125 -0.6800
vn 0.2203 -0.9751 -0.0252
vn 0.2223 -0.9720 -0.0756
vn 0.2238 -0.9664 -0.1266
vn 0.2248 -0.9581 -0.1773
vn 0.2254 -0.9474 -0.2274
vn 0.2256 -0.9342 -0.2762
vn 0.2255 -0.9189 -0.3237
vn 0.2251 -0.9015 -0.3695
vn 0.2246 -0.8823 -0.4136
vn 0.2239 -0.8614 -0.4560
vn 0.2231 -0.8389 -0.4965
vn 0.2223 -0.8148 -0.5354
vn 0.2215 -0.7895 -0.5724
vn 0.2210 -0.7627 -0.6078
vn 0.2205 -0.7347 -0.6416
vn 0.2204 -0.7053 -0.6738
vn 0.2682 -0.9630 -0.0252
vn 0.2707 -0.9597 -0.0757
vn 0.2726 -0.9537 -0.1268
vn 0.2738 -0.9452 -0.1776
vn 0.2744 -0.9343 -0.2277
vn 0.2745 -0.9210 -0.2765
vn 0.2742 -0.9056 -0.3237
vn 0.2734 -0.8883 -0.3691
vn 0.2724 -0.8692 -0.4127
vn 0.2712 -0.8485 -0.4544
vn 0.2699 -0.8264 -0.4942
vn 0.2686 -0.8030 -0.5320
vn 0.2675 -0.7783 -0.5681
vn 0.2665 -0.7523 -0.6025
vn 0.2658 -0.7252 -0.6352
vn 0.2655 -0.6968 -0.6663
vn 0.3154 -0.9486 -0.0252
vn 0.3183 -0.9450 -0.0758
vn 0.3204 -0.9388 -0.1269
vn 0.3217 -0.9300 -0.1777
vn 0.3222 -0.9189 -0.2276
vn 0.3221 -0.9055 -0.2762
vn 0.3213 -0.8902 -0.3230
vn 0.3201 -0.8730 -0.3680
vn 0.3185 -0.8542 -0.4109
vn 0.3167 -0.8340 -0.4518
vn 0.3148 -0.8124 -0.4908
vn 0.3130 -0.7896 -0.5278
vn 0.3113 -0.7657 -0.5628
vn 0.3099 -0.7407 -0.5961
vn 0.3089 -0.7145 -0.6278
vn 0.3084 -0.6871 -0.6578
vn 0.3617 -0.9319 -0.0252
vn 0.3648 -0.9280 -0.0758
vn 0.3669 -0.9216 -0.1268
vn 0.3681 -0.9127 -0.1774
vn 0.3685 -0.9015 -0.2271
vn 0.3679 -0.8881 -0.2754
vn 0.3667 -0.8729 -0.3218
vn 0.3649 -0.8560 -0.3662
vn 0.3626 -0.8376 -0.4085
vn 0.3601 -0.8180 -0.4486
vn 0.3575 -0.7971 -0.4867
vn 0.3550 -0.7751 -0.5227
vn 0.3527 -0.7521 -0.5567
vn 0.3508 -0.7280 -0.5890
vn 0.3494 -0.7029 -0.6196
vn 0.3487 -0.6766 -0.6486
vn 0.4072 -0.9130 -0.0251
vn 0.4102 -0.9088 -0.0757
vn 0.4122 -0.9023 -0.1266
vn 0.4131 -0.8933 -0.1770
vn 0.4130 -0.8821 -0.2264
vn 0.4120 -0.8689 -0.2742
vn 0.4101 -0.8540 -0.3201
vn 0.4076 -0.8375 -0.3639
vn 0.4046 -0.8197 -0.4054
vn 0.4012 -0.8007 -0.4448
vn 0.3978 -0.7807 -0.4819
vn 0.3945 -0.7597 -0.5169
vn 0.3916 -0.7377 -0.5500
vn 0.3891 -0.7147 -0.5812
vn 0.3874 -0.6906 -0.6107
vn 0.3864 -0.6654 -0.6386
vn 0.4515 -0.8919 -0.0251
vn 0.4543 -0.8876 -0.0756
vn 0.4560 -0.8810 -0.1263
vn 0.4565 -0.8720 -0.1765
vn 0.4558 -0.8610 -0.2255
vn 0.4541 -0.8481 -0.2729
vn 0.4515 -0.8336 -0.3182
vn 0.4481 -0.8177 -0.3613
vn 0.4442 -0.8006 -0.4021
vn 0.4400 -0.7825 -0.4405
vn 0.4357 -0.7635 -0.4767
vn 0.4316 -0.7435 -0.5108
vn 0.4279 -0.7226 -0.5429
vn 0.4248 -0.7008 -0.5731
vn 0.4226 -0.6780 -0.6015
vn 0.4214 -0.6539 -0.6283
vn 0.4946 -0.8688 -0.0251
vn 0.4971 -0.8644 -0.0755
vn 0.4983 -0.8578 -0.1261
vn 0.4982 -0.8491 -0.1759
vn 0.4968 -0.8383 -0.2245
vn 0.4943 -0.8259 -0.2713
vn 0.4908 -0.8119 -0.3161
vn 0.4865 -0.7967 -0.3585
vn 0.4816 -0.7805 -0.3986
vn 0.4765 -0.7634 -0.4362
vn 0.4712 -0.7454 -0.4715
vn 0.4662 -0.7266 -0.5046
vn 0.4617 -0.7070 -0.5357
vn 0.4580 -0.6865 -0.5648
vn 0.4552 -0.6649 -0.5922
vn 0.4537 -0.6422 -0.6179
vn 0.5365 -0.8435 -0.0250
vn 0.5385 -0.8393 -0.0754
vn 0.5390 -0.8329 -0.1257
vn 0.5381 -0.8245 -0.1753
vn 0.5359 -0.8142 -0.2235
vn 0.5324 -0.8023 -0.2698
vn 0.5280 -0.7891 -0.3140
vn 0.5227 -0.7747 -0.3558
vn 0.5169 -0.7594 -0.3952
vn 0.5107 -0.7433 -0.4320
vn 0.5045 -0.7265 -0.4665
vn 0.4986 -0.7091 -0.4987
vn 0.4932 -0.6908 -0.5287
vn 0.4885 -0.6718 -0.5568
vn 0.4851 -0.6517 -0.5830
vn 0.4833 -0.6304 -0.6075
vn 0.5770 -0.8164 -0.0249
vn 0.5783 -0.8124 -0.0753
vn 0.5780 -0.8063 -0.1254
vn 0.5763 -0.7984 -0.1747
vn 0.5731 -0.7887 -0.2225
vn 0.5687 -0.7775 -0.2684
vn 0.5633 -0.7651 -0.3121
vn 0.5570 -0.7516 -0.3534
vn 0.5501 -0.7373 -0.3921
vn 0.5429 -0.7224 -0.4282
vn 0.5357 -0.7069 -0.4619
vn 0.5287 -0.6908 -0.4932
vn 0.5222 -0.6742 -0.5223
vn 0.5167 -0.6568 -0.5492
vn 0.5125 -0.6384 -0.5742
vn 0.5102 -0.6188 -0.5974
vn 0.6161 -0.7873 -0.0249
vn 0.6166 -0.7837 -0.0751
vn 0.6155 -0.7782 -0.1251
vn 0.6128 -0.7708 -0.1741
vn 0.6086 -0.7619 -0.2216
vn 0.6032 -0.7515 -0.2672
vn 0.5967 -0.7400 -0.3105
vn 0.5893 -0.7275 -0.3513
vn 0.5814 -0.7143 -0.3895
vn 0.5732 -0.7006 -0.4251
vn 0.5649 -0.6863 -0.4581
vn 0.5568 -0.6717 -0.4886
vn 0.5492 -0.6568 -0.5167
vn 0.5425 -0.6413 -0.5425
vn 0.5373 -0.6251 -0.5662
vn 0.5342 -0.6075 -0.5878
vn 0.6536 -0.7564 -0.0248
vn 0.6533 -0.7534 -0.0750
vn 0.6513 -0.7485 -0.1248
vn 0.6476 -0.7420 -0.1736
vn 0.6424 -0.7338 -0.2209
vn 0.6359 -0.7244 -0.2662
vn 0.6283 -0.7138 -0.3092
vn 0.6200 -0.7024 -0.3497
vn 0.6110 -0.6903 -0.3876
vn 0.6017 -0.6777 -0.4228
vn 0.5923 -0.6648 -0.4553
vn 0.5831 -0.6516 -0.4852
vn 0.5742 -0.6384 -0.5125
vn 0.5662 -0.6251 -0.5373
vn 0.5594 -0.6116 -0.5594
vn 0.5551 -0.5968 -0.5793
vn 0.6896 -0.7238 -0.0248
vn 0.6884 -0.7214 -0.0749
vn 0.6855 -0.7174 -0.1246
vn 0.6808 -0.7117 -0.1733
vn 0.6746 -0.7045 -0.2205
vn 0.6671 -0.6960 -0.2657
vn 0.6584 -0.6865 -0.3085
vn 0.6490 -0.6761 -0.3488
vn 0.6389 -0.6651 -0.3865
vn 0.6285 -0.6537 -0.4215
vn 0.6180 -0.6420 -0.4537
vn 0.6075 -0.6303 -0.4833
vn 0.5974 -0.6187 -0.5102
vn 0.5878 -0.6075 -0.5342
vn 0.5794 -0.5968 -0.5551
vn 0.5722 -0.5875 -0.5722
vn 0.0247 -0.0247 -0.9994
vn 0.0740 -0.0248 -0.9970
vn 0.1232 -0.0248 -0.9921
vn 0.1721 -0.0249 -0.9848
vn 0.2206 -0.0249 -0.9750
vn 0.2685 -0.0249 -0.9630
vn 0.3156 -0.0249 -0.9486
vn 0.3619 -0.0249 -0.9319
vn 0.4072 -0.0249 -0.9130
vn 0.4515 -0.0249 -0.8919
vn 0.4945 -0.0249 -0.8688
vn 0.5364 -0.0249 -0.8436
vn 0.5769 -0.0248 -0.8165
vn 0.6159 -0.0248 -0.7874
vn 0.6535 -0.0248 -0.7566
vn 0.6894 -0.0248 -0.7239
vn 0.0249 -0.0738 -0.9970
vn 0.0746 -0.0742 -0.9944
vn 0.1245 -0.0744 -0.9894
vn 0.1741 -0.0746 -0.9819
vn 0.2231 -0.0747 -0.9719
vn 0.2714 -0.0748 -0.9595
vn 0.3188 -0.0749 -0.9448
vn 0.3652 -0.0750 -0.9279
vn 0.4103 -0.0750 -0.9088
vn 0.4543 -0.0750 -0.8877
vn 0.4969 -0.0750 -0.8646
vn 0.5381 -0.0750 -0.8395
vn 0.5779 -0.0749 -0.8127
vn 0.6161 -0.0749 -0.7841
vn 0.6528 -0.0748 -0.7538
vn 0.6879 -0.0749 -0.7219
vn 0.0251 -0.1229 -0.9921
vn 0.0751 -0.1238 -0.9895
vn 0.1255 -0.1244 -0.9843
vn 0.1756 -0.1248 -0.9765
vn 0.2251 -0.1251 -0.9663
vn 0.2737 -0.1253 -0.9536
vn 0.3213 -0.1254 -0.9387
vn 0.3675 -0.1254 -0.9215
vn 0.4125 -0.1254 -0.9023
vn 0.4560 -0.1253 -0.8811
vn 0.4980 -0.1251 -0.8581
vn 0.5385 -0.1249 -0.8333
vn 0.5774 -0.1248 -0.8069
vn 0.6148 -0.1246 -0.7788
vn 0.6505 -0.1245 -0.7492
vn 0.6847 -0.1245 -0.7181
vn 0.0251 -0.1718 -0.9848
vn 0.0754 -0.1732 -0.9820
vn 0.1261 -0.1743 -0.9766
vn 0.1767 -0.1750 -0.9686
vn 0.2265 -0.1755 -0.9581
vn 0.2753 -0.1757 -0.9451
vn 0.3229 -0.1758 -0.9300
vn 0.3690 -0.1757 -0.9127
vn 0.4135 -0.1754 -0.8934
vn 0.4565 -0.1751 -0.8723
vn 0.4979 -0.1746 -0.8495
vn 0.5375 -0.1742 -0.8250
vn 0.5756 -0.1738 -0.7991
vn 0.6120 -0.1735 -0.7716
vn 0.6467 -0.1733 -0.7428
vn 0.6800 -0.1732 -0.7125
vn 0.0252 -0.2203 -0.9751
vn 0.0756 -0.2223 -0.9720
vn 0.1266 -0.2238 -0.9664
vn 0.1773 -0.2248 -0.9581
vn 0.2274 -0.2254 -0.9474
vn 0.2762 -0.2256 -0.9342
vn 0.3237 -0.2255 -0.9189
vn 0.3695 -0.2251 -0.9015
vn 0.4136 -0.2246 -0.8823
vn 0.4560 -0.2239 -0.8614
vn 0.4965 -0.2231 -0.8389
vn 0.5354 -0.2223 -0.8148
vn 0.5724 -0.2215 -0.7895
vn 0.6078 -0.2209 -0.7627
vn 0.6416 -0.2205 -0.7347
vn 0.6738 -0.2204 -0.7053
vn 0.0252 -0.2682 -0.9630
vn 0.0757 -0.2707 -0.9597
vn 0.1268 -0.2726 -0.9537
vn 0.1777 -0.2738 -0.9452
vn 0.2277 -0.2744 -0.9343
vn 0.2765 -0.2745 -0.9210
vn 0.3237 -0.2742 -0.9056
vn 0.3691 -0.2734 -0.8883
vn 0.4127 -0.2724 -0.8692
vn 0.4544 -0.2712 -0.8485
vn 0.4941 -0.2699 -0.8264
vn 0.5320 -0.2686 -0.8030
vn 0.5681 -0.2675 -0.7783
vn 0.6025 -0.2665 -0.7523
vn 0.6352 -0.2658 -0.7252
vn 0.6663 -0.2655 -0.6968
vn 0.0252 -0.3154 -0.9486
vn 0.0758 -0.3183 -0.9450
vn 0.1269 -0.3204 -0.9388
vn 0.1777 -0.3217 -0.9300
vn 0.2276 -0.3222 -0.9189
vn 0.2762 -0.3221 -0.9055
vn 0.3230 -0.3213 -0.8902
vn 0.3680 -0.3201 -0.8730
vn 0.4109 -0.3185 -0.8542
vn 0.4519 -0.3167 -0.8340
vn 0.4908 -0.3148 -0.8124
vn 0.5278 -0.3130 -0.7896
vn 0.5628 -0.3113 -0.7657
vn 0.5961 -0.3099 -0.7407
vn 0.6278 -0.3089 -0.7145
vn 0.6578 -0.3084 -0.6871
vn 0.0252 -0.3617 -0.9319
vn 0.0758 -0.3648 -0.9280
vn 0.1268 -0.3669 -0.9216
vn 0.1774 -0.3681 -0.9127
vn 0.2271 -0.3685 -0.9015
vn 0.2754 -0.3679 -0.8881
vn 0.3218 -0.3667 -0.8729
vn 0.3662 -0.3649 -0.8560
vn 0.4085 -0.3626 -0.8376
vn 0.4486 -0.3601 -0.8180
vn 0.4867 -0.3575 -0.7971
vn 0.5227 -0.3550 -0.7751
vn 0.5567 -0.3527 -0.7521
vn 0.5890 -0.3508 -0.7280
vn 0.6196 -0.3494 -0.7029
vn 0.6486 -0.3487 -0.6766
vn 0.0251 -0.4072 -0.9130
vn 0.0757 -0.4102 -0.9088
vn 0.1266 -0.4122 -0.9023
vn 0.1770 -0.4131 -0.8933
vn 0.2264 -0.4130 -0.8821
vn 0.2742 -0.4120 -0.8689
vn 0.3201 -0.4101 -0.8540
vn 0.3639 -0.4076 -0.8375
vn 0.4054 -0.4046 -0.8197
vn 0.4448 -0.4012 -0.8007
vn 0.4819 -0.3978 -0.7807
vn 0.5169 -0.3945 -0.7597
vn 0.5500 -0.3916 -0.7377
vn 0.5812 -0.3891 -0.7147
vn 0.6107 -0.3874 -0.6906
vn 0.6386 -0.3864 -0.6654
vn 0.0251 -0.4515 -0.8919
vn 0.0756 -0.4543 -0.8876
vn 0.1263 -0.4560 -0.8810
vn 0.1765 -0.4565 -0.8720
vn 0.2255 -0.4558 -0.8610
vn 0.2729 -0.4541 -0.8481
vn 0.3182 -0.4515 -0.8336
vn 0.3613 -0.4481 -0.8177
vn 0.4021 -0.4442 -0.8006
vn 0.4405 -0.4400 -0.7825
vn 0.4767 -0.4357 -0.7635
vn 0.5108 -0.4316 -0.7435
vn 0.5429 -0.4279 -0.7226
vn 0.5731 -0.4248 -0.7008
vn 0.6015 -0.4226 -0.6780
vn 0.6283 -0.4214 -0.6539
vn 0.0251 -0.4946 -0.8688
vn 0.0755 -0.4971 -0.8644
vn 0.1261 -0.4983 -0.8578
vn 0.1759 -0.4982 -0.8491
vn 0.2245 -0.4968 -0.8383
vn 0.2713 -0.4943 -0.8259
vn 0.3161 -0.4908 -0.8119
vn 0.3585 -0.4865 -0.7967
vn 0.3986 -0.4816 -0.7805
vn 0.4362 -0.4765 -0.7634
vn 0.4715 -0.4712 -0.7454
vn 0.5046 -0.4662 -0.7266
vn 0.5357 -0.4617 -0.7070
vn 0.5648 -0.4580 -0.6865
vn 0.5922 -0.4552 -0.6649
vn 0.6179 -0.4537 -0.6422
vn 0.0250 -0.5365 -0.8435
vn 0.0754 -0.5385 -0.8393
vn 0.1257 -0.5390 -0.8329
vn 0.1753 -0.5381 -0.8245
vn 0.2235 -0.5359 -0.8142
vn 0.2698 -0.5324 -0.8023
vn 0.3140 -0.5280 -0.7891
vn 0.3558 -0.5227 -0.7747
vn 0.3952 -0.5169 -0.7594
vn 0.4320 -0.5107 -0.7433
vn 0.4665 -0.5045 -0.7265
vn 0.4987 -0.4986 -0.7091
vn 0.5287 -0.4932 -0.6908
vn 0.5568 -0.4885 -0.6718
vn 0.5830 -0.4852 -0.6517
vn 0.6075 -0.4833 -0.6304
vn 0.0249 -0.5770 -0.8164
vn 0.0753 -0.5783 -0.8124
vn 0.1254 -0.5780 -0.8063
vn 0.1747 -0.5763 -0.7984
vn 0.2225 -0.5731 -0.7887
vn 0.2684 -0.5687 -0.7775
vn 0.3121 -0.5633 -0.7651
vn 0.3534 -0.5570 -0.7516
vn 0.3921 -0.5501 -0.7373
vn 0.4282 -0.5429 -0.7224
vn 0.4619 -0.5357 -0.7069
vn 0.4932 -0.5287 -0.6908
vn 0.5223 -0.5222 -0.6742
vn 0.5492 -0.5167 -0.6568
vn 0.5742 -0.5125 -0.6384
vn 0.5974 -0.5102 -0.6188
vn 0.0249 -0.6161 -0.7873
vn 0.0751 -0.6166 -0.7837
vn 0.1251 -0.6155 -0.7782
vn 0.1741 -0.6128 -0.7708
vn 0.2216 -0.6086 -0.7619
vn 0.2672 -0.6032 -0.7515
vn 0.3105 -0.5967 -0.7400
vn 0.3513 -0.5893 -0.7275
vn 0.3895 -0.5814 -0.7143
vn 0.4251 -0.5732 -0.7006
vn 0.4581 -0.5649 -0.6863
vn 0.4886 -0.5568 -0.6717
vn 0.5167 -0.5492 -0.6568
vn 0.5425 -0.5425 -0.6413
vn 0.5662 -0.5373 -0.6251
vn 0.5878 -0.5342 -0.6075
vn 0.0248 -0.6536 -0.7564
vn 0.0750 -0.6533 -0.7534
vn 0.1248 -0.6513 -0.7485
vn 0.1736 -0.6476 -0.7420
vn 0.2209 -0.6424 -0.7338
vn 0.2662 -0.6359 -0.7244
vn 0.3092 -0.6283 -0.7138
vn 0.3497 -0.6200 -0.7024
vn 0.3876 -0.6110 -0.6903
vn 0.4228 -0.6017 -0.6777
vn 0.4553 -0.5923 -0.6648
vn 0.4852 -0.5830 -0.6517
vn 0.5125 -0.5742 -0.6384
vn 0.5373 -0.5662 -0.6251
vn 0.5594 -0.5594 -0.6116
vn 0.5794 -0.5551 -0.5968
vn 0.0248 -0.6896 -0.7238
vn 0.0749 -0.6884 -0.7214
vn 0.1246 -0.6854 -0.7174
vn 0.1733 -0.6808 -0.7117
vn 0.2205 -0.6746 -0.7045
vn 0.2657 -0.6671 -0.6960
vn 0.3085 -0.6585 -0.6865
vn 0.3488 -0.6490 -0.6761
vn 0.3865 -0.6389 -0.6651
vn 0.4215 -0.6285 -0.6537
vn 0.4537 -0.6180 -0.6420
vn 0.4833 -0.6075 -0.6303
vn 0.5102 -0.5974 -0.6187
vn 0.5342 -0.5879 -0.6075
vn 0.5551 -0.5793 -0.5968
vn 0.5722 -0.5722 -0.5875
vn 0.9994 -0.0247 -0.0247
vn 0.9970 -0.0740 -0.0248
vn 0.9921 -0.1232 -0.0248
vn 0.9848 -0.1721 -0.0249
vn 0.9750 -0.2206 -0.0249
vn 0.9630 -0.2685 -0.0249
vn 0.9486 -0.3156 -0.0249
vn 0.9319 -0.3619 -0.0249
vn 0.9130 -0.4072 -0.0249
vn 0.8919 -0.4515 -0.0249
vn 0.8688 -0.4945 -0.0249
vn 0.8436 -0.5364 -0.0249
vn 0.8165 -0.5769 -0.0248
vn 0.7874 -0.6159 -0.0248
vn 0.7566 -0.6535 -0.0248
vn 0.7239 -0.6894 -0.0248
vn 0.9970 -0.0249 -0.0738
vn 0.9944 -0.0746 -0.0742
vn 0.9894 -0.1245 -0.0744
vn 0.9819 -0.1741 -0.0746
vn 0.9719 -0.2231 -0.0747
vn 0.9595 -0.2714 -0.0748
vn 0.9448 -0.3188 -0.0749
vn 0.9279 -0.3652 -0.0750
vn 0.9088 -0.4103 -0.0750
vn 0.8877 -0.4543 -0.0750
vn 0.8646 -0.4969 -0.0750
vn 0.8395 -0.5381 -0.0750
vn 0.8127 -0.5779 -0.0749
vn 0.7841 -0.6161 -0.0749
vn 0.7538 -0.6528 -0.0748
vn 0.7219 -0.6879 -0.0749
vn 0.9921 -0.0251 -0.1229
vn 0.9895 -0.0751 -0.1238
vn 0.9843 -0.1255 -0.1244
vn 0.9765 -0.1756 -0.1248
vn 0.9663 -0.2251 -0.1251
vn 0.9536 -0.2737 -0.1253
vn 0.9387 -0.3213 -0.1254
vn 0.9215 -0.3675 -0.1254
vn 0.9023 -0.4125 -0.1254
vn 0.8811 -0.4560 -0.1253
vn 0.8581 -0.4980 -0.1251
vn 0.8333 -0.5385 -0.1249
vn 0.8069 -0.5774 -0.1248
vn 0.7788 -0.6148 -0.1246
vn 0.7492 -0.6505 -0.1245
vn 0.7181 -0.6847 -0.1245
vn 0.9848 -0.0251 -0.1718
vn 0.9820 -0.0754 -0.1732
vn 0.9766 -0.1261 -0.1743
vn 0.9686 -0.1767 -0.1750
vn 0.9581 -0.2265 -0.1755
vn 0.9451 -0.2753 -0.1757
vn 0.9300 -0.3229 -0.1758
vn 0.9127 -0.3690 -0.1757
vn 0.8934 -0.4135 -0.1754
vn 0.8723 -0.4565 -0.1751
vn 0.8495 -0.4979 -0.1746
vn 0.8250 -0.5375 -0.1742
vn 0.7991 -0.5756 -0.1738
vn 0.7716 -0.6120 -0.1735
vn 0.7428 -0.6467 -0.1733
vn 0.7125 -0.6800 -0.1732
vn 0.9751 -0.0252 -0.2203
vn 0.9720 -0.0756 -0.2223
vn 0.9664 -0.1266 -0.2238
vn 0.9581 -0.1773 -0.2248
vn 0.9474 -0.2274 -0.2254
vn 0.9342 -0.2762 -0.2256
vn 0.9189 -0.3237 -0.2255
vn 0.9015 -0.3695 -0.2251
vn 0.8823 -0.4136 -0.2246
vn 0.8614 -0.4560 -0.2239
vn 0.8389 -0.4965 -0.2231
vn 0.8148 -0.5354 -0.2223
vn 0.7895 -0.5724 -0.2215
vn 0.7627 -0.6078 -0.2209
vn 0.7347 -0.6416 -0.2205
vn 0.7053 -0.6738 -0.2204
vn 0.9630 -0.0252 -0.2682
vn 0.9597 -0.0757 -0.2707
vn 0.9537 -0.1268 -0.2726
vn 0.9452 -0.1776 -0.2738
vn 0.9343 -0.2277 -0.2744
vn 0.9210 -0.2765 -0.2745
vn 0.9056 -0.3237 -0.2742
vn 0.8883 -0.3691 -0.2734
vn 0.8692 -0.4127 -0.2724
vn 0.8485 -0.4544 -0.2712
vn 0.8264 -0.4941 -0.2699
vn 0.8030 -0.5320 -0.2686
vn 0.7783 -0.5681 -0.2675
vn 0.7523 -0.6025 -0.2665
vn 0.7252 -0.6352 -0.2658
vn 0.6968 -0.6663 -0.2655
vn 0.9486 -0.0252 -0.3154
vn 0.9450 -0.0758 -0.3183
vn 0.9388 -0.1269 -0.3204
vn 0.9300 -0.1777 -0.3217
vn 0.9189 -0.2276 -0.3222
vn 0.9055 -0.2762 -0.3221
vn 0.8902 -0.3230 -0.3213
vn 0.8730 -0.3680 -0.3201
vn 0.8542 -0.4109 -0.3185
vn 0.8340 -0.4519 -0.3167
vn 0.8124 -0.4908 -0.3148
vn 0.7896 -0.5278 -0.3130
vn 0.7657 -0.5628 -0.3113
vn 0.7407 -0.5961 -0.3099
vn 0.7145 -0.6278 -0.3089
vn 0.6871 -0.6578 -0.3084
vn 0.9319 -0.0252 -0.3617
vn 0.9280 -0.0758 -0.3648
vn 0.9216 -0.1268 -0.3669
vn 0.9127 -0.1774 -0.3681
vn 0.9015 -0.2271 -0.3685
vn 0.8881 -0.2754 -0.3679
vn 0.8729 -0.3218 -0.3667
vn 0.8560 -0.3662 -0.3649
vn 0.8376 -0.4085 -0.3626
vn 0.8180 -0.4486 -0.3601
vn 0.7971 -0.4867 -0.3575
vn 0.7751 -0.5227 -0.3550
vn 0.7521 -0.5567 -0.3527
vn 0.7280 -0.5890 -0.3508
vn 0.7029 -0.6196 -0.3494
vn 0.6766 -0.6486 -0.3487
vn 0.9130 -0.0251 -0.4072
vn 0.9088 -0.0757 -0.4102
vn 0.9023 -0.1266 -0.4122
vn 0.8933 -0.1770 -0.4131
vn 0.8821 -0.2264 -0.4130
vn 0.8689 -0.2742 -0.4120
vn 0.8540 -0.3201 -0.4101
vn 0.8375 -0.3639 -0.4076
vn 0.8197 -0.4054 -0.4046
vn 0.8007 -0.4448 -0.4012
vn 0.7807 -0.4819 -0.3978
vn 0.7597 -0.5169 -0.3945
vn 0.7377 -0.5500 -0.3916
vn 0.7147 -0.5812 -0.3891
vn 0.6906 -0.6107 -0.3874
vn 0.6654 -0.6386 -0.3864
vn 0.8919 -0.0251 -0.4515
vn 0.8876 -0.0756 -0.4543
vn 0.8810 -0.1263 -0.4560
vn 0.8720 -0.1765 -0.4565
vn 0.8610 -0.2255 -0.4558
vn 0.8481 -0.2729 -0.4541
vn 0.8336 -0.3182 -0.4515
vn 0.8177 -0.3613 -0.4481
vn 0.8006 -0.4021 -0.4442
vn 0.7825 -0.4405 -0.4400
vn 0.7635 -0.4767 -0.4357
vn 0.7435 -0.5108 -0.4316
vn 0.7226 -0.5429 -0.4279
vn 0.7008 -0.5731 -0.4248
vn 0.6780 -0.6015 -0.4226
vn 0.6539 -0.6283 -0.4214
vn 0.8688 -0.0251 -0.4946
vn 0.8644 -0.0755 -0.4971
vn 0.8578 -0.1261 -0.4983
vn 0.8491 -0.1759 -0.4982
vn 0.8383 -0.2245 -0.4968
vn 0.8259 -0.2713 -0.4943
vn 0.8119 -0.3161 -0.4908
vn 0.7967 -0.3585 -0.4865
vn 0.7805 -0.3986 -0.4816
vn 0.7634 -0.4362 -0.4765
vn 0.7454 -0.4715 -0.4712
vn 0.7266 -0.5046 -0.4662
vn 0.7070 -0.5357 -0.4617
vn 0.6865 -0.5648 -0.4580
vn 0.6649 -0.5922 -0.4552
vn 0.6422 -0.6179 -0.4537
vn 0.8435 -0.0250 -0.5365
vn 0.8393 -0.0754 -0.5385
vn 0.8329 -0.1257 -0.5390
vn 0.8245 -0.1753 -0.5381
vn 0.8142 -0.2235 -0.5359
vn 0.8023 -0.2698 -0.5324
vn 0.7891 -0.3140 -0.5280
vn 0.7747 -0.3558 -0.5227
vn 0.7594 -0.3952 -0.5169
vn 0.7433 -0.4320 -0.5107
vn 0.7265 -0.4665 -0.5045
vn 0.7091 -0.4987 -0.4986
vn 0.6908 -0.5287 -0.4932
vn 0.6718 -0.5568 -0.4885
vn 0.6517 -0.5830 -0.4852
vn 0.6304 -0.6075 -0.4833
vn 0.8164 -0.0249 -0.5770
vn 0.8124 -0.0753 -0.5783
vn 0.8063 -0.1254 -0.5780
vn 0.7984 -0.1747 -0.5763
vn 0.7887 -0.2225 -0.5731
vn 0.7775 -0.2684 -0.5687
vn 0.7651 -0.3121 -0.5633
vn 0.7516 -0.3534 -0.5570
vn 0.7373 -0.3921 -0.5501
vn 0.7224 -0.4282 -0.5429
vn 0.7069 -0.4619 -0.5357
vn 0.6908 -0.4932 -0.5287
vn 0.6742 -0.5223 -0.5222
vn 0.6568 -0.5492 -0.5167
vn 0.6384 -0.5742 -0.5125
vn 0.6188 -0.5974 -0.5102
vn 0.7873 -0.0249 -0.6161
vn 0.7837 -0.0751 -0.6166
vn 0.7782 -0.1251 -0.6155
vn 0.7708 -0.1741 -0.6128
vn 0.7619 -0.2216 -0.6086
vn 0.7515 -0.2672 -0.6032
vn 0.7400 -0.3105 -0.5967
vn 0.7275 -0.3513 -0.5893
vn 0.7143 -0.3895 -0.5814
vn 0.7006 -0.4251 -0.5732
vn 0.6863 -0.4581 -0.5649
vn 0.6717 -0.4886 -0.5568
vn 0.6568 -0.5167 -0.5492
vn 0.6414 -0.5425 -0.5425
vn 0.6251 -0.5662 -0.5373
vn 0.6075 -0.5878 -0.5342
vn 0.7564 -0.0248 -0.6536
vn 0.7534 -0.0750 -0.6533
vn 0.7485 -0.1248 -0.6513
vn 0.7420 -0.1736 -0.6476
vn 0.7338 -0.2209 -0.6424
vn 0.7244 -0.2662 -0.6359
vn 0.7138 -0.3092 -0.6283
vn 0.7024 -0.3497 -0.6200
vn 0.6903 -0.3876 -0.6110
vn 0.6777 -0.4228 -0.6017
vn 0.6648 -0.4553 -0.5923
vn 0.6516 -0.4852 -0.5831
vn 0.6384 -0.5125 -0.5742
vn 0.6251 -0.5373 -0.5662
vn 0.6116 -0.5594 -0.5594
vn 0.5968 -0.5794 -0.5551
vn 0.7238 -0.0248 -0.6896
vn 0.7214 -0.0749 -0.6884
vn 0.7174 -0.1246 -0.6855
vn 0.7117 -0.1733 -0.6808
vn 0.7045 -0.2205 -0.6746
vn 0.6960 -0.2657 -0.6671
vn 0.6865 -0.3085 -0.6584
vn 0.6761 -0.3488 -0.6490
vn 0.6651 -0.3865 -0.6389
vn 0.6537 -0.4215 -0.6285
vn 0.6420 -0.4537 -0.6180
vn 0.6303 -0.4833 -0.6075
vn 0.6187 -0.5102 -0.5974
vn 0.6075 -0.5342 -0.5878
vn 0.5968 -0.5551 -0.5794
vn 0.5875 -0.5722 -0.5722
vn 0.9994 0.0247 0.0247
vn 0.9970 0.0740 0.0248
vn 0.9921 0.1232 0.0248
vn 0.9848 0.1721 0.0249
vn 0.9750 0.2206 0.0249
vn 0.9630 0.2685 0.0249
vn 0.9486 0.3156 0.0249
vn 0.9319 0.3619 0.0249
vn 0.9130 0.4072 0.0249
vn 0.8919 0.4515 0.0249
vn 0.8688 0.4945 0.0249
vn 0.8436 0.5364 0.0249
vn 0.8165 0.5769 0.0248
vn 0.7874 0.6159 0.0248
vn 0.7566 0.6535 0.0248
vn 0.7239 0.6894 0.0248
vn 0.9970 0.0249 0.0738
vn 0.9944 0.0746 0.0742
vn 0.9894 0.1245 0.0744
vn 0.9819 0.1741 0.0746
vn 0.9719 0.2231 0.0747
vn 0.9595 0.2714 0.0748
vn 0.9448 0.3188 0.0749
vn 0.9279 0.3652 0.0750
vn 0.9088 0.4103 0.0750
vn 0.8877 0.4543 0.0750
vn 0.8646 0.4969 0.0750
vn 0.8395 0.5381 0.0750
vn 0.8127 0.5779 0.0749
vn 0.7841 0.6161 0.0749
vn 0.7538 0.6528 0.0748
vn 0.7219 0.6879 0.0748
vn 0.9921 0.0251 0.1229
vn 0.9895 0.0751 0.1238
vn 0.9843 0.1255 0.1244
vn 0.9765 0.1756 0.1248
vn 0.9663 0.2251 0.1251
vn 0.9536 0.2737 0.1253
vn 0.9387 0.3213 0.1254
vn 0.9215 0.3675 0.1254
vn 0.9023 0.4125 0.1254
vn 0.8811 0.4560 0.1253
vn 0.8581 0.4980 0.1251
vn 0.8333 0.5385 0.1249
vn 0.8069 0.5774 0.1248
vn 0.7788 0.6148 0.1246
vn 0.7492 0.6505 0.1245
vn 0.7181 0.6847 0.1245
vn 0.9848 0.0251 0.1718
vn 0.9820 0.0754 0.1732
vn 0.9766 0.1261 0.1743
vn 0.9686 0.1767 0.1750
vn 0.9581 0.2265 0.1755
vn 0.9451 0.2753 0.1757
vn 0.9300 0.3229 0.1758
vn 0.9127 0.3690 0.1757
vn 0.8934 0.4135 0.1754
vn 0.8723 0.4565 0.1751
vn 0.8495 0.4979 0.1746
vn 0.8250 0.5375 0.1742
vn 0.7991 0.5756 0.1738
vn 0.7716 0.6120 0.1735
vn 0.7428 0.6467 0.1733
vn 0.7125 0.6800 0.1732
vn 0.9751 0.0252 0.2203
vn 0.9720 0.0756 0.2223
vn 0.9664 0.1266 0.2238
vn 0.9581 0.1773 0.2248
vn 0.9474 0.2274 0.2254
vn 0.9342 0.2762 0.2256
vn 0.9189 0.3237 0.2255
vn 0.9015 0.3695 0.2251
vn 0.8823 0.4136 0.2246
vn 0.8614 0.4560 0.2239
vn 0.8389 0.4965 0.2231
vn 0.8148 0.5354 0.2223
vn 0.7895 0.5724 0.2215
vn 0.7627 0.6078 0.2210
vn 0.7347 0.6416 0.2205
vn 0.7053 0.6738 0.2204
vn 0.9630 0.0252 0.2682
vn 0.9597 0.0757 0.2707
vn 0.9537 0.1268 0.2726
vn 0.9452 0.1776 0.2738
vn 0.9343 0.2277 0.2744
vn 0.9210 0.2765 0.2745
vn 0.9056 0.3237 0.2742
vn 0.8883 0.3691 0.2734
vn 0.8692 0.4127 0.2724
vn 0.8485 0.4544 0.2712
vn 0.8264 0.4942 0.2699
vn 0.8030 0.5320 0.2686
vn 0.7783 0.5681 0.2675
vn 0.7523 0.6025 0.2665
vn 0.7252 0.6352 0.2658
vn 0.6968 0.6663 0.2655
vn 0.9486 0.0252 0.3154
vn 0.9450 0.0758 0.3183
vn 0.9388 0.1269 0.3204
vn 0.9300 0.1777 0.3217
vn 0.9189 0.2276 0.3222
vn 0.9055 0.2762 0.3221
vn 0.8902 0.3230 0.3213
vn 0.8730 0.3680 0.3201
vn 0.8542 0.4109 0.3185
vn 0.8340 0.4518 0.3167
vn 0.8124 0.4908 0.3148
vn 0.7896 0.5278 0.3130
vn 0.7657 0.5628 0.3113
vn 0.7407 0.5961 0.3099
vn 0.7145 0.6278 0.3089
vn 0.6871 0.6578 0.3084
vn 0.9319 0.0252 0.3617
vn 0.9280 0.0758 0.3648
vn 0.9216 0.1268 0.3669
vn 0.9127 0.1774 0.3681
vn 0.9015 0.2271 0.3685
vn 0.8881 0.2754 0.3679
vn 0.8729 0.3218 0.3667
vn 0.8560 0.3662 0.3649
vn 0.8376 0.4085 0.3626
vn 0.8180 0.4486 0.3601
vn 0.7971 0.4867 0.3575
vn 0.7751 0.5227 0.3550
vn 0.7521 0.5567 0.3527
vn 0.7280 0.5890 0.3508
vn 0.7029 0.6196 0.3494
vn 0.6766 0.6486 0.3487
vn 0.9130 0.0251 0.4072
vn 0.9088 0.0757 0.4102
vn 0.9023 0.1266 0.4122
vn 0.8933 0.1770 0.4131
vn 0.8821 0.2264 0.4130
vn 0.8689 0.2742 0.4120
vn 0.8540 0.3201 0.4101
vn 0.8375 0.3639 0.4076
vn 0.8197 0.4054 0.4046
vn 0.8007 0.4448 0.4012
vn 0.7807 0.4819 0.3978
vn 0.7597 0.5169 0.3945
vn 0.7377 0.5500 0.3916
vn 0.7147 0.5812 0.3891
vn 0.6906 0.6107 0.3874
vn 0.6654 0.6386 0.3864
vn 0.8919 0.0251 0.4515
vn 0.8876 0.0756 0.4543
vn 0.8810 0.1263 0.4560
vn 0.8720 0.1765 0.4565
vn 0.8610 0.2255 0.4558
vn 0.8481 0.2729 0.4541
vn 0.8336 0.3182 0.4515
vn 0.8177 0.3613 0.4481
vn 0.8006 0.4021 0.4442
vn 0.7825 0.4405 0.4400
vn 0.7635 0.4767 0.4357
vn 0.7435 0.5108 0.4316
vn 0.7226 0.5429 0.4279
vn 0.7008 0.5731 0.4248
vn 0.6780 0.6015 0.4226
vn 0.6539 0.6283 0.4214
vn 0.8688 0.0251 0.4946
vn 0.8644 0.0755 0.4971
vn 0.8578 0.1261 0.4983
vn 0.8491 0.1759 0.4982
vn 0.8383 0.2245 0.4968
vn 0.8259 0.2713 0.4943
vn 0.8119 0.3161 0.4908
vn 0.7967 0.3585 0.4865
vn 0.7805 0.3986 0.4816
vn 0.7634 0.4362 0.4765
vn 0.7454 0.4715 0.4712
vn 0.7266 0.5046 0.4662
vn 0.7070 0.5357 0.4617
vn 0.6865 0.5648 0.4580
vn 0.6649 0.5922 0.4552
vn 0.6422 0.6179 0.4537
vn 0.8435 0.0250 0.5365
vn 0.8393 0.0754 0.5385
vn 0.8329 0.1257 0.5390
vn 0.8245 0.1753 0.5381
vn 0.8142 0.2235 0.5359
vn 0.8023 0.2698 0.5324
vn 0.7891 0.3140 0.5280
vn 0.7747 0.3558 0.5227
vn 0.7594 0.3952 0.5169
vn 0.7433 0.4320 0.5107
vn 0.7265 0.4665 0.5045
vn 0.7091 0.4987 0.4986
vn 0.6908 0.5287 0.4932
vn 0.6718 0.5568 0.4885
vn 0.6517 0.5830 0.4851
vn 0.6304 0.6075 0.4833
vn 0.8164 0.0249 0.5770
vn 0.8124 0.0753 0.5783
vn 0.8063 0.1254 0.5780
vn 0.7984 0.1747 0.5763
vn 0.7887 0.2225 0.5731
vn 0.7775 0.2684 0.5687
vn 0.7651 0.3121 0.5633
vn 0.7516 0.3534 0.5570
vn 0.7373 0.3921 0.5501
vn 0.7224 0.4282 0.5429
vn 0.7069 0.4619 0.5357
vn 0.6908 0.4932 0.5287
vn 0.6742 0.5223 0.5222
vn 0.6568 0.5492 0.5167
vn 0.6384 0.5742 0.5125
vn 0.6188 0.5974 0.5102
vn 0.7873 0.0249 0.6161
vn 0.7837 0.0751 0.6166
vn 0.7782 0.1251 0.6155
vn 0.7708 0.1741 0.6128
vn 0.7619 0.2216 0.6086
vn 0.7515 0.2672 0.6032
vn 0.7400 0.3105 0.5967
vn 0.7275 0.3513 0.5893
vn 0.7143 0.3895 0.5814
vn 0.7006 0.4251 0.5732
vn 0.6863 0.4581 0.5649
vn 0.6717 0.4886 0.5568
vn 0.6568 0.5167 0.5492
vn 0.6413 0.5425 0.5425
vn 0.6251 0.5662 0.5373
vn 0.6075 0.5878 0.5342
vn 0.7564 0.0248 0.6536
vn 0.7534 0.0750 0.6533
vn 0.7485 0.1248 0.6513
vn 0.7420 0.1736 0.6476
vn 0.7338 0.2209 0.6424
vn 0.7244 0.2662 0.6359
vn 0.7138 0.3092 0.6283
vn 0.7024 0.3497 0.6200
vn 0.6903 0.3876 0.6110
vn 0.6777 0.4228 0.6017
vn 0.6648 0.4553 0.5923
vn 0.6516 0.4852 0.5831
vn 0.6384 0.5125 0.5742
vn 0.6251 0.5373 0.5662
vn 0.6116 0.5594 0.5594
vn 0.5968 0.5793 0.5551
vn 0.7238 0.0248 0.6896
vn 0.7214 0.0749 0.6884
vn 0.7174 0.1246 0.6855
vn 0.7117 0.1733 0.6808
vn 0.7045 0.2205 0.6746
vn 0.6960 0.2657 0.6671
vn 0.6865 0.3085 0.6584
vn 0.6761 0.3488 0.6490
vn 0.6651 0.3865 0.6389
vn 0.6537 0.4215 0.6285
vn 0.6420 0.4537 0.6180
vn 0.6303 0.4833 0.6075
vn 0.6187 0.5102 0.5974
vn 0.6075 0.5342 0.5878
vn 0.5968 0.5551 0.5794
vn 0.5875 0.5722 0.5722
vn 0.0247 0.9994 0.0247
vn 0.0248 0.9970 0.0740
vn 0.0248 0.9921 0.1232
vn 0.0249 0.9848 0.1721
vn 0.0249 0.9750 0.2206
vn 0.0249 0.9630 0.2685
vn 0.0249 0.9486 0.3156
vn 0.0249 0.9319 0.3619
vn 0.0249 0.9130 0.4072
vn 0.0249 0.8919 0.4515
vn 0.0249 0.8688 0.4945
vn 0.0249 0.8436 0.5364
vn 0.0248 0.8165 0.5769
vn 0.0248 0.7874 0.6159
vn 0.0248 0.7566 0.6535
vn 0.0248 0.7239 0.6894
vn 0.0738 0.9970 0.0249
vn 0.0742 0.9944 0.0746
vn 0.0744 0.9894 0.1245
vn 0.0746 0.9819 0.1741
vn 0.0747 0.9719 0.2231
vn 0.0748 0.9595 0.2714
vn 0.0749 0.9448 0.3188
vn 0.0750 0.9279 0.3652
vn 0.0750 0.9088 0.4103
vn 0.0750 0.8877 0.4543
vn 0.0750 0.8646 0.4969
vn 0.0750 0.8395 0.5381
vn 0.0749 0.8127 0.5779
vn 0.0749 0.7841 0.6161
vn 0.0748 0.7538 0.6528
vn 0.0749 0.7219 0.6879
vn 0.1229 0.9921 0.0251
vn 0.1238 0.9895 0.0751
vn 0.1244 0.9843 0.1255
vn 0.1248 0.9765 0.1756
vn 0.1251 0.9663 0.2251
vn 0.1253 0.9536 0.2737
vn 0.1254 0.9387 0.3213
vn 0.1254 0.9215 0.3675
vn 0.1254 0.9023 0.4125
vn 0.1253 0.8811 0.4560
vn 0.1251 0.8581 0.4980
vn 0.1249 0.8333 0.5385
vn 0.1248 0.8069 0.5774
vn 0.1246 0.7788 0.6148
vn 0.1245 0.7492 0.6505
vn 0.1245 0.7181 0.6847
vn 0.1718 0.9848 0.0251
vn 0.1732 0.9820 0.0754
vn 0.1743 0.9766 0.1261
vn 0.1750 0.9686 0.1767
vn 0.1755 0.9581 0.2265
vn 0.1757 0.9451 0.2753
vn 0.1758 0.9300 0.3229
vn 0.1757 0.9127 0.3690
vn 0.1754 0.8934 0.4135
vn 0.1751 0.8723 0.4565
vn 0.1746 0.8495 0.4979
vn 0.1742 0.8250 0.5375
vn 0.1738 0.7991 0.5756
vn 0.1735 0.7716 0.6120
vn 0.1733 0.7428 0.6467
vn 0.1732 0.7125 0.6800
vn 0.2203 0.9751 0.0252
vn 0.2223 0.9720 0.0756
vn 0.2238 0.9664 0.1266
vn 0.2248 0.9581 0.1773
vn 0.2254 0.9474 0.2274
vn 0.2256 0.9342 0.2762
vn 0.2255 0.9189 0.3237
vn 0.2251 0.9015 0.3695
vn 0.2246 0.8823 0.4136
vn 0.2239 0.8614 0.4560
vn 0.2231 0.8389 0.4965
vn 0.2223 0.8148 0.5354
vn 0.2215 0.7895 0.5724
vn 0.2209 0.7627 0.6078
vn 0.2205 0.7347 0.6416
vn 0.2204 0.7053 0.6738
vn 0.2682 0.9630 0.0252
vn 0.2707 0.9597 0.0757
vn 0.2726 0.9537 0.1268
vn 0.2738 0.9452 0.1777
vn 0.2744 0.9343 0.2277
vn 0.2745 0.9210 0.2765
vn 0.2742 0.9056 0.3237
vn 0.2734 0.8883 0.3691
vn 0.2724 0.8692 0.4127
vn 0.2712 0.8485 0.4544
vn 0.2699 0.8264 0.4941
vn 0.2686 0.8030 0.5320
vn 0.2675 0.7783 0.5681
vn 0.2665 0.7523 0.6025
vn 0.2658 0.7252 0.6352
vn 0.2655 0.6968 0.6663
vn 0.3154 0.9486 0.0252
vn 0.3183 0.9450 0.0758
vn 0.3204 0.9388 0.1269
vn 0.3217 0.9300 0.1777
vn 0.3222 0.9189 0.2276
vn 0.3221 0.9055 0.2762
vn 0.3213 0.8902 0.3230
vn 0.3201 0.8730 0.3680
vn 0.3185 0.8542 0.4109
vn 0.3167 0.8340 0.4519
vn 0.3148 0.8124 0.4908
vn 0.3130 0.7896 0.5278
vn 0.3113 0.7657 0.5628
vn 0.3099 0.7407 0.5961
vn 0.3089 0.7145 0.6278
vn 0.3084 0.6871 0.6578
vn 0.3617 0.9319 0.0252
vn 0.3648 0.9280 0.0758
vn 0.3669 0.9216 0.1268
vn 0.3681 0.9127 0.1774
vn 0.3685 0.9015 0.2271
vn 0.3679 0.8881 0.2754
vn 0.3667 0.8729 0.3218
vn 0.3649 0.8560 0.3662
vn 0.3626 0.8376 0.4085
vn 0.3601 0.8180 0.4486
vn 0.3575 0.7971 0.4867
vn 0.3550 0.7751 0.5227
vn 0.3527 0.7521 0.5567
vn 0.3508 0.7280 0.5890
vn 0.3494 0.7029 0.6196
vn 0.3487 0.6766 0.6486
vn 0.4072 0.9130 0.0251
vn 0.4102 0.9088 0.0757
vn 0.4122 0.9023 0.1266
vn 0.4131 0.8933 0.1770
vn 0.4130 0.8821 0.2264
vn 0.4120 0.8689 0.2742
vn 0.4101 0.8540 0.3201
vn 0.4076 0.8375 0.3639
vn 0.4046 0.8197 0.4054
vn 0.4012 0.8007 0.4448
vn 0.3978 0.7807 0.4819
vn 0.3945 0.7597 0.5169
vn 0.3916 0.7377 0.5500
vn 0.3891 0.7147 0.5812
vn 0.3874 0.6906 0.6107
vn 0.3864 0.6654 0.6386
vn 0.4515 0.8919 0.0251
vn 0.4543 0.8876 0.0756
vn 0.4560 0.8810 0.1263
vn 0.4565 0.8720 0.1765
vn 0.4558 0.8610 0.2255
vn 0.4541 0.8481 0.2729
vn 0.4515 0.8336 0.3182
vn 0.4481 0.8177 0.3613
vn 0.4442 0.8006 0.4021
vn 0.4400 0.7825 0.4405
vn 0.4357 0.7635 0.4767
vn 0.4316 0.7435 0.5108
vn 0.4279 0.7226 0.5429
vn 0.4248 0.7008 0.5731
vn 0.4226 0.6780 0.6015
vn 0.4214 0.6539 0.6283
vn 0.4946 0.8688 0.0251
vn 0.4971 0.8644 0.0755
vn 0.4983 0.8578 0.1261
vn 0.4982 0.8491 0.1759
vn 0.4968 0.8383 0.2245
vn 0.4943 0.8259 0.2713
vn 0.4908 0.8119 0.3161
vn 0.4865 0.7967 0.3585
vn 0.4816 0.7805 0.3986
vn 0.4765 0.7634 0.4362
vn 0.4712 0.7454 0.4715
vn 0.4662 0.7266 0.5046
vn 0.4617 0.7070 0.5357
vn 0.4580 0.6865 0.5648
vn 0.4552 0.6649 0.5922
vn 0.4537 0.6422 0.6179
vn 0.5365 0.8435 0.0250
vn 0.5385 0.8393 0.0754
vn 0.5390 0.8329 0.1257
vn 0.5381 0.8245 0.1753
vn 0.5359 0.8142 0.2235
vn 0.5324 0.8023 0.2698
vn 0.5280 0.7891 0.3140
vn 0.5227 0.7747 0.3558
vn 0.5169 0.7594 0.3952
vn 0.5107 0.7433 0.4320
vn 0.5045 0.7265 0.4665
vn 0.4986 0.7091 0.4987
vn 0.4932 0.6908 0.5287
vn 0.4885 0.6718 0.5568
vn 0.4852 0.6517 0.5830
vn 0.4833 0.6304 0.6075
vn 0.5770 0.8164 0.0249
vn 0.5783 0.8124 0.0753
vn 0.5780 0.8063 0.1254
vn 0.5763 0.7984 0.1747
vn 0.5731 0.7887 0.2225
vn 0.5687 0.7775 0.2684
vn 0.5633 0.7651 0.3121
vn 0.5570 0.7516 0.3534
vn 0.5501 0.7373 0.3921
vn 0.5429 0.7224 0.4282
vn 0.5357 0.7069 0.4619
vn 0.5287 0.6908 0.4932
vn 0.5222 0.6742 0.5223
vn 0.5167 0.6568 0.5492
vn 0.5125 0.6384 0.5742
vn 0.5102 0.6188 0.5974
vn 0.6161 0.7873 0.0249
vn 0.6166 0.7837 0.0751
vn 0.6155 0.7782 0.1251
vn 0.6128 0.7708 0.1741
vn 0.6086 0.7619 0.2216
vn 0.6032 0.7515 0.2672
vn 0.5967 0.7400 0.3105
vn 0.5893 0.7275 0.3513
vn 0.5814 0.7143 0.3895
vn 0.5732 0.7006 0.4251
vn 0.5649 0.6863 0.4581
vn 0.5568 0.6717 0.4886
vn 0.5492 0.6568 0.5167
vn 0.5425 0.6413 0.5425
vn 0.5373 0.6251 0.5662
vn 0.5342 0.6075 0.5878
vn 0.6536 0.7564 0.0248
vn 0.6533 0.7534 0.0750
vn 0.6513 0.7485 0.1248
vn 0.6476 0.7420 0.1736
vn 0.6424 0.7338 0.2209
vn 0.6359 0.7244 0.2662
vn 0.6283 0.7138 0.3092
vn 0.6200 0.7024 0.3497
vn 0.6110 0.6903 0.3876
vn 0.6017 0.6777 0.4228
vn 0.5923 0.6648 0.4553
vn 0.5830 0.6517 0.4852
vn 0.5742 0.6384 0.5125
vn 0.5662 0.6251 0.5373
vn 0.5594 0.6116 0.5594
vn 0.5551 0.5968 0.5794
vn 0.6896 0.7238 0.0248
vn 0.6884 0.7214 0.0749
vn 0.6854 0.7174 0.1246
vn 0.6808 0.7117 0.1733
vn 0.6746 0.7045 0.2205
vn 0.6671 0.6960 0.2657
vn 0.6585 0.6865 0.3085
vn 0.6490 0.6761 0.3488
vn 0.6389 0.6651 0.3865
vn 0.6285 0.6537 0.4215
vn 0.6180 0.6420 0.4537
vn 0.6075 0.6303 0.4833
vn 0.5974 0.6187 0.5102
vn 0.5879 0.6075 0.5342
vn 0.5793 0.5968 0.5551
vn 0.5722 0.5875 0.5722
vn 0.0247 0.0247 0.9994
vn 0.0740 0.0248 0.9970
vn 0.1232 0.0248 0.9921
vn 0.1721 0.0249 0.9848
vn 0.2206 0.0249 0.9750
vn 0.2685 0.0249 0.9630
vn 0.3156 0.0249 0.9486
vn 0.3619 0.0249 0.9319
vn 0.4072 0.0249 0.9130
vn 0.4515 0.0249 0.8919
vn 0.4945 0.0249 0.8688
vn 0.5364 0.0249 0.8436
vn 0.5769 0.0248 0.8165
vn 0.6159 0.0248 0.7874
vn 0.6535 0.0248 0.7566
vn 0.6894 0.0248 0.7239
vn 0.0249 0.0738 0.9970
vn 0.0746 0.0742 0.9944
vn 0.1245 0.0744 0.9894
vn 0.1741 0.0746 0.9819
vn 0.2231 0.0747 0.9719
vn 0.2714 0.0748 0.9595
vn 0.3188 0.0749 0.9448
vn 0.3652 0.0750 0.9279
vn 0.4103 0.0750 0.9088
vn 0.4543 0.0750 0.8877
vn 0.4969 0.0750 0.8646
vn 0.5381 0.0750 0.8395
vn 0.5779 0.0749 0.8127
vn 0.6161 0.0749 0.7841
vn 0.6528 0.0748 0.7538
vn 0.6879 0.0749 0.7219
vn 0.0251 0.1229 0.9921
vn 0.0751 0.1238 0.9895
vn 0.1255 0.1244 0.9843
vn 0.1756 0.1248 0.9765
vn 0.2251 0.1251 0.9663
vn 0.2737 0.1253 0.9536
vn 0.3213 0.1254 0.9387
vn 0.3675 0.1254 0.9215
vn 0.4125 0.1254 0.9023
vn 0.4560 0.1253 0.8811
vn 0.4980 0.1251 0.8581
vn 0.5385 0.1249 0.8333
vn 0.5774 0.1248 0.8069
vn 0.6148 0.1246 0.7788
vn 0.6505 0.1245 0.7492
vn 0.6847 0.1245 0.7181
vn 0.0251 0.1718 0.9848
vn 0.0754 0.1732 0.9820
vn 0.1261 0.1743 0.9766
vn 0.1767 0.1750 0.9686
vn 0.2265 0.1755 0.9581
vn 0.2753 0.1757 0.9451
vn 0.3229 0.1758 0.9300
vn 0.3690 0.1757 0.9127
vn 0.4135 0.1754 0.8934
vn 0.4565 0.1751 0.8723
vn 0.4979 0.1746 0.8495
vn 0.5375 0.1742 0.8250
vn 0.5756 0.1738 0.7991
vn 0.6120 0.1735 0.7716
vn 0.6467 0.1733 0.7428
vn 0.6800 0.1732 0.7125
vn 0.0252 0.2203 0.9751
vn 0.0756 0.2223 0.9720
vn 0.1266 0.2238 0.9664
vn 0.1773 0.2248 0.9581
vn 0.2274 0.2254 0.9474
vn 0.2762 0.2256 0.9342
vn 0.3237 0.2255 0.9189
vn 0.3695 0.2251 0.9015
vn 0.4136 0.2246 0.8823
vn 0.4560 0.2239 0.8614
vn 0.4965 0.2231 0.8389
vn 0.5354 0.2223 0.8148
vn 0.5724 0.2215 0.7895
vn 0.6078 0.2209 0.7627
vn 0.6416 0.2205 0.7347
vn 0.6738 0.2204 0.7053
vn 0.0252 0.2682 0.9630
vn 0.0757 0.2707 0.9597
vn 0.1268 0.2726 0.9537
vn 0.1776 0.2738 0.9452
vn 0.2277 0.2744 0.9343
vn 0.2765 0.2745 0.9210
vn 0.3237 0.2742 0.9056
vn 0.3691 0.2734 0.8883
vn 0.4127 0.2724 0.8692
vn 0.4544 0.2712 0.8485
vn 0.4941 0.2699 0.8264
vn 0.5320 0.2686 0.8030
vn 0.5681 0.2675 0.7783
vn 0.6025 0.2665 0.7523
vn 0.6352 0.2658 0.7252
vn 0.6663 0.2655 0.6968
vn 0.0252 0.3154 0.9486
vn 0.0758 0.3183 0.9450
vn 0.1269 0.3204 0.9388
vn 0.1777 0.3217 0.9300
vn 0.2276 0.3222 0.9189
vn 0.2762 0.3221 0.9055
vn 0.3230 0.3213 0.8902
vn 0.3680 0.3201 0.8730
vn 0.4109 0.3185 0.8542
vn 0.4519 0.3167 0.8340
vn 0.4908 0.3148 0.8124
vn 0.5278 0.3130 0.7896
vn 0.5628 0.3113 0.7657
vn 0.5961 0.3099 0.7407
vn 0.6278 0.3089 0.7145
vn 0.6578 0.3084 0.6871
vn 0.0252 0.3617 0.9319
vn 0.0758 0.3648 0.9280
vn 0.1268 0.3669 0.9216
vn 0.1774 0.3681 0.9127
vn 0.2271 0.3685 0.9015
vn 0.2754 0.3679 0.8881
vn 0.3218 0.3667 0.8729
vn 0.3662 0.3649 0.8560
vn 0.4085 0.3626 0.8376
vn 0.4486 0.3601 0.8180
vn 0.4867 0.3575 0.7971
vn 0.5227 0.3550 0.7751
vn 0.5567 0.3527 0.7521
vn 0.5890 0.3508 0.7280
vn 0.6196 0.3494 0.7029
vn 0.6486 0.3487 0.6766
vn 0.0251 0.4072 0.9130
vn 0.0757 0.4102 0.9088
vn 0.1266 0.4122 0.9023
vn 0.1770 0.4131 0.8933
vn 0.2264 0.4130 0.8821
vn 0.2742 0.4120 0.8689
vn 0.3201 0.4101 0.8540
vn 0.3639 0.4076 0.8375
vn 0.4054 0.4046 0.8197
vn 0.4448 0.4012 0.8007
vn 0.4819 0.3978 0.7807
vn 0.5169 0.3945 0.7597
vn 0.5500 0.3916 0.7377
vn 0.5812 0.3891 0.7147
vn 0.6107 0.3874 0.6906
vn 0.6386 0.3864 0.6654
vn 0.0251 0.4515 0.8919
vn 0.0756 0.4543 0.8876
vn 0.1263 0.4560 0.8810
vn 0.1765 0.4565 0.8720
vn 0.2255 0.4558 0.8610
vn 0.2729 0.4541 0.8481
vn 0.3182 0.4515 0.8336
vn 0.3613 0.4481 0.8177
vn 0.4021 0.4442 0.8006
vn 0.4405 0.4400 0.7825
vn 0.4767 0.4357 0.7635
vn 0.5108 0.4316 0.7435
vn 0.5429 0.4279 0.7226
vn 0.5731 0.4248 0.7008
vn 0.6015 0.4226 0.6780
vn 0.6283 0.4214 0.6539
vn 0.0251 0.4946 0.8688
vn 0.0755 0.4971 0.8644
vn 0.1261 0.4983 0.8578
vn 0.1759 0.4982 0.8491
vn 0.2245 0.4968 0.8383
vn 0.2713 0.4943 0.8259
vn 0.3161 0.4908 0.8119
vn 0.3585 0.4865 0.7967
vn 0.3986 0.4816 0.7805
vn 0.4362 0.4765 0.7634
vn 0.4715 0.4712 0.7454
vn 0.5046 0.4662 0.7266
vn 0.5357 0.4617 0.7070
vn 0.5648 0.4580 0.6865
vn 0.5922 0.4552 0.6649
vn 0.6179 0.4537 0.6422
vn 0.0250 0.5365 0.8435
vn 0.0754 0.5385 0.8393
vn 0.1257 0.5390 0.8329
vn 0.1753 0.5381 0.8245
vn 0.2235 0.5359 0.8142
vn 0.2698 0.5324 0.8023
vn 0.3140 0.5280 0.7891
vn 0.3558 0.5227 0.7747
vn 0.3952 0.5169 0.7594
vn 0.4320 0.5107 0.7433
vn 0.4665 0.5045 0.7265
vn 0.4987 0.4986 0.7091
vn 0.5287 0.4932 0.6908
vn 0.5568 0.4885 0.6718
vn 0.5830 0.4852 0.6517
vn 0.6075 0.4833 0.6304
vn 0.0249 0.5770 0.8164
vn 0.0753 0.5783 0.8124
vn 0.1254 0.5780 0.8063
vn 0.1747 0.5763 0.7984
vn 0.2225 0.5731 0.7887
vn 0.2684 0.5687 0.7775
vn 0.3121 0.5633 0.7651
vn 0.3534 0.5570 0.7516
vn 0.3921 0.5501 0.7373
vn 0.4282 0.5429 0.7224
vn 0.4619 0.5357 0.7069
vn 0.4932 0.5287 0.6908
vn 0.5223 0.5222 0.6742
vn 0.5492 0.5167 0.6568
vn 0.5742 0.5125 0.6384
vn 0.5974 0.5102 0.6188
vn 0.0249 0.6161 0.7873
vn 0.0751 0.6166 0.7837
vn 0.1251 0.6155 0.7782
vn 0.1741 0.6128 0.7708
vn 0.2216 0.6086 0.7619
vn 0.2672 0.6032 0.7515
vn 0.3105 0.5967 0.7400
vn 0.3513 0.5893 0.7275
vn 0.3895 0.5814 0.7143
vn 0.4251 0.5732 0.7006
vn 0.4581 0.5649 0.6863
vn 0.4886 0.5568 0.6717
vn 0.5167 0.5492 0.6568
vn 0.5425 0.5425 0.6414
vn 0.5662 0.5373 0.6251
vn 0.5878 0.5342 0.6075
vn 0.0248 0.6536 0.7564
vn 0.0750 0.6533 0.7534
vn 0.1248 0.6513 0.7485
vn 0.1736 0.6476 0.7420
vn 0.2209 0.6424 0.7338
vn 0.2662 0.6359 0.7244
vn 0.3092 0.6283 0.7138
vn 0.3497 0.6200 0.7024
vn 0.3876 0.6110 0.6903
vn 0.4228 0.6017 0.6777
vn 0.4553 0.5923 0.6648
vn 0.4852 0.5831 0.6516
vn 0.5125 0.5742 0.6384
vn 0.5373 0.5662 0.6251
vn 0.5594 0.5594 0.6116
vn 0.5794 0.5551 0.5968
vn 0.0248 0.6896 0.7238
vn 0.0749 0.6884 0.7214
vn 0.1246 0.6855 0.7174
vn 0.1733 0.6808 0.7117
vn 0.2205 0.6746 0.7045
vn 0.2657 0.6671 0.6960
vn 0.3085 0.6584 0.6865
vn 0.3488 0.6490 0.6761
vn 0.3865 0.6389 0.6651
vn 0.4215 0.6285 0.6537
vn 0.4537 0.6180 0.6420
vn 0.4833 0.6075 0.6303
vn 0.5102 0.5974 0.6187
vn 0.5342 0.5878 0.6075
vn 0.5551 0.5794 0.5968
vn 0.5722 0.5722 0.5875
vn 0.9994 -0.0247 0.0247
vn 0.9970 -0.0248 0.0740
vn 0.9921 -0.0248 0.1232
vn 0.9848 -0.0249 0.1721
vn 0.9750 -0.0249 0.2206
vn 0.9630 -0.0249 0.2685
vn 0.9486 -0.0249 0.3156
vn 0.9319 -0.0249 0.3619
vn 0.9130 -0.0249 0.4072
vn 0.8919 -0.0249 0.4515
vn 0.8688 -0.0249 0.4945
vn 0.8436 -0.0249 0.5364
vn 0.8165 -0.0248 0.5768
vn 0.7874 -0.0248 0.6159
vn 0.7566 -0.0248 0.6534
vn 0.7239 -0.0248 0.6894
vn 0.9970 -0.0738 0.0249
vn 0.9944 -0.0742 0.0746
vn 0.9894 -0.0744 0.1245
vn 0.9819 -0.0746 0.1741
vn 0.9719 -0.0747 0.2231
vn 0.9595 -0.0748 0.2714
vn 0.9448 -0.0749 0.3188
vn 0.9279 -0.0750 0.3652
vn 0.9088 -0.0750 0.4103
vn 0.8877 -0.0750 0.4543
vn 0.8646 -0.0750 0.4969
vn 0.8395 -0.0750 0.5381
vn 0.8127 -0.0749 0.5779
vn 0.7841 -0.0749 0.6161
vn 0.7538 -0.0749 0.6528
vn 0.7219 -0.0748 0.6879
vn 0.9921 -0.1229 0.0251
vn 0.9895 -0.1238 0.0751
vn 0.9843 -0.1244 0.1255
vn 0.9765 -0.1248 0.1756
vn 0.9663 -0.1251 0.2251
vn 0.9536 -0.1253 0.2737
vn 0.9387 -0.1254 0.3213
vn 0.9215 -0.1254 0.3675
vn 0.9023 -0.1254 0.4125
vn 0.8811 -0.1253 0.4560
vn 0.8581 -0.1251 0.4980
vn 0.8333 -0.1249 0.5385
vn 0.8069 -0.1248 0.5774
vn 0.7788 -0.1246 0.6148
vn 0.7492 -0.1245 0.6505
vn 0.7181 -0.1245 0.6847
vn 0.9848 -0.1718 0.0252
vn 0.9820 -0.1732 0.0754
vn 0.9766 -0.1743 0.1261
vn 0.9686 -0.1750 0.1767
vn 0.9581 -0.1755 0.2265
vn 0.9451 -0.1757 0.2753
vn 0.9300 -0.1758 0.3229
vn 0.9127 -0.1756 0.3690
vn 0.8934 -0.1754 0.4135
vn 0.8723 -0.1750 0.4565
vn 0.8495 -0.1746 0.4979
vn 0.8250 -0.1742 0.5375
vn 0.7991 -0.1738 0.5756
vn 0.7716 -0.1735 0.6120
vn 0.7428 -0.1733 0.6467
vn 0.7125 -0.1732 0.6800
vn 0.9751 -0.2203 0.0252
vn 0.9720 -0.2223 0.0757
vn 0.9664 -0.2238 0.1266
vn 0.9581 -0.2248 0.1773
vn 0.9474 -0.2254 0.2274
vn 0.9342 -0.2256 0.2762
vn 0.9189 -0.2255 0.3237
vn 0.9016 -0.2251 0.3695
vn 0.8823 -0.2246 0.4136
vn 0.8614 -0.2238 0.4560
vn 0.8389 -0.2231 0.4965
vn 0.8148 -0.2223 0.5354
vn 0.7895 -0.2215 0.5724
vn 0.7627 -0.2209 0.6078
vn 0.7347 -0.2205 0.6416
vn 0.7053 -0.2204 0.6737
vn 0.9630 -0.2682 0.0252
vn 0.9597 -0.2707 0.0758
vn 0.9537 -0.2726 0.1268
vn 0.9452 -0.2738 0.1777
vn 0.9343 -0.2744 0.2277
vn 0.9210 -0.2745 0.2765
vn 0.9056 -0.2742 0.3237
vn 0.8882 -0.2734 0.3691
vn 0.8692 -0.2724 0.4127
vn 0.8485 -0.2712 0.4544
vn 0.8264 -0.2699 0.4941
vn 0.8030 -0.2686 0.5321
vn 0.7783 -0.2675 0.5681
vn 0.7523 -0.2665 0.6025
vn 0.7252 -0.2658 0.6352
vn 0.6968 -0.2655 0.6663
vn 0.9486 -0.3154 0.0252
vn 0.9450 -0.3183 0.0758
vn 0.9388 -0.3204 0.1269
vn 0.9300 -0.3217 0.1777
vn 0.9189 -0.3222 0.2276
vn 0.9055 -0.3221 0.2762
vn 0.8902 -0.3213 0.3230
vn 0.8730 -0.3201 0.3680
vn 0.8542 -0.3185 0.4109
vn 0.8340 -0.3167 0.4519
vn 0.8124 -0.3148 0.4908
vn 0.7896 -0.3130 0.5278
vn 0.7657 -0.3113 0.5628
vn 0.7407 -0.3099 0.5962
vn 0.7145 -0.3089 0.6278
vn 0.6871 -0.3084 0.6579
vn 0.9319 -0.3618 0.0252
vn 0.9280 -0.3648 0.0758
vn 0.9216 -0.3669 0.1268
vn 0.9127 -0.3682 0.1774
vn 0.9015 -0.3685 0.2271
vn 0.8881 -0.3679 0.2754
vn 0.8729 -0.3667 0.3218
vn 0.8560 -0.3649 0.3662
vn 0.8376 -0.3627 0.4085
vn 0.8180 -0.3601 0.4486
vn 0.7971 -0.3575 0.4867
vn 0.7751 -0.3550 0.5227
vn 0.7521 -0.3527 0.5567
vn 0.7281 -0.3508 0.5890
vn 0.7029 -0.3494 0.6196
vn 0.6766 -0.3487 0.6486
vn 0.9130 -0.4072 0.0251
vn 0.9088 -0.4102 0.0757
vn 0.9023 -0.4122 0.1266
vn 0.8933 -0.4131 0.1770
vn 0.8821 -0.4130 0.2264
vn 0.8689 -0.4120 0.2742
vn 0.8540 -0.4101 0.3201
vn 0.8375 -0.4076 0.3639
vn 0.8197 -0.4046 0.4054
vn 0.8007 -0.4012 0.4448
vn 0.7807 -0.3978 0.4819
vn 0.7597 -0.3945 0.5169
vn 0.7377 -0.3916 0.5500
vn 0.7147 -0.3891 0.5812
vn 0.6906 -0.3873 0.6107
vn 0.6654 -0.3864 0.6386
vn 0.8919 -0.4515 0.0251
vn 0.8876 -0.4543 0.0756
vn 0.8810 -0.4560 0.1263
vn 0.8720 -0.4565 0.1765
vn 0.8610 -0.4558 0.2255
vn 0.8481 -0.4541 0.2728
vn 0.8336 -0.4515 0.3182
vn 0.8177 -0.4481 0.3613
vn 0.8006 -0.4442 0.4021
vn 0.7825 -0.4400 0.4405
vn 0.7635 -0.4357 0.4767
vn 0.7435 -0.4316 0.5108
vn 0.7226 -0.4279 0.5429
vn 0.7008 -0.4248 0.5731
vn 0.6779 -0.4226 0.6015
vn 0.6539 -0.4214 0.6283
vn 0.8687 -0.4946 0.0251
vn 0.8644 -0.4971 0.0755
vn 0.8578 -0.4983 0.1261
vn 0.8490 -0.4982 0.1759
vn 0.8383 -0.4968 0.2245
vn 0.8259 -0.4943 0.2713
vn 0.8119 -0.4908 0.3161
vn 0.7967 -0.4865 0.3585
vn 0.7805 -0.4816 0.3986
vn 0.7634 -0.4765 0.4362
vn 0.7454 -0.4712 0.4715
vn 0.7266 -0.4662 0.5046
vn 0.7070 -0.4617 0.5357
vn 0.6865 -0.4580 0.5648
vn 0.6649 -0.4552 0.5922
vn 0.6422 -0.4537 0.6179
vn 0.8435 -0.5365 0.0250
vn 0.8393 -0.5384 0.0754
vn 0.8329 -0.5390 0.1257
vn 0.8245 -0.5381 0.1753
vn 0.8142 -0.5359 0.2235
vn 0.8023 -0.5324 0.2698
vn 0.7891 -0.5280 0.3140
vn 0.7747 -0.5228 0.3558
vn 0.7594 -0.5169 0.3952
vn 0.7433 -0.5107 0.4320
vn 0.7265 -0.5045 0.4665
vn 0.7091 -0.4985 0.4987
vn 0.6909 -0.4931 0.5287
vn 0.6718 -0.4885 0.5568
vn 0.6517 -0.4851 0.5830
vn 0.6304 -0.4833 0.6075
vn 0.8164 -0.5770 0.0250
vn 0.8124 -0.5783 0.0753
vn 0.8063 -0.5781 0.1254
vn 0.7984 -0.5763 0.1747
vn 0.7887 -0.5731 0.2225
vn 0.7775 -0.5687 0.2684
vn 0.7651 -0.5633 0.3121
vn 0.7516 -0.5570 0.3534
vn 0.7373 -0.5501 0.3921
vn 0.7224 -0.5429 0.4282
vn 0.7069 -0.5357 0.4619
vn 0.6908 -0.5287 0.4932
vn 0.6742 -0.5222 0.5223
vn 0.6568 -0.5167 0.5492
vn 0.6384 -0.5125 0.5742
vn 0.6187 -0.5102 0.5974
vn 0.7873 -0.6161 0.0249
vn 0.7837 -0.6166 0.0751
vn 0.7782 -0.6155 0.1251
vn 0.7709 -0.6128 0.1741
vn 0.7619 -0.6086 0.2216
vn 0.7515 -0.6032 0.2672
vn 0.7400 -0.5967 0.3105
vn 0.7275 -0.5893 0.3513
vn 0.7143 -0.5814 0.3895
vn 0.7006 -0.5732 0.4251
vn 0.6863 -0.5649 0.4581
vn 0.6717 -0.5568 0.4886
vn 0.6568 -0.5492 0.5167
vn 0.6413 -0.5425 0.5425
vn 0.6251 -0.5373 0.5662
vn 0.6075 -0.5342 0.5878
vn 0.7564 -0.6536 0.0248
vn 0.7534 -0.6533 0.0750
vn 0.7485 -0.6513 0.1248
vn 0.7420 -0.6476 0.1736
vn 0.7338 -0.6424 0.2209
vn 0.7244 -0.6359 0.2663
vn 0.7138 -0.6283 0.3092
vn 0.7024 -0.6200 0.3497
vn 0.6903 -0.6110 0.3876
vn 0.6777 -0.6017 0.4228
vn 0.6648 -0.5923 0.4553
vn 0.6516 -0.5830 0.4852
vn 0.6384 -0.5742 0.5125
vn 0.6251 -0.5662 0.5373
vn 0.6116 -0.5594 0.5594
vn 0.5968 -0.5551 0.5794
vn 0.7238 -0.6896 0.0248
vn 0.7214 -0.6884 0.0749
vn 0.7174 -0.6855 0.1246
vn 0.7117 -0.6808 0.1733
vn 0.7045 -0.6746 0.2205
vn 0.6960 -0.6671 0.2657
vn 0.6865 -0.6584 0.3085
vn 0.6761 -0.6490 0.3488
vn 0.6651 -0.6389 0.3865
vn 0.6537 -0.6285 0.4215
vn 0.6420 -0.6180 0.4538
vn 0.6303 -0.6075 0.4833
vn 0.6187 -0.5974 0.5102
vn 0.6075 -0.5878 0.5342
vn 0.5968 -0.5794 0.5551
vn 0.5875 -0.5722 0.5722
vn 0.0247 -0.0247 0.9994
vn 0.0248 -0.0740 0.9970
vn 0.0248 -0.1232 0.9921
vn 0.0249 -0.1721 0.9848
vn 0.0249 -0.2206 0.9750
vn 0.0249 -0.2685 0.9630
vn 0.0249 -0.3156 0.9486
vn 0.0249 -0.3619 0.9319
vn 0.0249 -0.4072 0.9130
vn 0.0249 -0.4515 0.8919
vn 0.0249 -0.4945 0.8688
vn 0.0249 -0.5364 0.8436
vn 0.0248 -0.5768 0.8165
vn 0.0248 -0.6159 0.7874
vn 0.0248 -0.6534 0.7566
vn 0.0248 -0.6894 0.7239
vn 0.0738 -0.0249 0.9970
vn 0.0742 -0.0746 0.9944
vn 0.0744 -0.1245 0.9894
vn 0.0746 -0.1741 0.9819
vn 0.0747 -0.2231 0.9719
vn 0.0748 -0.2714 0.9595
vn 0.0749 -0.3188 0.9448
vn 0.0750 -0.3652 0.9279
vn 0.0750 -0.4103 0.9088
vn 0.0750 -0.4543 0.8877
vn 0.0750 -0.4969 0.8646
vn 0.0750 -0.5381 0.8395
vn 0.0749 -0.5779 0.8127
vn 0.0749 -0.6161 0.7841
vn 0.0749 -0.6528 0.7538
vn 0.0748 -0.6879 0.7219
vn 0.1229 -0.0251 0.9921
vn 0.1238 -0.0751 0.9895
vn 0.1244 -0.1255 0.9843
vn 0.1248 -0.1756 0.9765
vn 0.1251 -0.2251 0.9663
vn 0.1253 -0.2737 0.9536
vn 0.1254 -0.3213 0.9387
vn 0.1254 -0.3675 0.9215
vn 0.1254 -0.4125 0.9023
vn 0.1253 -0.4560 0.8811
vn 0.1251 -0.4980 0.8581
vn 0.1249 -0.5385 0.8333
vn 0.1248 -0.5774 0.8069
vn 0.1246 -0.6148 0.7788
vn 0.1245 -0.6505 0.7492
vn 0.1245 -0.6847 0.7181
vn 0.1718 -0.0252 0.9848
vn 0.1732 -0.0754 0.9820
vn 0.1743 -0.1261 0.9766
vn 0.1750 -0.1767 0.9686
vn 0.1755 -0.2265 0.9581
vn 0.1757 -0.2753 0.9451
vn 0.1758 -0.3229 0.9300
vn 0.1756 -0.3690 0.9127
vn 0.1754 -0.4135 0.8934
vn 0.1750 -0.4565 0.8723
vn 0.1746 -0.4979 0.8495
vn 0.1742 -0.5375 0.8250
vn 0.1738 -0.5756 0.7991
vn 0.1735 -0.6120 0.7716
vn 0.1733 -0.6467 0.7428
vn 0.1732 -0.6800 0.7125
vn 0.2203 -0.0252 0.9751
vn 0.2223 -0.0757 0.9720
vn 0.2238 -0.1266 0.9664
vn 0.2248 -0.1773 0.9581
vn 0.2254 -0.2274 0.9474
vn 0.2256 -0.2762 0.9342
vn 0.2255 -0.3237 0.9189
vn 0.2251 -0.3695 0.9016
vn 0.2246 -0.4136 0.8823
vn 0.2238 -0.4560 0.8614
vn 0.2231 -0.4965 0.8389
vn 0.2223 -0.5354 0.8148
vn 0.2215 -0.5724 0.7895
vn 0.2209 -0.6078 0.7627
vn 0.2205 -0.6416 0.7347
vn 0.2204 -0.6737 0.7053
vn 0.2682 -0.0252 0.9630
vn 0.2707 -0.0758 0.9597
vn 0.2726 -0.1268 0.9537
vn 0.2738 -0.1777 0.9452
vn 0.2744 -0.2277 0.9343
vn 0.2745 -0.2765 0.9210
vn 0.2742 -0.3237 0.9056
vn 0.2734 -0.3691 0.8882
vn 0.2724 -0.4127 0.8692
vn 0.2712 -0.4544 0.8485
vn 0.2699 -0.4941 0.8264
vn 0.2686 -0.5321 0.8030
vn 0.2675 -0.5681 0.7783
vn 0.2665 -0.6025 0.7523
vn 0.2658 -0.6352 0.7252
vn 0.2655 -0.6663 0.6968
vn 0.3154 -0.0252 0.9486
vn 0.3183 -0.0758 0.9450
vn 0.3204 -0.1269 0.9388
vn 0.3217 -0.1777 0.9300
vn 0.3222 -0.2276 0.9189
vn 0.3221 -0.2762 0.9055
vn 0.3213 -0.3230 0.8902
vn 0.3201 -0.3680 0.8730
vn 0.3185 -0.4109 0.8542
vn 0.3167 -0.4519 0.8340
vn 0.3148 -0.4908 0.8124
vn 0.3130 -0.5278 0.7896
vn 0.3113 -0.5628 0.7657
vn 0.3099 -0.5962 0.7407
vn 0.3089 -0.6278 0.7145
vn 0.3084 -0.6579 0.6871
vn 0.3618 -0.0252 0.9319
vn 0.3648 -0.0758 0.9280
vn 0.3669 -0.1268 0.9216
vn 0.3682 -0.1774 0.9127
vn 0.3685 -0.2271 0.9015
vn 0.3679 -0.2754 0.8881
vn 0.3667 -0.3218 0.8729
vn 0.3649 -0.3662 0.8560
vn 0.3627 -0.4085 0.8376
vn 0.3601 -0.4486 0.8180
vn 0.3575 -0.4867 0.7971
vn 0.3550 -0.5227 0.7751
vn 0.3527 -0.5567 0.7521
vn 0.3508 -0.5890 0.7281
vn 0.3494 -0.6196 0.7029
vn 0.3487 -0.6486 0.6766
vn 0.4072 -0.0251 0.9130
vn 0.4102 -0.0757 0.9088
vn 0.4122 -0.1266 0.9023
vn 0.4131 -0.1770 0.8933
vn 0.4130 -0.2264 0.8821
vn 0.4120 -0.2742 0.8689
vn 0.4101 -0.3201 0.8540
vn 0.4076 -0.3639 0.8375
vn 0.4046 -0.4054 0.8197
vn 0.4012 -0.4448 0.8007
vn 0.3978 -0.4819 0.7807
vn 0.3945 -0.5169 0.7597
vn 0.3916 -0.5500 0.7377
vn 0.3891 -0.5812 0.7147
vn 0.3873 -0.6107 0.6906
vn 0.3864 -0.6386 0.6654
vn 0.4515 -0.0251 0.8919
vn 0.4543 -0.0756 0.8876
vn 0.4560 -0.1263 0.8810
vn 0.4565 -0.1765 0.8720
vn 0.4558 -0.2255 0.8610
vn 0.4541 -0.2728 0.8481
vn 0.4515 -0.3182 0.8336
vn 0.4481 -0.3613 0.8177
vn 0.4442 -0.4021 0.8006
vn 0.4400 -0.4405 0.7825
vn 0.4357 -0.4767 0.7635
vn 0.4316 -0.5108 0.7435
vn 0.4279 -0.5429 0.7226
vn 0.4248 -0.5731 0.7008
vn 0.4226 -0.6015 0.6779
vn 0.4214 -0.6283 0.6539
vn 0.4946 -0.0251 0.8687
vn 0.4971 -0.0755 0.8644
vn 0.4983 -0.1261 0.8578
vn 0.4982 -0.1759 0.8490
vn 0.4968 -0.2245 0.8383
vn 0.4943 -0.2713 0.8259
vn 0.4908 -0.3161 0.8119
vn 0.4865 -0.3585 0.7967
vn 0.4816 -0.3986 0.7805
vn 0.4765 -0.4362 0.7634
vn 0.4712 -0.4715 0.7454
vn 0.4662 -0.5046 0.7266
vn 0.4617 -0.5357 0.7070
vn 0.4580 -0.5648 0.6865
vn 0.4552 -0.5922 0.6649
vn 0.4537 -0.6179 0.6422
vn 0.5365 -0.0250 0.8435
vn 0.5384 -0.0754 0.8393
vn 0.5390 -0.1257 0.8329
vn 0.5381 -0.1753 0.8245
vn 0.5359 -0.2235 0.8142
vn 0.5324 -0.2698 0.8023
vn 0.5280 -0.3140 0.7891
vn 0.5228 -0.3558 0.7747
vn 0.5169 -0.3952 0.7594
vn 0.5107 -0.4320 0.7433
vn 0.5045 -0.4665 0.7265
vn 0.4985 -0.4987 0.7091
vn 0.4931 -0.5287 0.6909
vn 0.4885 -0.5568 0.6718
vn 0.4851 -0.5830 0.6517
vn 0.4833 -0.6075 0.6304
vn 0.5770 -0.0250 0.8164
vn 0.5783 -0.0753 0.8124
vn 0.5781 -0.1254 0.8063
vn 0.5763 -0.1747 0.7984
vn 0.5731 -0.2225 0.7887
vn 0.5687 -0.2684 0.7775
vn 0.5633 -0.3121 0.7651
vn 0.5570 -0.3534 0.7516
vn 0.5501 -0.3921 0.7373
vn 0.5429 -0.4282 0.7224
vn 0.5357 -0.4619 0.7069
vn 0.5287 -0.4932 0.6908
vn 0.5222 -0.5223 0.6742
vn 0.5167 -0.5492 0.6568
vn 0.5125 -0.5742 0.6384
vn 0.5102 -0.5974 0.6187
vn 0.6161 -0.0249 0.7873
vn 0.6166 -0.0751 0.7837
vn 0.6155 -0.1251 0.7782
vn 0.6128 -0.1741 0.7709
vn 0.6086 -0.2216 0.7619
vn 0.6032 -0.2672 0.7515
vn 0.5967 -0.3105 0.7400
vn 0.5893 -0.3513 0.7275
vn 0.5814 -0.3895 0.7143
vn 0.5732 -0.4251 0.7006
vn 0.5649 -0.4581 0.6863
vn 0.5568 -0.4886 0.6717
vn 0.5492 -0.5167 0.6568
vn 0.5425 -0.5425 0.6413
vn 0.5373 -0.5662 0.6251
vn 0.5342 -0.5878 0.6075
vn 0.6536 -0.0248 0.7564
vn 0.6533 -0.0750 0.7534
vn 0.6513 -0.1248 0.7485
vn 0.6476 -0.1736 0.7420
vn 0.6424 -0.2209 0.7338
vn 0.6359 -0.2663 0.7244
vn 0.6283 -0.3092 0.7138
vn 0.6199 -0.3497 0.7024
vn 0.6110 -0.3876 0.6903
vn 0.6017 -0.4228 0.6777
vn 0.5923 -0.4553 0.6648
vn 0.5830 -0.4852 0.6517
vn 0.5742 -0.5125 0.6384
vn 0.5662 -0.5373 0.6251
vn 0.5594 -0.5594 0.6116
vn 0.5551 -0.5794 0.5968
vn 0.6896 -0.0248 0.7238
vn 0.6884 -0.0749 0.7214
vn 0.6855 -0.1246 0.7174
vn 0.6808 -0.1733 0.7117
vn 0.6746 -0.2205 0.7045
vn 0.6671 -0.2657 0.6960
vn 0.6584 -0.3085 0.6865
vn 0.6490 -0.3488 0.6761
vn 0.6389 -0.3865 0.6651
vn 0.6285 -0.4215 0.6537
vn 0.6180 -0.4538 0.6420
vn 0.6075 -0.4833 0.6303
vn 0.5974 -0.5102 0.6187
vn 0.5878 -0.5342 0.6075
vn 0.5794 -0.5551 0.5968
vn 0.5722 -0.5722 0.5875
vn 0.0247 -0.9994 0.0247
vn 0.0740 -0.9970 0.0248
vn 0.1232 -0.9921 0.0248
vn 0.1721 -0.9848 0.0249
vn 0.2206 -0.9750 0.0249
vn 0.2685 -0.9630 0.0249
vn 0.3156 -0.9486 0.0249
vn 0.3619 -0.9319 0.0249
vn 0.4072 -0.9130 0.0249
vn 0.4515 -0.8919 0.0249
vn 0.4945 -0.8688 0.0249
vn 0.5364 -0.8436 0.0249
vn 0.5768 -0.8165 0.0248
vn 0.6159 -0.7874 0.0248
vn 0.6534 -0.7566 0.0248
vn 0.6894 -0.7239 0.0248
vn 0.0249 -0.9970 0.0738
vn 0.0746 -0.9944 0.0742
vn 0.1245 -0.9894 0.0744
vn 0.1741 -0.9819 0.0746
vn 0.2231 -0.9719 0.0747
vn 0.2714 -0.9595 0.0748
vn 0.3188 -0.9448 0.0749
vn 0.3652 -0.9279 0.0750
vn 0.4103 -0.9088 0.0750
vn 0.4543 -0.8877 0.0750
vn 0.4969 -0.8646 0.0750
vn 0.5381 -0.8395 0.0750
vn 0.5779 -0.8127 0.0749
vn 0.6161 -0.7841 0.0749
vn 0.6528 -0.7538 0.0749
vn 0.6879 -0.7219 0.0748
vn 0.0251 -0.9921 0.1229
vn 0.0751 -0.9895 0.1238
vn 0.1255 -0.9843 0.1244
vn 0.1756 -0.9765 0.1248
vn 0.2251 -0.9663 0.1251
vn 0.2737 -0.9536 0.1253
vn 0.3213 -0.9387 0.1254
vn 0.3675 -0.9215 0.1254
vn 0.4125 -0.9023 0.1254
vn 0.4560 -0.8811 0.1253
vn 0.4980 -0.8581 0.1251
vn 0.5385 -0.8333 0.1249
vn 0.5774 -0.8069 0.1248
vn 0.6148 -0.7788 0.1246
vn 0.6505 -0.7492 0.1245
vn 0.6847 -0.7181 0.1245
vn 0.0252 -0.9848 0.1718
vn 0.0754 -0.9820 0.1732
vn 0.1261 -0.9766 0.1743
vn 0.1767 -0.9686 0.1750
vn 0.2265 -0.9581 0.1755
vn 0.2753 -0.9451 0.1757
vn 0.3229 -0.9300 0.1758
vn 0.3690 -0.9127 0.1756
vn 0.4135 -0.8934 0.1754
vn 0.4565 -0.8723 0.1750
vn 0.4979 -0.8495 0.1746
vn 0.5375 -0.8250 0.1742
vn 0.5756 -0.7991 0.1738
vn 0.6120 -0.7716 0.1735
vn 0.6467 -0.7428 0.1733
vn 0.6800 -0.7125 0.1732
vn 0.0252 -0.9751 0.2203
vn 0.0757 -0.9720 0.2223
vn 0.1266 -0.9664 0.2238
vn 0.1773 -0.9581 0.2248
vn 0.2274 -0.9474 0.2254
vn 0.2762 -0.9342 0.2256
vn 0.3237 -0.9189 0.2255
vn 0.3695 -0.9016 0.2251
vn 0.4136 -0.8823 0.2246
vn 0.4560 -0.8614 0.2238
vn 0.4965 -0.8389 0.2231
vn 0.5354 -0.8148 0.2223
vn 0.5724 -0.7895 0.2215
vn 0.6078 -0.7627 0.2209
vn 0.6416 -0.7347 0.2205
vn 0.6737 -0.7053 0.2204
vn 0.0252 -0.9630 0.2682
vn 0.0758 -0.9597 0.2707
vn 0.1268 -0.9537 0.2726
vn 0.1777 -0.9452 0.2738
vn 0.2277 -0.9343 0.2744
vn 0.2765 -0.9210 0.2745
vn 0.3237 -0.9056 0.2742
vn 0.3691 -0.8882 0.2734
vn 0.4127 -0.8692 0.2724
vn 0.4544 -0.8485 0.2712
vn 0.4941 -0.8264 0.2699
vn 0.5321 -0.8030 0.2686
vn 0.5681 -0.7783 0.2675
vn 0.6025 -0.7523 0.2665
vn 0.6352 -0.7252 0.2658
vn 0.6663 -0.6968 0.2655
vn 0.0252 -0.9486 0.3154
vn 0.0758 -0.9450 0.3183
vn 0.1269 -0.9388 0.3204
vn 0.1777 -0.9300 0.3217
vn 0.2276 -0.9189 0.3222
vn 0.2762 -0.9055 0.3221
vn 0.3230 -0.8902 0.3213
vn 0.3680 -0.8730 0.3201
vn 0.4109 -0.8542 0.3185
vn 0.4519 -0.8340 0.3167
vn 0.4908 -0.8124 0.3148
vn 0.5278 -0.7896 0.3130
vn 0.5628 -0.7657 0.3113
vn 0.5962 -0.7407 0.3099
vn 0.6278 -0.7145 0.3089
vn 0.6579 -0.6871 0.3084
vn 0.0252 -0.9319 0.3618
vn 0.0758 -0.9280 0.3648
vn 0.1268 -0.9216 0.3669
vn 0.1774 -0.9127 0.3682
vn 0.2271 -0.9015 0.3685
vn 0.2754 -0.8881 0.3679
vn 0.3218 -0.8729 0.3667
vn 0.3662 -0.8560 0.3649
vn 0.4085 -0.8376 0.3627
vn 0.4486 -0.8180 0.3601
vn 0.4867 -0.7971 0.3575
vn 0.5227 -0.7751 0.3550
vn 0.5567 -0.7521 0.3527
vn 0.5890 -0.7281 0.3508
vn 0.6196 -0.7029 0.3494
vn 0.6486 -0.6766 0.3487
vn 0.0251 -0.9130 0.4072
vn 0.0757 -0.9088 0.4102
vn 0.1266 -0.9023 0.4122
vn 0.1770 -0.8933 0.4131
vn 0.2264 -0.8821 0.4130
vn 0.2742 -0.8689 0.4120
vn 0.3201 -0.8540 0.4101
vn 0.3639 -0.8375 0.4076
vn 0.4054 -0.8197 0.4046
vn 0.4448 -0.8007 0.4012
vn 0.4819 -0.7807 0.3978
vn 0.5169 -0.7597 0.3945
vn 0.5500 -0.7377 0.3916
vn 0.5812 -0.7147 0.3891
vn 0.6107 -0.6906 0.3873
vn 0.6386 -0.6654 0.3864
vn 0.0251 -0.8919 0.4515
vn 0.0756 -0.8876 0.4543
vn 0.1263 -0.8810 0.4560
vn 0.1765 -0.8720 0.4565
vn 0.2255 -0.8610 0.4558
vn 0.2728 -0.8481 0.4541
vn 0.3182 -0.8336 0.4515
vn 0.3613 -0.8177 0.4481
vn 0.4021 -0.8006 0.4442
vn 0.4405 -0.7825 0.4400
vn 0.4767 -0.7635 0.4357
vn 0.5108 -0.7435 0.4316
vn 0.5429 -0.7226 0.4279
vn 0.5731 -0.7008 0.4248
vn 0.6015 -0.6779 0.4226
vn 0.6283 -0.6539 0.4214
vn 0.0251 -0.8687 0.4946
vn 0.0755 -0.8644 0.4971
vn 0.1261 -0.8578 0.4983
vn 0.1759 -0.8490 0.4982
vn 0.2245 -0.8383 0.4968
vn 0.2713 -0.8259 0.4943
vn 0.3161 -0.8119 0.4908
vn 0.3585 -0.7967 0.4865
vn 0.3986 -0.7805 0.4816
vn 0.4362 -0.7634 0.4765
vn 0.4715 -0.7454 0.4712
vn 0.5046 -0.7266 0.4662
vn 0.5357 -0.7070 0.4617
vn 0.5648 -0.6865 0.4580
vn 0.5922 -0.6649 0.4552
vn 0.6179 -0.6422 0.4537
vn 0.0250 -0.8435 0.5365
vn 0.0754 -0.8393 0.5384
vn 0.1257 -0.8329 0.5390
vn 0.1753 -0.8245 0.5381
vn 0.2235 -0.8142 0.5359
vn 0.2698 -0.8023 0.5324
vn 0.3140 -0.7891 0.5280
vn 0.3558 -0.7747 0.5228
vn 0.3952 -0.7594 0.5169
vn 0.4320 -0.7433 0.5107
vn 0.4665 -0.7265 0.5045
vn 0.4987 -0.7091 0.4985
vn 0.5287 -0.6909 0.4931
vn 0.5568 -0.6718 0.4885
vn 0.5830 -0.6517 0.4851
vn 0.6075 -0.6304 0.4833
vn 0.0250 -0.8164 0.5770
vn 0.0753 -0.8124 0.5783
vn 0.1254 -0.8063 0.5781
vn 0.1747 -0.7984 0.5763
vn 0.2225 -0.7887 0.5731
vn 0.2684 -0.7775 0.5687
vn 0.3121 -0.7651 0.5633
vn 0.3534 -0.7516 0.5570
vn 0.3921 -0.7373 0.5501
vn 0.4282 -0.7224 0.5429
vn 0.4619 -0.7069 0.5357
vn 0.4932 -0.6908 0.5287
vn 0.5223 -0.6742 0.5222
vn 0.5492 -0.6568 0.5167
vn 0.5742 -0.6384 0.5125
vn 0.5974 -0.6187 0.5102
vn 0.0249 -0.7873 0.6161
vn 0.0751 -0.7837 0.6166
vn 0.1251 -0.7782 0.6155
vn 0.1741 -0.7709 0.6128
vn 0.2216 -0.7619 0.6086
vn 0.2672 -0.7515 0.6032
vn 0.3105 -0.7400 0.5967
vn 0.3513 -0.7275 0.5893
vn 0.3895 -0.7143 0.5814
vn 0.4251 -0.7006 0.5732
vn 0.4581 -0.6863 0.5649
vn 0.4886 -0.6717 0.5568
vn 0.5167 -0.6568 0.5492
vn 0.5425 -0.6413 0.5425
vn 0.5662 -0.6251 0.5373
vn 0.5878 -0.6075 0.5342
vn 0.0248 -0.7564 0.6536
vn 0.0750 -0.7534 0.6533
vn 0.1248 -0.7485 0.6513
vn 0.1736 -0.7420 0.6476
vn 0.2209 -0.7338 0.6424
vn 0.2663 -0.7244 0.6359
vn 0.3092 -0.7138 0.6283
vn 0.3497 -0.7024 0.6199
vn 0.3876 -0.6903 0.6110
vn 0.4228 -0.6777 0.6017
vn 0.4553 -0.6648 0.5923
vn 0.4852 -0.6516 0.5830
vn 0.5125 -0.6384 0.5742
vn 0.5373 -0.6251 0.5662
vn 0.5594 -0.6116 0.5594
vn 0.5794 -0.5968 0.5551
vn 0.0248 -0.7238 0.6896
vn 0.0749 -0.7214 0.6884
vn 0.1246 -0.7174 0.6855
vn 0.1733 -0.7117 0.6808
vn 0.2205 -0.7045 0.6746
vn 0.2657 -0.6960 0.6671
vn 0.3085 -0.6865 0.6584
vn 0.3488 -0.6761 0.6490
vn 0.3865 -0.6651 0.6389
vn 0.4215 -0.6537 0.6285
vn 0.4538 -0.6420 0.6180
vn 0.4833 -0.6303 0.6075
vn 0.5102 -0.6187 0.5974
vn 0.5342 -0.6075 0.5878
vn 0.5551 -0.5968 0.5794
vn 0.5722 -0.5875 0.5722
vn -0.0247 0.0247 -0.9994
vn -0.0740 0.0248 -0.9970
vn -0.1232 0.0248 -0.9921
vn -0.1721 0.0249 -0.9848
vn -0.2206 0.0249 -0.9750
vn -0.2685 0.0249 -0.9630
vn -0.3156 0.0249 -0.9486
vn -0.3619 0.0249 -0.9319
vn -0.4072 0.0249 -0.9130
vn -0.4515 0.0249 -0.8919
vn -0.4945 0.0249 -0.8688
vn -0.5364 0.0249 -0.8436
vn -0.5769 0.0248 -0.8165
vn -0.6159 0.0248 -0.7874
vn -0.6535 0.0248 -0.7566
vn -0.6894 0.0248 -0.7239
vn -0.0249 0.0738 -0.9970
vn -0.0746 0.0742 -0.9944
vn -0.1245 0.0744 -0.9894
vn -0.1741 0.0746 -0.9819
vn -0.2231 0.0747 -0.9719
vn -0.2714 0.0748 -0.9595
vn -0.3188 0.0749 -0.9448
vn -0.3652 0.0750 -0.9279
vn -0.4103 0.0750 -0.9088
vn -0.4543 0.0750 -0.8877
vn -0.4969 0.0750 -0.8646
vn -0.5381 0.0750 -0.8395
vn -0.5779 0.0749 -0.8127
vn -0.6161 0.0749 -0.7841
vn -0.6528 0.0748 -0.7538
vn -0.6879 0.0748 -0.7219
vn -0.0251 0.1229 -0.9921
vn -0.0751 0.1238 -0.9895
vn -0.1255 0.1244 -0.9843
vn -0.1756 0.1248 -0.9765
vn -0.2251 0.1251 -0.9663
vn -0.2737 0.1253 -0.9536
vn -0.3213 0.1254 -0.9387
vn -0.3675 0.1254 -0.9215
vn -0.4125 0.1254 -0.9023
vn -0.4560 0.1253 -0.8811
vn -0.4980 0.1251 -0.8581
vn -0.5385 0.1249 -0.8333
vn -0.5774 0.1248 -0.8069
vn -0.6148 0.1246 -0.7788
vn -0.6505 0.1245 -0.7492
vn -0.6847 0.1245 -0.7181
vn -0.0251 0.1718 -0.9848
vn -0.0754 0.1732 -0.9820
vn -0.1261 0.1743 -0.9766
vn -0.1767 0.1750 -0.9686
vn -0.2265 0.1755 -0.9581
vn -0.2753 0.1757 -0.9451
vn -0.3229 0.1758 -0.9300
vn -0.3690 0.1757 -0.9127
vn -0.4135 0.1754 -0.8934
vn -0.4565 0.1751 -0.8723
vn -0.4979 0.1746 -0.8495
vn -0.5375 0.1742 -0.8250
vn -0.5756 0.1738 -0.7991
vn -0.6120 0.1735 -0.7716
vn -0.6467 0.1733 -0.7428
vn -0.6800 0.1732 -0.7125
vn -0.0252 0.2203 -0.9751
vn -0.0756 0.2223 -0.9720
vn -0.1266 0.2238 -0.9664
vn -0.1773 0.2248 -0.9581
vn -0.2274 0.2254 -0.9474
vn -0.2762 0.2256 -0.9342
vn -0.3237 0.2255 -0.9189
vn -0.3695 0.2251 -0.9015
vn -0.4136 0.2246 -0.8823
vn -0.4560 0.2239 -0.8614
vn -0.4965 0.2231 -0.8389
vn -0.5354 0.2223 -0.8148
vn -0.5724 0.2215 -0.7895
vn -0.6078 0.2210 -0.7627
vn -0.6416 0.2205 -0.7347
vn -0.6738 0.2204 -0.7053
vn -0.0252 0.2682 -0.9630
vn -0.0757 0.2707 -0.9597
vn -0.1268 0.2726 -0.9537
vn -0.1776 0.2738 -0.9452
vn -0.2277 0.2744 -0.9343
vn -0.2765 0.2745 -0.9210
vn -0.3237 0.2742 -0.9056
vn -0.3691 0.2734 -0.8883
vn -0.4127 0.2724 -0.8692
vn -0.4544 0.2712 -0.8485
vn -0.4942 0.2699 -0.8264
vn -0.5320 0.2686 -0.8030
vn -0.5681 0.2675 -0.7783
vn -0.6025 0.2665 -0.7523
vn -0.6352 0.2658 -0.7252
vn -0.6663 0.2655 -0.6968
vn -0.0252 0.3154 -0.9486
vn -0.0758 0.3183 -0.9450
vn -0.1269 0.3204 -0.9388
vn -0.1777 0.3217 -0.9300
vn -0.2276 0.3222 -0.9189
vn -0.2762 0.3221 -0.9055
vn -0.3230 0.3213 -0.8902
vn -0.3680 0.3201 -0.8730
vn -0.4109 0.3185 -0.8542
vn -0.4518 0.3167 -0.8340
vn -0.4908 0.3148 -0.8124
vn -0.5278 0.3130 -0.7896
vn -0.5628 0.3113 -0.7657
vn -0.5961 0.3099 -0.7407
vn -0.6278 0.3089 -0.7145
vn -0.6578 0.3084 -0.6871
vn -0.0252 0.3617 -0.9319
vn -0.0758 0.3648 -0.9280
vn -0.1268 0.3669 -0.9216
vn -0.1774 0.3681 -0.9127
vn -0.2271 0.3685 -0.9015
vn -0.2754 0.3679 -0.8881
vn -0.3218 0.3667 -0.8729
vn -0.3662 0.3649 -0.8560
vn -0.4085 0.3626 -0.8376
vn -0.4486 0.3601 -0.8180
vn -0.4867 0.3575 -0.7971
vn -0.5227 0.3550 -0.7751
vn -0.5567 0.3527 -0.7521
vn -0.5890 0.3508 -0.7280
vn -0.6196 0.3494 -0.7029
vn -0.6486 0.3487 -0.6766
vn -0.0251 0.4072 -0.9130
vn -0.0757 0.4102 -0.9088
vn -0.1266 0.4122 -0.9023
vn -0.1770 0.4131 -0.8933
vn -0.2264 0.4130 -0.8821
vn -0.2742 0.4120 -0.8689
vn -0.3201 0.4101 -0.8540
vn -0.3639 0.4076 -0.8375
vn -0.4054 0.4046 -0.8197
vn -0.4448 0.4012 -0.8007
vn -0.4819 0.3978 -0.7807
vn -0.5169 0.3945 -0.7597
vn -0.5500 0.3916 -0.7377
vn -0.5812 0.3891 -0.7147
vn -0.6107 0.3874 -0.6906
vn -0.6386 0.3864 -0.6654
vn -0.0251 0.4515 -0.8919
vn -0.0756 0.4543 -0.8876
vn -0.1263 0.4560 -0.8810
vn -0.1765 0.4565 -0.8720
vn -0.2255 0.4558 -0.8610
vn -0.2729 0.4541 -0.8481
vn -0.3182 0.4515 -0.8336
vn -0.3613 0.4481 -0.8177
vn -0.4021 0.4442 -0.8006
vn -0.4405 0.4400 -0.7825
vn -0.4767 0.4357 -0.7635
vn -0.5108 0.4316 -0.7435
vn -0.5429 0.4279 -0.7226
vn -0.5731 0.4248 -0.7008
vn -0.6015 0.4226 -0.6780
vn -0.6283 0.4214 -0.6539
vn -0.0251 0.4946 -0.8688
vn -0.0755 0.4971 -0.8644
vn -0.1261 0.4983 -0.8578
vn -0.1759 0.4982 -0.8491
vn -0.2245 0.4968 -0.8383
vn -0.2713 0.4943 -0.8259
vn -0.3161 0.4908 -0.8119
vn -0.3585 0.4865 -0.7967
vn -0.3986 0.4816 -0.7805
vn -0.4362 0.4765 -0.7634
vn -0.4715 0.4712 -0.7454
vn -0.5046 0.4662 -0.7266
vn -0.5357 0.4617 -0.7070
vn -0.5648 0.4580 -0.6865
vn -0.5922 0.4552 -0.6649
vn -0.6179 0.4537 -0.6422
vn -0.0250 0.5365 -0.8435
vn -0.0754 0.5385 -0.8393
vn -0.1257 0.5390 -0.8329
vn -0.1753 0.5381 -0.8245
vn -0.2235 0.5359 -0.8142
vn -0.2698 0.5324 -0.8023
vn -0.3140 0.5280 -0.7891
vn -0.3558 0.5227 -0.7747
vn -0.3952 0.5169 -0.7594
vn -0.4320 0.5107 -0.7433
vn -0.4665 0.5045 -0.7265
vn -0.4987 0.4986 -0.7091
vn -0.5287 0.4932 -0.6908
vn -0.5568 0.4885 -0.6718
vn -0.5830 0.4851 -0.6517
vn -0.6075 0.4833 -0.6304
vn -0.0249 0.5770 -0.8164
vn -0.0753 0.5783 -0.8124
vn -0.1254 0.5780 -0.8063
vn -0.1747 0.5763 -0.7984
vn -0.2225 0.5731 -0.7887
vn -0.2684 0.5687 -0.7775
vn -0.3121 0.5633 -0.7651
vn -0.3534 0.5570 -0.7516
vn -0.3921 0.5501 -0.7373
vn -0.4282 0.5429 -0.7224
vn -0.4619 0.5357 -0.7069
vn -0.4932 0.5287 -0.6908
vn -0.5223 0.5222 -0.6742
vn -0.5492 0.5167 -0.6568
vn -0.5742 0.5125 -0.6384
vn -0.5974 0.5102 -0.6188
vn -0.0249 0.6161 -0.7873
vn -0.0751 0.6166 -0.7837
vn -0.1251 0.6155 -0.7782
vn -0.1741 0.6128 -0.7708
vn -0.2216 0.6086 -0.7619
vn -0.2672 0.6032 -0.7515
vn -0.3105 0.5967 -0.7400
vn -0.3513 0.5893 -0.7275
vn -0.3895 0.5814 -0.7143
vn -0.4251 0.5732 -0.7006
vn -0.4581 0.5649 -0.6863
vn -0.4886 0.5568 -0.6717
vn -0.5167 0.5492 -0.6568
vn -0.5425 0.5425 -0.6413
vn -0.5662 0.5373 -0.6251
vn -0.5878 0.5342 -0.6075
vn -0.0248 0.6536 -0.7564
vn -0.0750 0.6533 -0.7534
vn -0.1248 0.6513 -0.7485
vn -0.1736 0.6476 -0.7420
vn -0.2209 0.6424 -0.7338
vn -0.2662 0.6359 -0.7244
vn -0.3092 0.6283 -0.7138
vn -0.3497 0.6200 -0.7024
vn -0.3876 0.6110 -0.6903
vn -0.4228 0.6017 -0.6777
vn -0.4553 0.5923 -0.6648
vn -0.4852 0.5831 -0.6516
vn -0.5125 0.5742 -0.6384
vn -0.5373 0.5662 -0.6251
vn -0.5594 0.5594 -0.6116
vn -0.5793 0.5551 -0.5968
vn -0.0248 0.6896 -0.7238
vn -0.0749 0.6884 -0.7214
vn -0.1246 0.6855 -0.7174
vn -0.1733 0.6808 -0.7117
vn -0.2205 0.6746 -0.7045
vn -0.2657 0.6671 -0.6960
vn -0.3085 0.6584 -0.6865
vn -0.3488 0.6490 -0.6761
vn -0.3865 0.6389 -0.6651
vn -0.4215 0.6285 -0.6537
vn -0.4537 0.6180 -0.6420
vn -0.4833 0.6075 -0.6303
vn -0.5102 0.5974 -0.6187
vn -0.5342 0.5878 -0.6075
vn -0.5551 0.5794 -0.5968
vn -0.5722 0.5722 -0.5875
vn -0.9994 0.0247 -0.0247
vn -0.9970 0.0740 -0.0248
vn -0.9921 0.1232 -0.0248
vn -0.9848 0.1721 -0.0249
vn -0.9750 0.2206 -0.0249
vn -0.9630 0.2685 -0.0249
vn -0.9486 0.3156 -0.0249
vn -0.9319 0.3619 -0.0249
vn -0.9130 0.4072 -0.0249
vn -0.8919 0.4515 -0.0249
vn -0.8688 0.4945 -0.0249
vn -0.8436 0.5364 -0.0249
vn -0.8165 0.5769 -0.0248
vn -0.7874 0.6159 -0.0248
vn -0.7566 0.6535 -0.0248
vn -0.7239 0.6894 -0.0248
vn -0.9970 0.0249 -0.0738
vn -0.9944 0.0746 -0.0742
vn -0.9894 0.1245 -0.0744
vn -0.9819 0.1741 -0.0746
vn -0.9719 0.2231 -0.0747
vn -0.9595 0.2714 -0.0748
vn -0.9448 0.3188 -0.0749
vn -0.9279 0.3652 -0.0750
vn -0.9088 0.4103 -0.0750
vn -0.8877 0.4543 -0.0750
vn -0.8646 0.4969 -0.0750
vn -0.8395 0.5381 -0.0750
vn -0.8127 0.5779 -0.0749
vn -0.7841 0.6161 -0.0749
vn -0.7538 0.6528 -0.0748
vn -0.7219 0.6879 -0.0749
vn -0.9921 0.0251 -0.1229
vn -0.9895 0.0751 -0.1238
vn -0.9843 0.1255 -0.1244
vn -0.9765 0.1756 -0.1248
vn -0.9663 0.2251 -0.1251
vn -0.9536 0.2737 -0.1253
vn -0.9387 0.3213 -0.1254
vn -0.9215 0.3675 -0.1254
vn -0.9023 0.4125 -0.1254
vn -0.8811 0.4560 -0.1253
vn -0.8581 0.4980 -0.1251
vn -0.8333 0.5385 -0.1249
vn -0.8069 0.5774 -0.1248
vn -0.7788 0.6148 -0.1246
vn -0.7492 0.6505 -0.1245
vn -0.7181 0.6847 -0.1245
vn -0.9848 0.0251 -0.1718
vn -0.9820 0.0754 -0.1732
vn -0.9766 0.1261 -0.1743
vn -0.9686 0.1767 -0.1750
vn -0.9581 0.2265 -0.1755
vn -0.9451 0.2753 -0.1757
vn -0.9300 0.3229 -0.1758
vn -0.9127 0.3690 -0.1757
vn -0.8934 0.4135 -0.1754
vn -0.8723 0.4565 -0.1751
vn -0.8495 0.4979 -0.1746
vn -0.8250 0.5375 -0.1742
vn -0.7991 0.5756 -0.1738
vn -0.7716 0.6120 -0.1735
vn -0.7428 0.6467 -0.1733
vn -0.7125 0.6800 -0.1732
vn -0.9751 0.0252 -0.2203
vn -0.9720 0.0756 -0.2223
vn -0.9664 0.1266 -0.2238
vn -0.9581 0.1773 -0.2248
vn -0.9474 0.2274 -0.2254
vn -0.9342 0.2762 -0.2256
vn -0.9189 0.3237 -0.2255
vn -0.9015 0.3695 -0.2251
vn -0.8823 0.4136 -0.2246
vn -0.8614 0.4560 -0.2239
vn -0.8389 0.4965 -0.2231
vn -0.8148 0.5354 -0.2223
vn -0.7895 0.5724 -0.2215
vn -0.7627 0.6078 -0.2209
vn -0.7347 0.6416 -0.2205
vn -0.7053 0.6738 -0.2204
vn -0.9630 0.0252 -0.2682
vn -0.9597 0.0757 -0.2707
vn -0.9537 0.1268 -0.2726
vn -0.9452 0.1777 -0.2738
vn -0.9343 0.2277 -0.2744
vn -0.9210 0.2765 -0.2745
vn -0.9056 0.3237 -0.2742
vn -0.8883 0.3691 -0.2734
vn -0.8692 0.4127 -0.2724
vn -0.8485 0.4544 -0.2712
vn -0.8264 0.4941 -0.2699
vn -0.8030 0.5320 -0.2686
vn -0.7783 0.5681 -0.2675
vn -0.7523 0.6025 -0.2665
vn -0.7252 0.6352 -0.2658
vn -0.6968 0.6663 -0.2655
vn -0.9486 0.0252 -0.3154
vn -0.9450 0.0758 -0.3183
vn -0.9388 0.1269 -0.3204
vn -0.9300 0.1777 -0.3217
vn -0.9189 0.2276 -0.3222
vn -0.9055 0.2762 -0.3221
vn -0.8902 0.3230 -0.3213
vn -0.8730 0.3680 -0.3201
vn -0.8542 0.4109 -0.3185
vn -0.8340 0.4519 -0.3167
vn -0.8124 0.4908 -0.3148
vn -0.7896 0.5278 -0.3130
vn -0.7657 0.5628 -0.3113
vn -0.7407 0.5961 -0.3099
vn -0.7145 0.6278 -0.3089
vn -0.6871 0.6578 -0.3084
vn -0.9319 0.0252 -0.3617
vn -0.9280 0.0758 -0.3648
vn -0.9216 0.1268 -0.3669
vn -0.9127 0.1774 -0.3681
vn -0.9015 0.2271 -0.3685
vn -0.8881 0.2754 -0.3679
vn -0.8729 0.3218 -0.3667
vn -0.8560 0.3662 -0.3649
vn -0.8376 0.4085 -0.3626
vn -0.8180 0.4486 -0.3601
vn -0.7971 0.4867 -0.3575
vn -0.7751 0.5227 -0.3550
vn -0.7521 0.5567 -0.3527
vn -0.7280 0.5890 -0.3508
vn -0.7029 0.6196 -0.3494
vn -0.6766 0.6486 -0.3487
vn -0.9130 0.0251 -0.4072
vn -0.9088 0.0757 -0.4102
vn -0.9023 0.1266 -0.4122
vn -0.8933 0.1770 -0.4131
vn -0.8821 0.2264 -0.4130
vn -0.8689 0.2742 -0.4120
vn -0.8540 0.3201 -0.4101
vn -0.8375 0.3639 -0.4076
vn -0.8197 0.4054 -0.4046
vn -0.8007 0.4448 -0.4012
vn -0.7807 0.4819 -0.3978
vn -0.7597 0.5169 -0.3945
vn -0.7377 0.5500 -0.3916
vn -0.7147 0.5812 -0.3891
vn -0.6906 0.6107 -0.3874
vn -0.6654 0.6386 -0.3864
vn -0.8919 0.0251 -0.4515
vn -0.8876 0.0756 -0.4543
vn -0.8810 0.1263 -0.4560
vn -0.8720 0.1765 -0.4565
vn -0.8610 0.2255 -0.4558
vn -0.8481 0.2729 -0.4541
vn -0.8336 0.3182 -0.4515
vn -0.8177 0.3613 -0.4481
vn -0.8006 0.4021 -0.4442
vn -0.7825 0.4405 -0.4400
vn -0.7635 0.4767 -0.4357
vn -0.7435 0.5108 -0.4316
vn -0.7226 0.5429 -0.4279
vn -0.7008 0.5731 -0.4248
vn -0.6780 0.6015 -0.4226
vn -0.6539 0.6283 -0.4214
vn -0.8688 0.0251 -0.4946
vn -0.8644 0.0755 -0.4971
vn -0.8578 0.1261 -0.4983
vn -0.8491 0.1759 -0.4982
vn -0.8383 0.2245 -0.4968
vn -0.8259 0.2713 -0.4943
vn -0.8119 0.3161 -0.4908
vn -0.7967 0.3585 -0.4865
vn -0.7805 0.3986 -0.4816
vn -0.7634 0.4362 -0.4765
vn -0.7454 0.4715 -0.4712
vn -0.7266 0.5046 -0.4662
vn -0.7070 0.5357 -0.4617
vn -0.6865 0.5648 -0.4580
vn -0.6649 0.5922 -0.4552
vn -0.6422 0.6179 -0.4537
vn -0.8435 0.0250 -0.5365
vn -0.8393 0.0754 -0.5385
vn -0.8329 0.1257 -0.5390
vn -0.8245 0.1753 -0.5381
vn -0.8142 0.2235 -0.5359
vn -0.8023 0.2698 -0.5324
vn -0.7891 0.3140 -0.5280
vn -0.7747 0.3558 -0.5227
vn -0.7594 0.3952 -0.5169
vn -0.7433 0.4320 -0.5107
vn -0.7265 0.4665 -0.5045
vn -0.7091 0.4987 -0.4986
vn -0.6908 0.5287 -0.4932
vn -0.6718 0.5568 -0.4885
vn -0.6517 0.5830 -0.4852
vn -0.6304 0.6075 -0.4833
vn -0.8164 0.0249 -0.5770
vn -0.8124 0.0753 -0.5783
vn -0.8063 0.1254 -0.5780
vn -0.7984 0.1747 -0.5763
vn -0.7887 0.2225 -0.5731
vn -0.7775 0.2684 -0.5687
vn -0.7651 0.3121 -0.5633
vn -0.7516 0.3534 -0.5570
vn -0.7373 0.3921 -0.5501
vn -0.7224 0.4282 -0.5429
vn -0.7069 0.4619 -0.5357
vn -0.6908 0.4932 -0.5287
vn -0.6742 0.5223 -0.5222
vn -0.6568 0.5492 -0.5167
vn -0.6384 0.5742 -0.5125
vn -0.6188 0.5974 -0.5102
vn -0.7873 0.0249 -0.6161
vn -0.7837 0.0751 -0.6166
vn -0.7782 0.1251 -0.6155
vn -0.7708 0.1741 -0.6128
vn -0.7619 0.2216 -0.6086
vn -0.7515 0.2672 -0.6032
vn -0.7400 0.3105 -0.5967
vn -0.7275 0.3513 -0.5893
vn -0.7143 0.3895 -0.5814
vn -0.7006 0.4251 -0.5732
vn -0.6863 0.4581 -0.5649
vn -0.6717 0.4886 -0.5568
vn -0.6568 0.5167 -0.5492
vn -0.6413 0.5425 -0.5425
vn -0.6251 0.5662 -0.5373
vn -0.6075 0.5878 -0.5342
vn -0.7564 0.0248 -0.6536
vn -0.7534 0.0750 -0.6533
vn -0.7485 0.1248 -0.6513
vn -0.7420 0.1736 -0.6476
vn -0.7338 0.2209 -0.6424
vn -0.7244 0.2662 -0.6359
vn -0.7138 0.3092 -0.6283
vn -0.7024 0.3497 -0.6200
vn -0.6903 0.3876 -0.6110
vn -0.6777 0.4228 -0.6017
vn -0.6648 0.4553 -0.5923
vn -0.6517 0.4852 -0.5830
vn -0.6384 0.5125 -0.5742
vn -0.6251 0.5373 -0.5662
vn -0.6116 0.5594 -0.5594
vn -0.5968 0.5794 -0.5551
vn -0.7238 0.0248 -0.6896
vn -0.7214 0.0749 -0.6884
vn -0.7174 0.1246 -0.6854
vn -0.7117 0.1733 -0.6808
vn -0.7045 0.2205 -0.6746
vn -0.6960 0.2657 -0.6671
vn -0.6865 0.3085 -0.6585
vn -0.6761 0.3488 -0.6490
vn -0.6651 0.3865 -0.6389
vn -0.6537 0.4215 -0.6285
vn -0.6420 0.4537 -0.6180
vn -0.6303 0.4833 -0.6075
vn -0.6187 0.5102 -0.5974
vn -0.6075 0.5342 -0.5879
vn -0.5968 0.5551 -0.5793
vn -0.5875 0.5722 -0.5722
vn -0.0247 0.9994 -0.0247
vn -0.0248 0.9970 -0.0740
vn -0.0248 0.9921 -0.1232
vn -0.0249 0.9848 -0.1721
vn -0.0249 0.9750 -0.2206
vn -0.0249 0.9630 -0.2685
vn -0.0249 0.9486 -0.3156
vn -0.0249 0.9319 -0.3619
vn -0.0249 0.9130 -0.4072
vn -0.0249 0.8919 -0.4515
vn -0.0249 0.8688 -0.4945
vn -0.0249 0.8436 -0.5364
vn -0.0248 0.8165 -0.5769
vn -0.0248 0.7874 -0.6159
vn -0.0248 0.7566 -0.6535
vn -0.0248 0.7239 -0.6894
vn -0.0738 0.9970 -0.0249
vn -0.0742 0.9944 -0.0746
vn -0.0744 0.9894 -0.1245
vn -0.0746 0.9819 -0.1741
vn -0.0747 0.9719 -0.2231
vn -0.0748 0.9595 -0.2714
vn -0.0749 0.9448 -0.3188
vn -0.0750 0.9279 -0.3652
vn -0.0750 0.9088 -0.4103
vn -0.0750 0.8877 -0.4543
vn -0.0750 0.8646 -0.4969
vn -0.0750 0.8395 -0.5381
vn -0.0749 0.8127 -0.5779
vn -0.0749 0.7841 -0.6161
vn -0.0748 0.7538 -0.6528
vn -0.0749 0.7219 -0.6879
vn -0.1229 0.9921 -0.0251
vn -0.1238 0.9895 -0.0751
vn -0.1244 0.9843 -0.1255
vn -0.1248 0.9765 -0.1756
vn -0.1251 0.9663 -0.2251
vn -0.1253 0.9536 -0.2737
vn -0.1254 0.9387 -0.3213
vn -0.1254 0.9215 -0.3675
vn -0.1254 0.9023 -0.4125
vn -0.1253 0.8811 -0.4560
vn -0.1251 0.8581 -0.4980
vn -0.1249 0.8333 -0.5385
vn -0.1248 0.8069 -0.5774
vn -0.1246 0.7788 -0.6148
vn -0.1245 0.7492 -0.6505
vn -0.1245 0.7181 -0.6847
vn -0.1718 0.9848 -0.0251
vn -0.1732 0.9820 -0.0754
vn -0.1743 0.9766 -0.1261
vn -0.1750 0.9686 -0.1767
vn -0.1755 0.9581 -0.2265
vn -0.1757 0.9451 -0.2753
vn -0.1758 0.9300 -0.3229
vn -0.1757 0.9127 -0.3690
vn -0.1754 0.8934 -0.4135
vn -0.1751 0.8723 -0.4565
vn -0.1746 0.8495 -0.4979
vn -0.1742 0.8250 -0.5375
vn -0.1738 0.7991 -0.5756
vn -0.1735 0.7716 -0.6120
vn -0.1733 0.7428 -0.6467
vn -0.1732 0.7125 -0.6800
vn -0.2203 0.9751 -0.0252
vn -0.2223 0.9720 -0.0756
vn -0.2238 0.9664 -0.1266
vn -0.2248 0.9581 -0.1773
vn -0.2254 0.9474 -0.2274
vn -0.2256 0.9342 -0.2762
vn -0.2255 0.9189 -0.3237
vn -0.2251 0.9015 -0.3695
vn -0.2246 0.8823 -0.4136
vn -0.2239 0.8614 -0.4560
vn -0.2231 0.8389 -0.4965
vn -0.2223 0.8148 -0.5354
vn -0.2215 0.7895 -0.5724
vn -0.2209 0.7627 -0.6078
vn -0.2205 0.7347 -0.6416
vn -0.2204 0.7053 -0.6738
vn -0.2682 0.9630 -0.0252
vn -0.2707 0.9597 -0.0757
vn -0.2726 0.9537 -0.1268
vn -0.2738 0.9452 -0.1776
vn -0.2744 0.9343 -0.2277
vn -0.2745 0.9210 -0.2765
vn -0.2742 0.9056 -0.3237
vn -0.2734 0.8883 -0.3691
vn -0.2724 0.8692 -0.4127
vn -0.2712 0.8485 -0.4544
vn -0.2699 0.8264 -0.4941
vn -0.2686 0.8030 -0.5320
vn -0.2675 0.7783 -0.5681
vn -0.2665 0.7523 -0.6025
vn -0.2658 0.7252 -0.6352
vn -0.2655 0.6968 -0.6663
vn -0.3154 0.9486 -0.0252
vn -0.3183 0.9450 -0.0758
vn -0.3204 0.9388 -0.1269
vn -0.3217 0.9300 -0.1777
vn -0.3222 0.9189 -0.2276
vn -0.3221 0.9055 -0.2762
vn -0.3213 0.8902 -0.3230
vn -0.3201 0.8730 -0.3680
vn -0.3185 0.8542 -0.4109
vn -0.3167 0.8340 -0.4519
vn -0.3148 0.8124 -0.4908
vn -0.3130 0.7896 -0.5278
vn -0.3113 0.7657 -0.5628
vn -0.3099 0.7407 -0.5961
vn -0.3089 0.7145 -0.6278
vn -0.3084 0.6871 -0.6578
vn -0.3617 0.9319 -0.0252
vn -0.3648 0.9280 -0.0758
vn -0.3669 0.9216 -0.1268
vn -0.3681 0.9127 -0.1774
vn -0.3685 0.9015 -0.2271
vn -0.3679 0.8881 -0.2754
vn -0.3667 0.8729 -0.3218
vn -0.3649 0.8560 -0.3662
vn -0.3626 0.8376 -0.4085
vn -0.3601 0.8180 -0.4486
vn -0.3575 0.7971 -0.4867
vn -0.3550 0.7751 -0.5227
vn -0.3527 0.7521 -0.5567
vn -0.3508 0.7280 -0.5890
vn -0.3494 0.7029 -0.6196
vn -0.3487 0.6766 -0.6486
vn -0.4072 0.9130 -0.0251
vn -0.4102 0.9088 -0.0757
vn -0.4122 0.9023 -0.1266
vn -0.4131 0.8933 -0.1770
vn -0.4130 0.8821 -0.2264
vn -0.4120 0.8689 -0.2742
vn -0.4101 0.8540 -0.3201
vn -0.4076 0.8375 -0.3639
vn -0.4046 0.8197 -0.4054
vn -0.4012 0.8007 -0.4448
vn -0.3978 0.7807 -0.4819
vn -0.3945 0.7597 -0.5169
vn -0.3916 0.7377 -0.5500
vn -0.3891 0.7147 -0.5812
vn -0.3874 0.6906 -0.6107
vn -0.3864 0.6654 -0.6386
vn -0.4515 0.8919 -0.0251
vn -0.4543 0.8876 -0.0756
vn -0.4560 0.8810 -0.1263
vn -0.4565 0.8720 -0.1765
vn -0.4558 0.8610 -0.2255
vn -0.4541 0.8481 -0.2729
vn -0.4515 0.8336 -0.3182
vn -0.4481 0.8177 -0.3613
vn -0.4442 0.8006 -0.4021
vn -0.4400 0.7825 -0.4405
vn -0.4357 0.7635 -0.4767
vn -0.4316 0.7435 -0.5108
vn -0.4279 0.7226 -0.5429
vn -0.4248 0.7008 -0.5731
vn -0.4226 0.6780 -0.6015
vn -0.4214 0.6539 -0.6283
vn -0.4946 0.8688 -0.0251
vn -0.4971 0.8644 -0.0755
vn -0.4983 0.8578 -0.1261
vn -0.4982 0.8491 -0.1759
vn -0.4968 0.8383 -0.2245
vn -0.4943 0.8259 -0.2713
vn -0.4908 0.8119 -0.3161
vn -0.4865 0.7967 -0.3585
vn -0.4816 0.7805 -0.3986
vn -0.4765 0.7634 -0.4362
vn -0.4712 0.7454 -0.4715
vn -0.4662 0.7266 -0.5046
vn -0.4617 0.7070 -0.5357
vn -0.4580 0.6865 -0.5648
vn -0.4552 0.6649 -0.5922
vn -0.4537 0.6422 -0.6179
vn -0.5365 0.8435 -0.0250
vn -0.5385 0.8393 -0.0754
vn -0.5390 0.8329 -0.1257
vn -0.5381 0.8245 -0.1753
vn -0.5359 0.8142 -0.2235
vn -0.5324 0.8023 -0.2698
vn -0.5280 0.7891 -0.3140
vn -0.5227 0.7747 -0.3558
vn -0.5169 0.7594 -0.3952
vn -0.5107 0.7433 -0.4320
vn -0.5045 0.7265 -0.4665
vn -0.4986 0.7091 -0.4987
vn -0.4932 0.6908 -0.5287
vn -0.4885 0.6718 -0.5568
vn -0.4852 0.6517 -0.5830
vn -0.4833 0.6304 -0.6075
vn -0.5770 0.8164 -0.0249
vn -0.5783 0.8124 -0.0753
vn -0.5780 0.8063 -0.1254
vn -0.5763 0.7984 -0.1747
vn -0.5731 0.7887 -0.2225
vn -0.5687 0.7775 -0.2684
vn -0.5633 0.7651 -0.3121
vn -0.5570 0.7516 -0.3534
vn -0.5501 0.7373 -0.3921
vn -0.5429 0.7224 -0.4282
vn -0.5357 0.7069 -0.4619
vn -0.5287 0.6908 -0.4932
vn -0.5222 0.6742 -0.5223
vn -0.5167 0.6568 -0.5492
vn -0.5125 0.6384 -0.5742
vn -0.5102 0.6188 -0.5974
vn -0.6161 0.7873 -0.0249
vn -0.6166 0.7837 -0.0751
vn -0.6155 0.7782 -0.1251
vn -0.6128 0.7708 -0.1741
vn -0.6086 0.7619 -0.2216
vn -0.6032 0.7515 -0.2672
vn -0.5967 0.7400 -0.3105
vn -0.5893 0.7275 -0.3513
vn -0.5814 0.7143 -0.3895
vn -0.5732 0.7006 -0.4251
vn -0.5649 0.6863 -0.4581
vn -0.5568 0.6717 -0.4886
vn -0.5492 0.6568 -0.5167
vn -0.5425 0.6414 -0.5425
vn -0.5373 0.6251 -0.5662
vn -0.5342 0.6075 -0.5878
vn -0.6536 0.7564 -0.0248
vn -0.6533 0.7534 -0.0750
vn -0.6513 0.7485 -0.1248
vn -0.6476 0.7420 -0.1736
vn -0.6424 0.7338 -0.2209
vn -0.6359 0.7244 -0.2662
vn -0.6283 0.7138 -0.3092
vn -0.6200 0.7024 -0.3497
vn -0.6110 0.6903 -0.3876
vn -0.6017 0.6777 -0.4228
vn -0.5923 0.6648 -0.4553
vn -0.5831 0.6516 -0.4852
vn -0.5742 0.6384 -0.5125
vn -0.5662 0.6251 -0.5373
vn -0.5594 0.6116 -0.5594
vn -0.5551 0.5968 -0.5794
vn -0.6896 0.7238 -0.0248
vn -0.6884 0.7214 -0.0749
vn -0.6855 0.7174 -0.1246
vn -0.6808 0.7117 -0.1733
vn -0.6746 0.7045 -0.2205
vn -0.6671 0.6960 -0.2657
vn -0.6584 0.6865 -0.3085
vn -0.6490 0.6761 -0.3488
vn -0.6389 0.6651 -0.3865
vn -0.6285 0.6537 -0.4215
vn -0.6180 0.6420 -0.4537
vn -0.6075 0.6303 -0.4833
vn -0.5974 0.6187 -0.5102
vn -0.5878 0.6075 -0.5342
vn -0.5794 0.5968 -0.5551
vn -0.5722 0.5875 -0.5722
vn -0.9994 -0.0247 -0.0247
vn -0.9970 -0.0248 -0.0740
vn -0.9921 -0.0248 -0.1232
vn -0.9848 -0.0249 -0.1721
vn -0.9750 -0.0249 -0.2206
vn -0.9630 -0.0249 -0.2685
vn -0.9486 -0.0249 -0.3156
vn -0.9319 -0.0249 -0.3619
vn -0.9130 -0.0249 -0.4072
vn -0.8919 -0.0249 -0.4515
vn -0.8688 -0.0249 -0.4945
vn -0.8436 -0.0249 -0.5364
vn -0.8165 -0.0248 -0.5768
vn -0.7874 -0.0248 -0.6159
vn -0.7566 -0.0248 -0.6534
vn -0.7239 -0.0248 -0.6894
vn -0.9970 -0.0738 -0.0249
vn -0.9944 -0.0742 -0.0746
vn -0.9894 -0.0744 -0.1245
vn -0.9819 -0.0746 -0.1741
vn -0.9719 -0.0747 -0.2231
vn -0.9595 -0.0748 -0.2714
vn -0.9448 -0.0749 -0.3188
vn -0.9279 -0.0750 -0.3652
vn -0.9088 -0.0750 -0.4103
vn -0.8877 -0.0750 -0.4543
vn -0.8646 -0.0750 -0.4969
vn -0.8395 -0.0750 -0.5381
vn -0.8127 -0.0749 -0.5779
vn -0.7841 -0.0749 -0.6161
vn -0.7538 -0.0749 -0.6528
vn -0.7219 -0.0748 -0.6879
vn -0.9921 -0.1229 -0.0251
vn -0.9895 -0.1238 -0.0751
vn -0.9843 -0.1244 -0.1255
vn -0.9765 -0.1248 -0.1756
vn -0.9663 -0.1251 -0.2251
vn -0.9536 -0.1253 -0.2737
vn -0.9387 -0.1254 -0.3213
vn -0.9215 -0.1254 -0.3675
vn -0.9023 -0.1254 -0.4125
vn -0.8811 -0.1253 -0.4560
vn -0.8581 -0.1251 -0.4980
vn -0.8333 -0.1249 -0.5385
vn -0.8069 -0.1248 -0.5774
vn -0.7788 -0.1246 -0.6148
vn -0.7492 -0.1245 -0.6505
vn -0.7181 -0.1245 -0.6847
vn -0.9848 -0.1718 -0.0252
vn -0.9820 -0.1732 -0.0754
vn -0.9766 -0.1743 -0.1261
vn -0.9686 -0.1750 -0.1767
vn -0.9581 -0.1755 -0.2265
vn -0.9451 -0.1757 -0.2753
vn -0.9300 -0.1758 -0.3229
vn -0.9127 -0.1756 -0.3690
vn -0.8934 -0.1754 -0.4135
vn -0.8723 -0.1750 -0.4565
vn -0.8495 -0.1746 -0.4979
vn -0.8250 -0.1742 -0.5375
vn -0.7991 -0.1738 -0.5756
vn -0.7716 -0.1735 -0.6120
vn -0.7428 -0.1733 -0.6467
vn -0.7125 -0.1732 -0.6800
vn -0.9751 -0.2203 -0.0252
vn -0.9720 -0.2223 -0.0757
vn -0.9664 -0.2238 -0.1266
vn -0.9581 -0.2248 -0.1773
vn -0.9474 -0.2254 -0.2274
vn -0.9342 -0.2256 -0.2762
vn -0.9189 -0.2255 -0.3237
vn -0.9016 -0.2251 -0.3695
vn -0.8823 -0.2246 -0.4136
vn -0.8614 -0.2238 -0.4560
vn -0.8389 -0.2231 -0.4965
vn -0.8148 -0.2223 -0.5354
vn -0.7895 -0.2215 -0.5724
vn -0.7627 -0.2209 -0.6078
vn -0.7347 -0.2205 -0.6416
vn -0.7053 -0.2204 -0.6737
vn -0.9630 -0.2682 -0.0252
vn -0.9597 -0.2707 -0.0758
vn -0.9537 -0.2726 -0.1268
vn -0.9452 -0.2738 -0.1777
vn -0.9343 -0.2744 -0.2277
vn -0.9210 -0.2745 -0.2765
vn -0.9056 -0.2742 -0.3237
vn -0.8882 -0.2734 -0.3691
vn -0.8692 -0.2724 -0.4127
vn -0.8485 -0.2712 -0.4544
vn -0.8264 -0.2699 -0.4941
vn -0.8030 -0.2686 -0.5321
vn -0.7783 -0.2675 -0.5681
vn -0.7523 -0.2665 -0.6025
vn -0.7252 -0.2658 -0.6352
vn -0.6968 -0.2655 -0.6663
vn -0.9486 -0.3154 -0.0252
vn -0.9450 -0.3183 -0.0758
vn -0.9388 -0.3204 -0.1269
vn -0.9300 -0.3217 -0.1777
vn -0.9189 -0.3222 -0.2276
vn -0.9055 -0.3221 -0.2762
vn -0.8902 -0.3213 -0.3230
vn -0.8730 -0.3201 -0.3680
vn -0.8542 -0.3185 -0.4109
vn -0.8340 -0.3167 -0.4519
vn -0.8124 -0.3148 -0.4908
vn -0.7896 -0.3130 -0.5278
vn -0.7657 -0.3113 -0.5628
vn -0.7407 -0.3099 -0.5962
vn -0.7145 -0.3089 -0.6278
vn -0.6871 -0.3084 -0.6579
vn -0.9319 -0.3618 -0.0252
vn -0.9280 -0.3648 -0.0758
vn -0.9216 -0.3669 -0.1268
vn -0.9127 -0.3682 -0.1774
vn -0.9015 -0.3685 -0.2271
vn -0.8881 -0.3679 -0.2754
vn -0.8729 -0.3667 -0.3218
vn -0.8560 -0.3649 -0.3662
vn -0.8376 -0.3627 -0.4085
vn -0.8180 -0.3601 -0.4486
vn -0.7971 -0.3575 -0.4867
vn -0.7751 -0.3550 -0.5227
vn -0.7521 -0.3527 -0.5567
vn -0.7281 -0.3508 -0.5890
vn -0.7029 -0.3494 -0.6196
vn -0.6766 -0.3487 -0.6486
vn -0.9130 -0.4072 -0.0251
vn -0.9088 -0.4102 -0.0757
vn -0.9023 -0.4122 -0.1266
vn -0.8933 -0.4131 -0.1770
vn -0.8821 -0.4130 -0.2264
vn -0.8689 -0.4120 -0.2742
vn -0.8540 -0.4101 -0.3201
vn -0.8375 -0.4076 -0.3639
vn -0.8197 -0.4046 -0.4054
vn -0.8007 -0.4012 -0.4448
vn -0.7807 -0.3978 -0.4819
vn -0.7597 -0.3945 -0.5169
vn -0.7377 -0.3916 -0.5500
vn -0.7147 -0.3891 -0.5812
vn -0.6906 -0.3873 -0.6107
vn -0.6654 -0.3864 -0.6386
vn -0.8919 -0.4515 -0.0251
vn -0.8876 -0.4543 -0.0756
vn -0.8810 -0.4560 -0.1263
vn -0.8720 -0.4565 -0.1765
vn -0.8610 -0.4558 -0.2255
vn -0.8481 -0.4541 -0.2728
vn -0.8336 -0.4515 -0.3182
vn -0.8177 -0.4481 -0.3613
vn -0.8006 -0.4442 -0.4021
vn -0.7825 -0.4400 -0.4405
vn -0.7635 -0.4357 -0.4767
vn -0.7435 -0.4316 -0.5108
vn -0.7226 -0.4279 -0.5429
vn -0.7008 -0.4248 -0.5731
vn -0.6779 -0.4226 -0.6015
vn -0.6539 -0.4214 -0.6283
vn -0.8687 -0.4946 -0.0251
vn -0.8644 -0.4971 -0.0755
vn -0.8578 -0.4983 -0.1261
vn -0.8490 -0.4982 -0.1759
vn -0.8383 -0.4968 -0.2245
vn -0.8259 -0.4943 -0.2713
vn -0.8119 -0.4908 -0.3161
vn -0.7967 -0.4865 -0.3585
vn -0.7805 -0.4816 -0.3986
vn -0.7634 -0.4765 -0.4362
vn -0.7454 -0.4712 -0.4715
vn -0.7266 -0.4662 -0.5046
vn -0.7070 -0.4617 -0.5357
vn -0.6865 -0.4580 -0.5648
vn -0.6649 -0.4552 -0.5922
vn -0.6422 -0.4537 -0.6179
vn -0.8435 -0.5365 -0.0250
vn -0.8393 -0.5384 -0.0754
vn -0.8329 -0.5390 -0.1257
vn -0.8245 -0.5381 -0.1753
vn -0.8142 -0.5359 -0.2235
vn -0.8023 -0.5324 -0.2698
vn -0.7891 -0.5280 -0.3140
vn -0.7747 -0.5228 -0.3558
vn -0.7594 -0.5169 -0.3952
vn -0.7433 -0.5107 -0.4320
vn -0.7265 -0.5045 -0.4665
vn -0.7091 -0.4985 -0.4987
vn -0.6909 -0.4931 -0.5287
vn -0.6718 -0.4885 -0.5568
vn -0.6517 -0.4851 -0.5830
vn -0.6304 -0.4833 -0.6075
vn -0.8164 -0.5770 -0.0250
vn -0.8124 -0.5783 -0.0753
vn -0.8063 -0.5781 -0.1254
vn -0.7984 -0.5763 -0.1747
vn -0.7887 -0.5731 -0.2225
vn -0.7775 -0.5687 -0.2684
vn -0.7651 -0.5633 -0.3121
vn -0.7516 -0.5570 -0.3534
vn -0.7373 -0.5501 -0.3921
vn -0.7224 -0.5429 -0.4282
vn -0.7069 -0.5357 -0.4619
vn -0.6908 -0.5287 -0.4932
vn -0.6742 -0.5222 -0.5223
vn -0.6568 -0.5167 -0.5492
vn -0.6384 -0.5125 -0.5742
vn -0.6187 -0.5102 -0.5974
vn -0.7873 -0.6161 -0.0249
vn -0.7837 -0.6166 -0.0751
vn -0.7782 -0.6155 -0.1251
vn -0.7709 -0.6128 -0.1741
vn -0.7619 -0.6086 -0.2216
vn -0.7515 -0.6032 -0.2672
vn -0.7400 -0.5967 -0.3105
vn -0.7275 -0.5893 -0.3513
vn -0.7143 -0.5814 -0.3895
vn -0.7006 -0.5732 -0.4251
vn -0.6863 -0.5649 -0.4581
vn -0.6717 -0.5568 -0.4886
vn -0.6568 -0.5492 -0.5167
vn -0.6413 -0.5425 -0.5425
vn -0.6251 -0.5373 -0.5662
vn -0.6075 -0.5342 -0.5878
vn -0.7564 -0.6536 -0.0248
vn -0.7534 -0.6533 -0.0750
vn -0.7485 -0.6513 -0.1248
vn -0.7420 -0.6476 -0.1736
vn -0.7338 -0.6424 -0.2209
vn -0.7244 -0.6359 -0.2663
vn -0.7138 -0.6283 -0.3092
vn -0.7024 -0.6200 -0.3497
vn -0.6903 -0.6110 -0.3876
vn -0.6777 -0.6017 -0.4228
vn -0.6648 -0.5923 -0.4553
vn -0.6516 -0.5830 -0.4852
vn -0.6384 -0.5742 -0.5125
vn -0.6251 -0.5662 -0.5373
vn -0.6116 -0.5594 -0.5594
vn -0.5968 -0.5551 -0.5794
vn -0.7238 -0.6896 -0.0248
vn -0.7214 -0.6884 -0.0749
vn -0.7174 -0.6855 -0.1246
vn -0.7117 -0.6808 -0.1733
vn -0.7045 -0.6746 -0.2205
vn -0.6960 -0.6671 -0.2657
vn -0.6865 -0.6584 -0.3085
vn -0.6761 -0.6490 -0.3488
vn -0.6651 -0.6389 -0.3865
vn -0.6537 -0.6285 -0.4215
vn -0.6420 -0.6180 -0.4538
vn -0.6303 -0.6075 -0.4833
vn -0.6187 -0.5974 -0.5102
vn -0.6075 -0.5878 -0.5342
vn -0.5968 -0.5794 -0.5551
vn -0.5875 -0.5722 -0.5722
vn -0.0247 -0.0247 -0.9994
vn -0.0248 -0.0740 -0.9970
vn -0.0248 -0.1232 -0.9921
vn -0.0249 -0.1721 -0.9848
vn -0.0249 -0.2206 -0.9750
vn -0.0249 -0.2685 -0.9630
vn -0.0249 -0.3156 -0.9486
vn -0.0249 -0.3619 -0.9319
vn -0.0249 -0.4072 -0.9130
vn -0.0249 -0.4515 -0.8919
vn -0.0249 -0.4945 -0.8688
vn -0.0249 -0.5364 -0.8436
vn -0.0248 -0.5768 -0.8165
vn -0.0248 -0.6159 -0.7874
vn -0.0248 -0.6534 -0.7566
vn -0.0248 -0.6894 -0.7239
vn -0.0738 -0.0249 -0.9970
vn -0.0742 -0.0746 -0.9944
vn -0.0744 -0.1245 -0.9894
vn -0.0746 -0.1741 -0.9819
vn -0.0747 -0.2231 -0.9719
vn -0.0748 -0.2714 -0.9595
vn -0.0749 -0.3188 -0.9448
vn -0.0750 -0.3652 -0.9279
vn -0.0750 -0.4103 -0.9088
vn -0.0750 -0.4543 -0.8877
vn -0.0750 -0.4969 -0.8646
vn -0.0750 -0.5381 -0.8395
vn -0.0749 -0.5779 -0.8127
vn -0.0749 -0.6161 -0.7841
vn -0.0749 -0.6528 -0.7538
vn -0.0748 -0.6879 -0.7219
vn -0.1229 -0.0251 -0.9921
vn -0.1238 -0.0751 -0.9895
vn -0.1244 -0.1255 -0.9843
vn -0.1248 -0.1756 -0.9765
vn -0.1251 -0.2251 -0.9663
vn -0.1253 -0.2737 -0.9536
vn -0.1254 -0.3213 -0.9387
vn -0.1254 -0.3675 -0.9215
vn -0.1254 -0.4125 -0.9023
vn -0.1253 -0.4560 -0.8811
vn -0.1251 -0.4980 -0.8581
vn -0.1249 -0.5385 -0.8333
vn -0.1248 -0.5774 -0.8069
vn -0.1246 -0.6148 -0.7788
vn -0.1245 -0.6505 -0.7492
vn -0.1245 -0.6847 -0.7181
vn -0.1718 -0.0252 -0.9848
vn -0.1732 -0.0754 -0.9820
vn -0.1743 -0.1261 -0.9766
vn -0.1750 -0.1767 -0.9686
vn -0.1755 -0.2265 -0.9581
vn -0.1757 -0.2753 -0.9451
vn -0.1758 -0.3229 -0.9300
vn -0.1756 -0.3690 -0.9127
vn -0.1754 -0.4135 -0.8934
vn -0.1750 -0.4565 -0.8723
vn -0.1746 -0.4979 -0.8495
vn -0.1742 -0.5375 -0.8250
vn -0.1738 -0.5756 -0.7991
vn -0.1735 -0.6120 -0.7716
vn -0.1733 -0.6467 -0.7428
vn -0.1732 -0.6800 -0.7125
vn -0.2203 -0.0252 -0.9751
vn -0.2223 -0.0757 -0.9720
vn -0.2238 -0.1266 -0.9664
vn -0.2248 -0.1773 -0.9581
vn -0.2254 -0.2274 -0.9474
vn -0.2256 -0.2762 -0.9342
vn -0.2255 -0.3237 -0.9189
vn -0.2251 -0.3695 -0.9016
vn -0.2246 -0.4136 -0.8823
vn -0.2238 -0.4560 -0.8614
vn -0.2231 -0.4965 -0.8389
vn -0.2223 -0.5354 -0.8148
vn -0.2215 -0.5724 -0.7895
vn -0.2209 -0.6078 -0.7627
vn -0.2205 -0.6416 -0.7347
vn -0.2204 -0.6737 -0.7053
vn -0.2682 -0.0252 -0.9630
vn -0.2707 -0.0758 -0.9597
vn -0.2726 -0.1268 -0.9537
vn -0.2738 -0.1777 -0.9452
vn -0.2744 -0.2277 -0.9343
vn -0.2745 -0.2765 -0.9210
vn -0.2742 -0.3237 -0.9056
vn -0.2734 -0.3691 -0.8882
vn -0.2724 -0.4127 -0.8692
vn -0.2712 -0.4544 -0.8485
vn -0.2699 -0.4941 -0.8264
vn -0.2686 -0.5321 -0.8030
vn -0.2675 -0.5681 -0.7783
vn -0.2665 -0.6025 -0.7523
vn -0.2658 -0.6352 -0.7252
vn -0.2655 -0.6663 -0.6968
vn -0.3154 -0.0252 -0.9486
vn -0.3183 -0.0758 -0.9450
vn -0.3204 -0.1269 -0.9388
vn -0.3217 -0.1777 -0.9300
vn -0.3222 -0.2276 -0.9189
vn -0.3221 -0.2762 -0.9055
vn -0.3213 -0.3230 -0.8902
vn -0.3201 -0.3680 -0.8730
vn -0.3185 -0.4109 -0.8542
vn -0.3167 -0.4519 -0.8340
vn -0.3148 -0.4908 -0.8124
vn -0.3130 -0.5278 -0.7896
vn -0.3113 -0.5628 -0.7657
vn -0.3099 -0.5962 -0.7407
vn -0.3089 -0.6278 -0.7145
vn -0.3084 -0.6579 -0.6871
vn -0.3618 -0.0252 -0.9319
vn -0.3648 -0.0758 -0.9280
vn -0.3669 -0.1268 -0.9216
vn -0.3682 -0.1774 -0.9127
vn -0.3685 -0.2271 -0.9015
vn -0.3679 -0.2754 -0.8881
vn -0.3667 -0.3218 -0.8729
vn -0.3649 -0.3662 -0.8560
vn -0.3627 -0.4085 -0.8376
vn -0.3601 -0.4486 -0.8180
vn -0.3575 -0.4867 -0.7971
vn -0.3550 -0.5227 -0.7751
vn -0.3527 -0.5567 -0.7521
vn -0.3508 -0.5890 -0.7281
vn -0.3494 -0.6196 -0.7029
vn -0.3487 -0.6486 -0.6766
vn -0.4072 -0.0251 -0.9130
vn -0.4102 -0.0757 -0.9088
vn -0.4122 -0.1266 -0.9023
vn -0.4131 -0.1770 -0.8933
vn -0.4130 -0.2264 -0.8821
vn -0.4120 -0.2742 -0.8689
vn -0.4101 -0.3201 -0.8540
vn -0.4076 -0.3639 -0.8375
vn -0.4046 -0.4054 -0.8197
vn -0.4012 -0.4448 -0.8007
vn -0.3978 -0.4819 -0.7807
vn -0.3945 -0.5169 -0.7597
vn -0.3916 -0.5500 -0.7377
vn -0.3891 -0.5812 -0.7147
vn -0.3873 -0.6107 -0.6906
vn -0.3864 -0.6386 -0.6654
vn -0.4515 -0.0251 -0.8919
vn -0.4543 -0.0756 -0.8876
vn -0.4560 -0.1263 -0.8810
vn -0.4565 -0.1765 -0.8720
vn -0.4558 -0.2255 -0.8610
vn -0.4541 -0.2728 -0.8481
vn -0.4515 -0.3182 -0.8336
vn -0.4481 -0.3613 -0.8177
vn -0.4442 -0.4021 -0.8006
vn -0.4400 -0.4405 -0.7825
vn -0.4357 -0.4767 -0.7635
vn -0.4316 -0.5108 -0.7435
vn -0.4279 -0.5429 -0.7226
vn -0.4248 -0.5731 -0.7008
vn -0.4226 -0.6015 -0.6779
vn -0.4214 -0.6283 -0.6539
vn -0.4946 -0.0251 -0.8687
vn -0.4971 -0.0755 -0.8644
vn -0.4983 -0.1261 -0.8578
vn -0.4982 -0.1759 -0.8490
vn -0.4968 -0.2245 -0.8383
vn -0.4943 -0.2713 -0.8259
vn -0.4908 -0.3161 -0.8119
vn -0.4865 -0.3585 -0.7967
vn -0.4816 -0.3986 -0.7805
vn -0.4765 -0.4362 -0.7634
vn -0.4712 -0.4715 -0.7454
vn -0.4662 -0.5046 -0.7266
vn -0.4617 -0.5357 -0.7070
vn -0.4580 -0.5648 -0.6865
vn -0.4552 -0.5922 -0.6649
vn -0.4537 -0.6179 -0.6422
vn -0.5365 -0.0250 -0.8435
vn -0.5384 -0.0754 -0.8393
vn -0.5390 -0.1257 -0.8329
vn -0.5381 -0.1753 -0.8245
vn -0.5359 -0.2235 -0.8142
vn -0.5324 -0.2698 -0.8023
vn -0.5280 -0.3140 -0.7891
vn -0.5228 -0.3558 -0.7747
vn -0.5169 -0.3952 -0.7594
vn -0.5107 -0.4320 -0.7433
vn -0.5045 -0.4665 -0.7265
vn -0.4985 -0.4987 -0.7091
vn -0.4931 -0.5287 -0.6909
vn -0.4885 -0.5568 -0.6718
vn -0.4851 -0.5830 -0.6517
vn -0.4833 -0.6075 -0.6304
vn -0.5770 -0.0250 -0.8164
vn -0.5783 -0.0753 -0.8124
vn -0.5781 -0.1254 -0.8063
vn -0.5763 -0.1747 -0.7984
vn -0.5731 -0.2225 -0.7887
vn -0.5687 -0.2684 -0.7775
vn -0.5633 -0.3121 -0.7651
vn -0.5570 -0.3534 -0.7516
vn -0.5501 -0.3921 -0.7373
vn -0.5429 -0.4282 -0.7224
vn -0.5357 -0.4619 -0.7069
vn -0.5287 -0.4932 -0.6908
vn -0.5222 -0.5223 -0.6742
vn -0.5167 -0.5492 -0.6568
vn -0.5125 -0.5742 -0.6384
vn -0.5102 -0.5974 -0.6187
vn -0.6161 -0.0249 -0.7873
vn -0.6166 -0.0751 -0.7837
vn -0.6155 -0.1251 -0.7782
vn -0.6128 -0.1741 -0.7709
vn -0.6086 -0.2216 -0.7619
vn -0.6032 -0.2672 -0.7515
vn -0.5967 -0.3105 -0.7400
vn -0.5893 -0.3513 -0.7275
vn -0.5814 -0.3895 -0.7143
vn -0.5732 -0.4251 -0.7006
vn -0.5649 -0.4581 -0.6863
vn -0.5568 -0.4886 -0.6717
vn -0.5492 -0.5167 -0.6568
vn -0.5425 -0.5425 -0.6413
vn -0.5373 -0.5662 -0.6251
vn -0.5342 -0.5878 -0.6075
vn -0.6536 -0.0248 -0.7564
vn -0.6533 -0.0750 -0.7534
vn -0.6513 -0.1248 -0.7485
vn -0.6476 -0.1736 -0.7420
vn -0.6424 -0.2209 -0.7338
vn -0.6359 -0.2663 -0.7244
vn -0.6283 -0.3092 -0.7138
vn -0.6199 -0.3497 -0.7024
vn -0.6110 -0.3876 -0.6903
vn -0.6017 -0.4228 -0.6777
vn -0.5923 -0.4553 -0.6648
vn -0.5830 -0.4852 -0.6517
vn -0.5742 -0.5125 -0.6384
vn -0.5662 -0.5373 -0.6251
vn -0.5594 -0.5594 -0.6116
vn -0.5551 -0.5794 -0.5968
vn -0.6896 -0.0248 -0.7238
vn -0.6884 -0.0749 -0.7214
vn -0.6855 -0.1246 -0.7174
vn -0.6808 -0.1733 -0.7117
vn -0.6746 -0.2205 -0.7045
vn -0.6671 -0.2657 -0.6960
vn -0.6584 -0.3085 -0.6865
vn -0.6490 -0.3488 -0.6761
vn -0.6389 -0.3865 -0.6651
vn -0.6285 -0.4215 -0.6537
vn -0.6180 -0.4538 -0.6420
vn -0.6075 -0.4833 -0.6303
vn -0.5974 -0.5102 -0.6187
vn -0.5878 -0.5342 -0.6075
vn -0.5794 -0.5551 -0.5968
vn -0.5722 -0.5722 -0.5875
vn -0.0247 -0.9994 -0.0247
vn -0.0740 -0.9970 -0.0248
vn -0.1232 -0.9921 -0.0248
vn -0.1721 -0.9848 -0.0249
vn -0.2206 -0.9750 -0.0249
vn -0.2685 -0.9630 -0.0249
vn -0.3156 -0.9486 -0.0249
vn -0.3619 -0.9319 -0.0249
vn -0.4072 -0.9130 -0.0249
vn -0.4515 -0.8919 -0.0249
vn -0.4945 -0.8688 -0.0249
vn -0.5364 -0.8436 -0.0249
vn -0.5768 -0.8165 -0.0248
vn -0.6159 -0.7874 -0.0248
vn -0.6534 -0.7566 -0.0248
vn -0.6894 -0.7239 -0.0248
vn -0.0249 -0.9970 -0.0738
vn -0.0746 -0.9944 -0.0742
vn -0.1245 -0.9894 -0.0744
vn -0.1741 -0.9819 -0.0746
vn -0.2231 -0.9719 -0.0747
vn -0.2714 -0.9595 -0.0748
vn -0.3188 -0.9448 -0.0749
vn -0.3652 -0.9279 -0.0750
vn -0.4103 -0.9088 -0.0750
vn -0.4543 -0.8877 -0.0750
vn -0.4969 -0.8646 -0.0750
vn -0.5381 -0.8395 -0.0750
vn -0.5779 -0.8127 -0.0749
vn -0.6161 -0.7841 -0.0749
vn -0.6528 -0.7538 -0.0749
vn -0.6879 -0.7219 -0.0748
vn -0.0251 -0.9921 -0.1229
vn -0.0751 -0.9895 -0.1238
vn -0.1255 -0.9843 -0.1244
vn -0.1756 -0.9765 -0.1248
vn -0.2251 -0.9663 -0.1251
vn -0.2737 -0.9536 -0.1253
vn -0.3213 -0.9387 -0.1254
vn -0.3675 -0.9215 -0.1254
vn -0.4125 -0.9023 -0.1254
vn -0.4560 -0.8811 -0.1253
vn -0.4980 -0.8581 -0.1251
vn -0.5385 -0.8333 -0.1249
vn -0.5774 -0.8069 -0.1248
vn -0.6148 -0.7788 -0.1246
vn -0.6505 -0.7492 -0.1245
vn -0.6847 -0.7181 -0.1245
vn -0.0252 -0.9848 -0.1718
vn -0.0754 -0.9820 -0.1732
vn -0.1261 -0.9766 -0.1743
vn -0.1767 -0.9686 -0.1750
vn -0.2265 -0.9581 -0.1755
vn -0.2753 -0.9451 -0.1757
vn -0.3229 -0.9300 -0.1758
vn -0.3690 -0.9127 -0.1756
vn -0.4135 -0.8934 -0.1754
vn -0.4565 -0.8723 -0.1750
vn -0.4979 -0.8495 -0.1746
vn -0.5375 -0.8250 -0.1742
vn -0.5756 -0.7991 -0.1738
vn -0.6120 -0.7716 -0.1735
vn -0.6467 -0.7428 -0.1733
vn -0.6800 -0.7125 -0.1732
vn -0.0252 -0.9751 -0.2203
vn -0.0757 -0.9720 -0.2223
vn -0.1266 -0.9664 -0.2238
vn -0.1773 -0.9581 -0.2248
vn -0.2274 -0.9474 -0.2254
vn -0.2762 -0.9342 -0.2256
vn -0.3237 -0.9189 -0.2255
vn -0.3695 -0.9016 -0.2251
vn -0.4136 -0.8823 -0.2246
vn -0.4560 -0.8614 -0.2238
vn -0.4965 -0.8389 -0.2231
vn -0.5354 -0.8148 -0.2223
vn -0.5724 -0.7895 -0.2215
vn -0.6078 -0.7627 -0.2209
vn -0.6416 -0.7347 -0.2205
vn -0.6737 -0.7053 -0.2204
vn -0.0252 -0.9630 -0.2682
vn -0.0758 -0.9597 -0.2707
vn -0.1268 -0.9537 -0.2726
vn -0.1777 -0.9452 -0.2738
vn -0.2277 -0.9343 -0.2744
vn -0.2765 -0.9210 -0.2745
vn -0.3237 -0.9056 -0.2742
vn -0.3691 -0.8882 -0.2734
vn -0.4127 -0.8692 -0.2724
vn -0.4544 -0.8485 -0.2712
vn -0.4941 -0.8264 -0.2699
vn -0.5321 -0.8030 -0.2686
vn -0.5681 -0.7783 -0.2675
vn -0.6025 -0.7523 -0.2665
vn -0.6352 -0.7252 -0.2658
vn -0.6663 -0.6968 -0.2655
vn -0.0252 -0.9486 -0.3154
vn -0.0758 -0.9450 -0.3183
vn -0.1269 -0.9388 -0.3204
vn -0.1777 -0.9300 -0.3217
vn -0.2276 -0.9189 -0.3222
vn -0.2762 -0.9055 -0.3221
vn -0.3230 -0.8902 -0.3213
vn -0.3680 -0.8730 -0.3201
vn -0.4109 -0.8542 -0.3185
vn -0.4519 -0.8340 -0.3167
vn -0.4908 -0.8124 -0.3148
vn -0.5278 -0.7896 -0.3130
vn -0.5628 -0.7657 -0.3113
vn -0.5962 -0.7407 -0.3099
vn -0.6278 -0.7145 -0.3089
vn -0.6579 -0.6871 -0.3084
vn -0.0252 -0.9319 -0.3618
vn -0.0758 -0.9280 -0.3648
vn -0.1268 -0.9216 -0.3669
vn -0.1774 -0.9127 -0.3682
vn -0.2271 -0.9015 -0.3685
vn -0.2754 -0.8881 -0.3679
vn -0.3218 -0.8729 -0.3667
vn -0.3662 -0.8560 -0.3649
vn -0.4085 -0.8376 -0.3627
vn -0.4486 -0.8180 -0.3601
vn -0.4867 -0.7971 -0.3575
vn -0.5227 -0.7751 -0.3550
vn -0.5567 -0.7521 -0.3527
vn -0.5890 -0.7281 -0.3508
vn -0.6196 -0.7029 -0.3494
vn -0.6486 -0.6766 -0.3487
vn -0.0251 -0.9130 -0.4072
vn -0.0757 -0.9088 -0.4102
vn -0.1266 -0.9023 -0.4122
vn -0.1770 -0.8933 -0.4131
vn -0.2264 -0.8821 -0.4130
vn -0.2742 -0.8689 -0.4120
vn -0.3201 -0.8540 -0.4101
vn -0.3639 -0.8375 -0.4076
vn -0.4054 -0.8197 -0.4046
vn -0.4448 -0.8007 -0.4012
vn -0.4819 -0.7807 -0.3978
vn -0.5169 -0.7597 -0.3945
vn -0.5500 -0.7377 -0.3916
vn -0.5812 -0.7147 -0.3891
vn -0.6107 -0.6906 -0.3873
vn -0.6386 -0.6654 -0.3864
vn -0.0251 -0.8919 -0.4515
vn -0.0756 -0.8876 -0.4543
vn -0.1263 -0.8810 -0.4560
vn -0.1765 -0.8720 -0.4565
vn -0.2255 -0.8610 -0.4558
vn -0.2728 -0.8481 -0.4541
vn -0.3182 -0.8336 -0.4515
vn -0.3613 -0.8177 -0.4481
vn -0.4021 -0.8006 -0.4442
vn -0.4405 -0.7825 -0.4400
vn -0.4767 -0.7635 -0.4357
vn -0.5108 -0.7435 -0.4316
vn -0.5429 -0.7226 -0.4279
vn -0.5731 -0.7008 -0.4248
vn -0.6015 -0.6779 -0.4226
vn -0.6283 -0.6539 -0.4214
vn -0.0251 -0.8687 -0.4946
vn -0.0755 -0.8644 -0.4971
vn -0.1261 -0.8578 -0.4983
vn -0.1759 -0.8490 -0.4982
vn -0.2245 -0.8383 -0.4968
vn -0.2713 -0.8259 -0.4943
vn -0.3161 -0.8119 -0.4908
vn -0.3585 -0.7967 -0.4865
vn -0.3986 -0.7805 -0.4816
vn -0.4362 -0.7634 -0.4765
vn -0.4715 -0.7454 -0.4712
vn -0.5046 -0.7266 -0.4662
vn -0.5357 -0.7070 -0.4617
vn -0.5648 -0.6865 -0.4580
vn -0.5922 -0.6649 -0.4552
vn -0.6179 -0.6422 -0.4537
vn -0.0250 -0.8435 -0.5365
vn -0.0754 -0.8393 -0.5384
vn -0.1257 -0.8329 -0.5390
vn -0.1753 -0.8245 -0.5381
vn -0.2235 -0.8142 -0.5359
vn -0.2698 -0.8023 -0.5324
vn -0.3140 -0.7891 -0.5280
vn -0.3558 -0.7747 -0.5228
vn -0.3952 -0.7594 -0.5169
vn -0.4320 -0.7433 -0.5107
vn -0.4665 -0.7265 -0.5045
vn -0.4987 -0.7091 -0.4985
vn -0.5287 -0.6909 -0.4931
vn -0.5568 -0.6718 -0.4885
vn -0.5830 -0.6517 -0.4851
vn -0.6075 -0.6304 -0.4833
vn -0.0250 -0.8164 -0.5770
vn -0.0753 -0.8124 -0.5783
vn -0.1254 -0.8063 -0.5781
vn -0.1747 -0.7984 -0.5763
vn -0.2225 -0.7887 -0.5731
vn -0.2684 -0.7775 -0.5687
vn -0.3121 -0.7651 -0.5633
vn -0.3534 -0.7516 -0.5570
vn -0.3921 -0.7373 -0.5501
vn -0.4282 -0.7224 -0.5429
vn -0.4619 -0.7069 -0.5357
vn -0.4932 -0.6908 -0.5287
vn -0.5223 -0.6742 -0.5222
vn -0.5492 -0.6568 -0.5167
vn -0.5742 -0.6384 -0.5125
vn -0.5974 -0.6187 -0.5102
vn -0.0249 -0.7873 -0.6161
vn -0.0751 -0.7837 -0.6166
vn -0.1251 -0.7782 -0.6155
vn -0.1741 -0.7709 -0.6128
vn -0.2216 -0.7619 -0.6086
vn -0.2672 -0.7515 -0.6032
vn -0.3105 -0.7400 -0.5967
vn -0.3513 -0.7275 -0.5893
vn -0.3895 -0.7143 -0.5814
vn -0.4251 -0.7006 -0.5732
vn -0.4581 -0.6863 -0.5649
vn -0.4886 -0.6717 -0.5568
vn -0.5167 -0.6568 -0.5492
vn -0.5425 -0.6413 -0.5425
vn -0.5662 -0.6251 -0.5373
vn -0.5878 -0.6075 -0.5342
vn -0.0248 -0.7564 -0.6536
vn -0.0750 -0.7534 -0.6533
vn -0.1248 -0.7485 -0.6513
vn -0.1736 -0.7420 -0.6476
vn -0.2209 -0.7338 -0.6424
vn -0.2663 -0.7244 -0.6359
vn -0.3092 -0.7138 -0.6283
vn -0.3497 -0.7024 -0.6199
vn -0.3876 -0.6903 -0.6110
vn -0.4228 -0.6777 -0.6017
vn -0.4553 -0.6648 -0.5923
vn -0.4852 -0.6516 -0.5830
vn -0.5125 -0.6384 -0.5742
vn -0.5373 -0.6251 -0.5662
vn -0.5594 -0.6116 -0.5594
vn -0.5794 -0.5968 -0.5551
vn -0.0248 -0.7238 -0.6896
vn -0.0749 -0.7214 -0.6884
vn -0.1246 -0.7174 -0.6855
vn -0.1733 -0.7117 -0.6808
vn -0.2205 -0.7045 -0.6746
vn -0.2657 -0.6960 -0.6671
vn -0.3085 -0.6865 -0.6584
vn -0.3488 -0.6761 -0.6490
vn -0.3865 -0.6651 -0.6389
vn -0.4215 -0.6537 -0.6285
vn -0.4538 -0.6420 -0.6180
vn -0.4833 -0.6303 -0.6075
vn -0.5102 -0.6187 -0.5974
vn -0.5342 -0.6075 -0.5878
vn -0.5551 -0.5968 -0.5794
vn -0.5722 -0.5875 -0.5722
vn -0.9994 0.0247 0.0247
vn -0.9970 0.0248 0.0740
vn -0.9921 0.0248 0.1232
vn -0.9848 0.0249 0.1721
vn -0.9750 0.0249 0.2206
vn -0.9630 0.0249 0.2685
vn -0.9486 0.0249 0.3156
vn -0.9319 0.0249 0.3619
vn -0.9130 0.0249 0.4072
vn -0.8919 0.0249 0.4515
vn -0.8688 0.0249 0.4945
vn -0.8436 0.0249 0.5364
vn -0.8165 0.0248 0.5768
vn -0.7874 0.0248 0.6159
vn -0.7566 0.0248 0.6534
vn -0.7239 0.0248 0.6894
vn -0.9970 0.0738 0.0249
vn -0.9944 0.0742 0.0746
vn -0.9894 0.0744 0.1245
vn -0.9819 0.0746 0.1741
vn -0.9719 0.0747 0.2231
vn -0.9595 0.0748 0.2714
vn -0.9448 0.0749 0.3188
vn -0.9279 0.0750 0.3652
vn -0.9088 0.0750 0.4103
vn -0.8877 0.0750 0.4543
vn -0.8646 0.0750 0.4969
vn -0.8395 0.0750 0.5381
vn -0.8127 0.0749 0.5779
vn -0.7841 0.0749 0.6161
vn -0.7538 0.0749 0.6528
vn -0.7219 0.0748 0.6879
vn -0.9921 0.1229 0.0251
vn -0.9895 0.1238 0.0751
vn -0.9843 0.1244 0.1255
vn -0.9765 0.1248 0.1756
vn -0.9663 0.1251 0.2251
vn -0.9536 0.1253 0.2737
vn -0.9387 0.1254 0.3213
vn -0.9215 0.1254 0.3675
vn -0.9023 0.1254 0.4125
vn -0.8811 0.1253 0.4560
vn -0.8581 0.1251 0.4980
vn -0.8333 0.1249 0.5385
vn -0.8069 0.1248 0.5774
vn -0.7788 0.1246 0.6148
vn -0.7492 0.1245 0.6505
vn -0.7181 0.1245 0.6847
vn -0.9848 0.1718 0.0252
vn -0.9820 0.1732 0.0754
vn -0.9766 0.1743 0.1261
vn -0.9686 0.1750 0.1767
vn -0.9581 0.1755 0.2265
vn -0.9451 0.1757 0.2753
vn -0.9300 0.1758 0.3229
vn -0.9127 0.1756 0.3690
vn -0.8934 0.1754 0.4135
vn -0.8723 0.1750 0.4565
vn -0.8495 0.1746 0.4979
vn -0.8250 0.1742 0.5375
vn -0.7991 0.1738 0.5756
vn -0.7716 0.1735 0.6120
vn -0.7428 0.1733 0.6467
vn -0.7125 0.1732 0.6800
vn -0.9751 0.2203 0.0252
vn -0.9720 0.2223 0.0757
vn -0.9664 0.2238 0.1266
vn -0.9581 0.2248 0.1773
vn -0.9474 0.2254 0.2274
vn -0.9342 0.2256 0.2762
vn -0.9189 0.2255 0.3237
vn -0.9016 0.2251 0.3695
vn -0.8823 0.2246 0.4136
vn -0.8614 0.2238 0.4560
vn -0.8389 0.2231 0.4965
vn -0.8148 0.2223 0.5354
vn -0.7895 0.2215 0.5724
vn -0.7627 0.2209 0.6078
vn -0.7347 0.2205 0.6416
vn -0.7053 0.2204 0.6737
vn -0.9630 0.2682 0.0252
vn -0.9597 0.2707 0.0758
vn -0.9537 0.2726 0.1268
vn -0.9452 0.2738 0.1777
vn -0.9343 0.2744 0.2277
vn -0.9210 0.2745 0.2765
vn -0.9056 0.2742 0.3237
vn -0.8882 0.2734 0.3691
vn -0.8692 0.2724 0.4127
vn -0.8485 0.2712 0.4544
vn -0.8264 0.2699 0.4941
vn -0.8030 0.2686 0.5321
vn -0.7783 0.2675 0.5681
vn -0.7523 0.2665 0.6025
vn -0.7252 0.2658 0.6352
vn -0.6968 0.2655 0.6663
vn -0.9486 0.3154 0.0252
vn -0.9450 0.3183 0.0758
vn -0.9388 0.3204 0.1269
vn -0.9300 0.3217 0.1777
vn -0.9189 0.3222 0.2276
vn -0.9055 0.3221 0.2762
vn -0.8902 0.3213 0.3230
vn -0.8730 0.3201 0.3680
vn -0.8542 0.3185 0.4109
vn -0.8340 0.3167 0.4519
vn -0.8124 0.3148 0.4908
vn -0.7896 0.3130 0.5278
vn -0.7657 0.3113 0.5628
vn -0.7407 0.3099 0.5962
vn -0.7145 0.3089 0.6278
vn -0.6871 0.3084 0.6579
vn -0.9319 0.3618 0.0252
vn -0.9280 0.3648 0.0758
vn -0.9216 0.3669 0.1268
vn -0.9127 0.3682 0.1774
vn -0.9015 0.3685 0.2271
vn -0.8881 0.3679 0.2754
vn -0.8729 0.3667 0.3218
vn -0.8560 0.3649 0.3662
vn -0.8376 0.3627 0.4085
vn -0.8180 0.3601 0.4486
vn -0.7971 0.3575 0.4867
vn -0.7751 0.3550 0.5227
vn -0.7521 0.3527 0.5567
vn -0.7281 0.3508 0.5890
vn -0.7029 0.3494 0.6196
vn -0.6766 0.3487 0.6486
vn -0.9130 0.4072 0.0251
vn -0.9088 0.4102 0.0757
vn -0.9023 0.4122 0.1266
vn -0.8933 0.4131 0.1770
vn -0.8821 0.4130 0.2264
vn -0.8689 0.4120 0.2742
vn -0.8540 0.4101 0.3201
vn -0.8375 0.4076 0.3639
vn -0.8197 0.4046 0.4054
vn -0.8007 0.4012 0.4448
vn -0.7807 0.3978 0.4819
vn -0.7597 0.3945 0.5169
vn -0.7377 0.3916 0.5500
vn -0.7147 0.3891 0.5812
vn -0.6906 0.3873 0.6107
vn -0.6654 0.3864 0.6386
vn -0.8919 0.4515 0.0251
vn -0.8876 0.4543 0.0756
vn -0.8810 0.4560 0.1263
vn -0.8720 0.4565 0.1765
vn -0.8610 0.4558 0.2255
vn -0.8481 0.4541 0.2728
vn -0.8336 0.4515 0.3182
vn -0.8177 0.4481 0.3613
vn -0.8006 0.4442 0.4021
vn -0.7825 0.4400 0.4405
vn -0.7635 0.4357 0.4767
vn -0.7435 0.4316 0.5108
vn -0.7226 0.4279 0.5429
vn -0.7008 0.4248 0.5731
vn -0.6779 0.4226 0.6015
vn -0.6539 0.4214 0.6283
vn -0.8687 0.4946 0.0251
vn -0.8644 0.4971 0.0755
vn -0.8578 0.4983 0.1261
vn -0.8490 0.4982 0.1759
vn -0.8383 0.4968 0.2245
vn -0.8259 0.4943 0.2713
vn -0.8119 0.4908 0.3161
vn -0.7967 0.4865 0.3585
vn -0.7805 0.4816 0.3986
vn -0.7634 0.4765 0.4362
vn -0.7454 0.4712 0.4715
vn -0.7266 0.4662 0.5046
vn -0.7070 0.4617 0.5357
vn -0.6865 0.4580 0.5648
vn -0.6649 0.4552 0.5922
vn -0.6422 0.4537 0.6179
vn -0.8435 0.5365 0.0250
vn -0.8393 0.5384 0.0754
vn -0.8329 0.5390 0.1257
vn -0.8245 0.5381 0.1753
vn -0.8142 0.5359 0.2235
vn -0.8023 0.5324 0.2698
vn -0.7891 0.5280 0.3140
vn -0.7747 0.5228 0.3558
vn -0.7594 0.5169 0.3952
vn -0.7433 0.5107 0.4320
vn -0.7265 0.5045 0.4665
vn -0.7091 0.4985 0.4987
vn -0.6909 0.4931 0.5287
vn -0.6718 0.4885 0.5568
vn -0.6517 0.4851 0.5830
vn -0.6304 0.4833 0.6075
vn -0.8164 0.5770 0.0250
vn -0.8124 0.5783 0.0753
vn -0.8063 0.5781 0.1254
vn -0.7984 0.5763 0.1747
vn -0.7887 0.5731 0.2225
vn -0.7775 0.5687 0.2684
vn -0.7651 0.5633 0.3121
vn -0.7516 0.5570 0.3534
vn -0.7373 0.5501 0.3921
vn -0.7224 0.5429 0.4282
vn -0.7069 0.5357 0.4619
vn -0.6908 0.5287 0.4932
vn -0.6742 0.5222 0.5223
vn -0.6568 0.5167 0.5492
vn -0.6384 0.5125 0.5742
vn -0.6187 0.5102 0.5974
vn -0.7873 0.6161 0.0249
vn -0.7837 0.6166 0.0751
vn -0.7782 0.6155 0.1251
vn -0.7709 0.6128 0.1741
vn -0.7619 0.6086 0.2216
vn -0.7515 0.6032 0.2672
vn -0.7400 0.5967 0.3105
vn -0.7275 0.5893 0.3513
vn -0.7143 0.5814 0.3895
vn -0.7006 0.5732 0.4251
vn -0.6863 0.5649 0.4581
vn -0.6717 0.5568 0.4886
vn -0.6568 0.5492 0.5167
vn -0.6413 0.5425 0.5425
vn -0.6251 0.5373 0.5662
vn -0.6075 0.5342 0.5878
vn -0.7564 0.6536 0.0248
vn -0.7534 0.6533 0.0750
vn -0.7485 0.6513 0.1248
vn -0.7420 0.6476 0.1736
vn -0.7338 0.6424 0.2209
vn -0.7244 0.6359 0.2663
vn -0.7138 0.6283 0.3092
vn -0.7024 0.6200 0.3497
vn -0.6903 0.6110 0.3876
vn -0.6777 0.6017 0.4228
vn -0.6648 0.5923 0.4553
vn -0.6516 0.5830 0.4852
vn -0.6384 0.5742 0.5125
vn -0.6251 0.5662 0.5373
vn -0.6116 0.5594 0.5594
vn -0.5968 0.5551 0.5794
vn -0.7238 0.6896 0.0248
vn -0.7214 0.6884 0.0749
vn -0.7174 0.6855 0.1246
vn -0.7117 0.6808 0.1733
vn -0.7045 0.6746 0.2205
vn -0.6960 0.6671 0.2657
vn -0.6865 0.6584 0.3085
vn -0.6761 0.6490 0.3488
vn -0.6651 0.6389 0.3865
vn -0.6537 0.6285 0.4215
vn -0.6420 0.6180 0.4538
vn -0.6303 0.6075 0.4833
vn -0.6187 0.5974 0.5102
vn -0.6075 0.5878 0.5342
vn -0.5968 0.5794 0.5551
vn -0.5875 0.5722 0.5722
vn -0.0247 0.0247 0.9994
vn -0.0248 0.0740 0.9970
vn -0.0248 0.1232 0.9921
vn -0.0249 0.1721 0.9848
vn -0.0249 0.2206 0.9750
vn -0.0249 0.2685 0.9630
vn -0.0249 0.3156 0.9486
vn -0.0249 0.3619 0.9319
vn -0.0249 0.4072 0.9130
vn -0.0249 0.4515 0.8919
vn -0.0249 0.4945 0.8688
vn -0.0249 0.5364 0.8436
vn -0.0248 0.5768 0.8165
vn -0.0248 0.6159 0.7874
vn -0.0248 0.6534 0.7566
vn -0.0248 0.6894 0.7239
vn -0.0738 0.0249 0.9970
vn -0.0742 0.0746 0.9944
vn -0.0744 0.1245 0.9894
vn -0.0746 0.1741 0.9819
vn -0.0747 0.2231 0.9719
vn -0.0748 0.2714 0.9595
vn -0.0749 0.3188 0.9448
vn -0.0750 0.3652 0.9279
vn -0.0750 0.4103 0.9088
vn -0.0750 0.4543 0.8877
vn -0.0750 0.4969 0.8646
vn -0.0750 0.5381 0.8395
vn -0.0749 0.5779 0.8127
vn -0.0749 0.6161 0.7841
vn -0.0749 0.6528 0.7538
vn -0.0748 0.6879 0.7219
vn -0.1229 0.0251 0.9921
vn -0.1238 0.0751 0.9895
vn -0.1244 0.1255 0.9843
vn -0.1248 0.1756 0.9765
vn -0.1251 0.2251 0.9663
vn -0.1253 0.2737 0.9536
vn -0.1254 0.3213 0.9387
vn -0.1254 0.3675 0.9215
vn -0.1254 0.4125 0.9023
vn -0.1253 0.4560 0.8811
vn -0.1251 0.4980 0.8581
vn -0.1249 0.5385 0.8333
vn -0.1248 0.5774 0.8069
vn -0.1246 0.6148 0.7788
vn -0.1245 0.6505 0.7492
vn -0.1245 0.6847 0.7181
vn -0.1718 0.0252 0.9848
vn -0.1732 0.0754 0.9820
vn -0.1743 0.1261 0.9766
vn -0.1750 0.1767 0.9686
vn -0.1755 0.2265 0.9581
vn -0.1757 0.2753 0.9451
vn -0.1758 0.3229 0.9300
vn -0.1756 0.3690 0.9127
vn -0.1754 0.4135 0.8934
vn -0.1750 0.4565 0.8723
vn -0.1746 0.4979 0.8495
vn -0.1742 0.5375 0.8250
vn -0.1738 0.5756 0.7991
vn -0.1735 0.6120 0.7716
vn -0.1733 0.6467 0.7428
vn -0.1732 0.6800 0.7125
vn -0.2203 0.0252 0.9751
vn -0.2223 0.0757 0.9720
vn -0.2238 0.1266 0.9664
vn -0.2248 0.1773 0.9581
vn -0.2254 0.2274 0.9474
vn -0.2256 0.2762 0.9342
vn -0.2255 0.3237 0.9189
vn -0.2251 0.3695 0.9016
vn -0.2246 0.4136 0.8823
vn -0.2238 0.4560 0.8614
vn -0.2231 0.4965 0.8389
vn -0.2223 0.5354 0.8148
vn -0.2215 0.5724 0.7895
vn -0.2209 0.6078 0.7627
vn -0.2205 0.6416 0.7347
vn -0.2204 0.6737 0.7053
vn -0.2682 0.0252 0.9630
vn -0.2707 0.0758 0.9597
vn -0.2726 0.1268 0.9537
vn -0.2738 0.1777 0.9452
vn -0.2744 0.2277 0.9343
vn -0.2745 0.2765 0.9210
vn -0.2742 0.3237 0.9056
vn -0.2734 0.3691 0.8882
vn -0.2724 0.4127 0.8692
vn -0.2712 0.4544 0.8485
vn -0.2699 0.4941 0.8264
vn -0.2686 0.5321 0.8030
vn -0.2675 0.5681 0.7783
vn -0.2665 0.6025 0.7523
vn -0.2658 0.6352 0.7252
vn -0.2655 0.6663 0.6968
vn -0.3154 0.0252 0.9486
vn -0.3183 0.0758 0.9450
vn -0.3204 0.1269 0.9388
vn -0.3217 0.1777 0.9300
vn -0.3222 0.2276 0.9189
vn -0.3221 0.2762 0.9055
vn -0.3213 0.3230 0.8902
vn -0.3201 0.3680 0.8730
vn -0.3185 0.4109 0.8542
vn -0.3167 0.4519 0.8340
vn -0.3148 0.4908 0.8124
vn -0.3130 0.5278 0.7896
vn -0.3113 0.5628 0.7657
vn -0.3099 0.5962 0.7407
vn -0.3089 0.6278 0.7145
vn -0.3084 0.6579 0.6871
vn -0.3618 0.0252 0.9319
vn -0.3648 0.0758 0.9280
vn -0.3669 0.1268 0.9216
vn -0.3682 0.1774 0.9127
vn -0.3685 0.2271 0.9015
vn -0.3679 0.2754 0.8881
vn -0.3667 0.3218 0.8729
vn -0.3649 0.3662 0.8560
vn -0.3627 0.4085 0.8376
vn -0.3601 0.4486 0.8180
vn -0.3575 0.4867 0.7971
vn -0.3550 0.5227 0.7751
vn -0.3527 0.5567 0.7521
vn -0.3508 0.5890 0.7281
vn -0.3494 0.6196 0.7029
vn -0.3487 0.6486 0.6766
vn -0.4072 0.0251 0.9130
vn -0.4102 0.0757 0.9088
vn -0.4122 0.1266 0.9023
vn -0.4131 0.1770 0.8933
vn -0.4130 0.2264 0.8821
vn -0.4120 0.2742 0.8689
vn -0.4101 0.3201 0.8540
vn -0.4076 0.3639 0.8375
vn -0.4046 0.4054 0.8197
vn -0.4012 0.4448 0.8007
vn -0.3978 0.4819 0.7807
vn -0.3945 0.5169 0.7597
vn -0.3916 0.5500 0.7377
vn -0.3891 0.5812 0.7147
vn -0.3873 0.6107 0.6906
vn -0.3864 0.6386 0.6654
vn -0.4515 0.0251 0.8919
vn -0.4543 0.0756 0.8876
vn -0.4560 0.1263 0.8810
vn -0.4565 0.1765 0.8720
vn -0.4558 0.2255 0.8610
vn -0.4541 0.2728 0.8481
vn -0.4515 0.3182 0.8336
vn -0.4481 0.3613 0.8177
vn -0.4442 0.4021 0.8006
vn -0.4400 0.4405 0.7825
vn -0.4357 0.4767 0.7635
vn -0.4316 0.5108 0.7435
vn -0.4279 0.5429 0.7226
vn -0.4248 0.5731 0.7008
vn -0.4226 0.6015 0.6779
vn -0.4214 0.6283 0.6539
vn -0.4946 0.0251 0.8687
vn -0.4971 0.0755 0.8644
vn -0.4983 0.1261 0.8578
vn -0.4982 0.1759 0.8490
vn -0.4968 0.2245 0.8383
vn -0.4943 0.2713 0.8259
vn -0.4908 0.3161 0.8119
vn -0.4865 0.3585 0.7967
vn -0.4816 0.3986 0.7805
vn -0.4765 0.4362 0.7634
vn -0.4712 0.4715 0.7454
vn -0.4662 0.5046 0.7266
vn -0.4617 0.5357 0.7070
vn -0.4580 0.5648 0.6865
vn -0.4552 0.5922 0.6649
vn -0.4537 0.6179 0.6422
vn -0.5365 0.0250 0.8435
vn -0.5384 0.0754 0.8393
vn -0.5390 0.1257 0.8329
vn -0.5381 0.1753 0.8245
vn -0.5359 0.2235 0.8142
vn -0.5324 0.2698 0.8023
vn -0.5280 0.3140 0.7891
vn -0.5228 0.3558 0.7747
vn -0.5169 0.3952 0.7594
vn -0.5107 0.4320 0.7433
vn -0.5045 0.4665 0.7265
vn -0.4985 0.4987 0.7091
vn -0.4931 0.5287 0.6909
vn -0.4885 0.5568 0.6718
vn -0.4851 0.5830 0.6517
vn -0.4833 0.6075 0.6304
vn -0.5770 0.0250 0.8164
vn -0.5783 0.0753 0.8124
vn -0.5781 0.1254 0.8063
vn -0.5763 0.1747 0.7984
vn -0.5731 0.2225 0.7887
vn -0.5687 0.2684 0.7775
vn -0.5633 0.3121 0.7651
vn -0.5570 0.3534 0.7516
vn -0.5501 0.3921 0.7373
vn -0.5429 0.4282 0.7224
vn -0.5357 0.4619 0.7069
vn -0.5287 0.4932 0.6908
vn -0.5222 0.5223 0.6742
vn -0.5167 0.5492 0.6568
vn -0.5125 0.5742 0.6384
vn -0.5102 0.5974 0.6187
vn -0.6161 0.0249 0.7873
vn -0.6166 0.0751 0.7837
vn -0.6155 0.1251 0.7782
vn -0.6128 0.1741 0.7709
vn -0.6086 0.2216 0.7619
vn -0.6032 0.2672 0.7515
vn -0.5967 0.3105 0.7400
vn -0.5893 0.3513 0.7275
vn -0.5814 0.3895 0.7143
vn -0.5732 0.4251 0.7006
vn -0.5649 0.4581 0.6863
vn -0.5568 0.4886 0.6717
vn -0.5492 0.5167 0.6568
vn -0.5425 0.5425 0.6413
vn -0.5373 0.5662 0.6251
vn -0.5342 0.5878 0.6075
vn -0.6536 0.0248 0.7564
vn -0.6533 0.0750 0.7534
vn -0.6513 0.1248 0.7485
vn -0.6476 0.1736 0.7420
vn -0.6424 0.2209 0.7338
vn -0.6359 0.2663 0.7244
vn -0.6283 0.3092 0.7138
vn -0.6199 0.3497 0.7024
vn -0.6110 0.3876 0.6903
vn -0.6017 0.4228 0.6777
vn -0.5923 0.4553 0.6648
vn -0.5830 0.4852 0.6517
vn -0.5742 0.5125 0.6384
vn -0.5662 0.5373 0.6251
vn -0.5594 0.5594 0.6116
vn -0.5551 0.5794 0.5968
vn -0.6896 0.0248 0.7238
vn -0.6884 0.0749 0.7214
vn -0.6855 0.1246 0.7174
vn -0.6808 0.1733 0.7117
vn -0.6746 0.2205 0.7045
vn -0.6671 0.2657 0.6960
vn -0.6584 0.3085 0.6865
vn -0.6490 0.3488 0.6761
vn -0.6389 0.3865 0.6651
vn -0.6285 0.4215 0.6537
vn -0.6180 0.4538 0.6420
vn -0.6075 0.4833 0.6303
vn -0.5974 0.5102 0.6187
vn -0.5878 0.5342 0.6075
vn -0.5794 0.5551 0.5968
vn -0.5722 0.5722 0.5875
vn -0.0247 0.9994 0.0247
vn -0.0740 0.9970 0.0248
vn -0.1232 0.9921 0.0248
vn -0.1721 0.9848 0.0249
vn -0.2206 0.9750 0.0249
vn -0.2685 0.9630 0.0249
vn -0.3156 0.9486 0.0249
vn -0.3619 0.9319 0.0249
vn -0.4072 0.9130 0.0249
vn -0.4515 0.8919 0.0249
vn -0.4945 0.8688 0.0249
vn -0.5364 0.8436 0.0249
vn -0.5768 0.8165 0.0248
vn -0.6159 0.7874 0.0248
vn -0.6534 0.7566 0.0248
vn -0.6894 0.7239 0.0248
vn -0.0249 0.9970 0.0738
vn -0.0746 0.9944 0.0742
vn -0.1245 0.9894 0.0744
vn -0.1741 0.9819 0.0746
vn -0.2231 0.9719 0.0747
vn -0.2714 0.9595 0.0748
vn -0.3188 0.9448 0.0749
vn -0.3652 0.9279 0.0750
vn -0.4103 0.9088 0.0750
vn -0.4543 0.8877 0.0750
vn -0.4969 0.8646 0.0750
vn -0.5381 0.8395 0.0750
vn -0.5779 0.8127 0.0749
vn -0.6161 0.7841 0.0749
vn -0.6528 0.7538 0.0749
vn -0.6879 0.7219 0.0748
vn -0.0251 0.9921 0.1229
vn -0.0751 0.9895 0.1238
vn -0.1255 0.9843 0.1244
vn -0.1756 0.9765 0.1248
vn -0.2251 0.9663 0.1251
vn -0.2737 0.9536 0.1253
vn -0.3213 0.9387 0.1254
vn -0.3675 0.9215 0.1254
vn -0.4125 0.9023 0.1254
vn -0.4560 0.8811 0.1253
vn -0.4980 0.8581 0.1251
vn -0.5385 0.8333 0.1249
vn -0.5774 0.8069 0.1248
vn -0.6148 0.7788 0.1246
vn -0.6505 0.7492 0.1245
vn -0.6847 0.7181 0.1245
vn -0.0252 0.9848 0.1718
vn -0.0754 0.9820 0.1732
vn -0.1261 0.9766 0.1743
vn -0.1767 0.9686 0.1750
vn -0.2265 0.9581 0.1755
vn -0.2753 0.9451 0.1757
vn -0.3229 0.9300 0.1758
vn -0.3690 0.9127 0.1756
vn -0.4135 0.8934 0.1754
vn -0.4565 0.8723 0.1750
vn -0.4979 0.8495 0.1746
vn -0.5375 0.8250 0.1742
vn -0.5756 0.7991 0.1738
vn -0.6120 0.7716 0.1735
vn -0.6467 0.7428 0.1733
vn -0.6800 0.7125 0.1732
vn -0.0252 0.9751 0.2203
vn -0.0757 0.9720 0.2223
vn -0.1266 0.9664 0.2238
vn -0.1773 0.9581 0.2248
vn -0.2274 0.9474 0.2254
vn -0.2762 0.9342 0.2256
vn -0.3237 0.9189 0.2255
vn -0.3695 0.9016 0.2251
vn -0.4136 0.8823 0.2246
vn -0.4560 0.8614 0.2238
vn -0.4965 0.8389 0.2231
vn -0.5354 0.8148 0.2223
vn -0.5724 0.7895 0.2215
vn -0.6078 0.7627 0.2209
vn -0.6416 0.7347 0.2205
vn -0.6737 0.7053 0.2204
vn -0.0252 0.9630 0.2682
vn -0.0758 0.9597 0.2707
vn -0.1268 0.9537 0.2726
vn -0.1777 0.9452 0.2738
vn -0.2277 0.9343 0.2744
vn -0.2765 0.9210 0.2745
vn -0.3237 0.9056 0.2742
vn -0.3691 0.8882 0.2734
vn -0.4127 0.8692 0.2724
vn -0.4544 0.8485 0.2712
vn -0.4941 0.8264 0.2699
vn -0.5321 0.8030 0.2686
vn -0.5681 0.7783 0.2675
vn -0.6025 0.7523 0.2665
vn -0.6352 0.7252 0.2658
vn -0.6663 0.6968 0.2655
vn -0.0252 0.9486 0.3154
vn -0.0758 0.9450 0.3183
vn -0.1269 0.9388 0.3204
vn -0.1777 0.9300 0.3217
vn -0.2276 0.9189 0.3222
vn -0.2762 0.9055 0.3221
vn -0.3230 0.8902 0.3213
vn -0.3680 0.8730 0.3201
vn -0.4109 0.8542 0.3185
vn -0.4519 0.8340 0.3167
vn -0.4908 0.8124 0.3148
vn -0.5278 0.7896 0.3130
vn -0.5628 0.7657 0.3113
vn -0.5962 0.7407 0.3099
vn -0.6278 0.7145 0.3089
vn -0.6579 0.6871 0.3084
vn -0.0252 0.9319 0.3618
vn -0.0758 0.9280 0.3648
vn -0.1268 0.9216 0.3669
vn -0.1774 0.9127 0.3682
vn -0.2271 0.9015 0.3685
vn -0.2754 0.8881 0.3679
vn -0.3218 0.8729 0.3667
vn -0.3662 0.8560 0.3649
vn -0.4085 0.8376 0.3627
vn -0.4486 0.8180 0.3601
vn -0.4867 0.7971 0.3575
vn -0.5227 0.7751 0.3550
vn -0.5567 0.7521 0.3527
vn -0.5890 0.7281 0.3508
vn -0.6196 0.7029 0.3494
vn -0.6486 0.6766 0.3487
vn -0.0251 0.9130 0.4072
vn -0.0757 0.9088 0.4102
vn -0.1266 0.9023 0.4122
vn -0.1770 0.8933 0.4131
vn -0.2264 0.8821 0.4130
vn -0.2742 0.8689 0.4120
vn -0.3201 0.8540 0.4101
vn -0.3639 0.8375 0.4076
vn -0.4054 0.8197 0.4046
vn -0.4448 0.8007 0.4012
vn -0.4819 0.7807 0.3978
vn -0.5169 0.7597 0.3945
vn -0.5500 0.7377 0.3916
vn -0.5812 0.7147 0.3891
vn -0.6107 0.6906 0.3873
vn -0.6386 0.6654 0.3864
vn -0.0251 0.8919 0.4515
vn -0.0756 0.8876 0.4543
vn -0.1263 0.8810 0.4560
vn -0.1765 0.8720 0.4565
vn -0.2255 0.8610 0.4558
vn -0.2728 0.8481 0.4541
vn -0.3182 0.8336 0.4515
vn -0.3613 0.8177 0.4481
vn -0.4021 0.8006 0.4442
vn -0.4405 0.7825 0.4400
vn -0.4767 0.7635 0.4357
vn -0.5108 0.7435 0.4316
vn -0.5429 0.7226 0.4279
vn -0.5731 0.7008 0.4248
vn -0.6015 0.6779 0.4226
vn -0.6283 0.6539 0.4214
vn -0.0251 0.8687 0.4946
vn -0.0755 0.8644 0.4971
vn -0.1261 0.8578 0.4983
vn -0.1759 0.8490 0.4982
vn -0.2245 0.8383 0.4968
vn -0.2713 0.8259 0.4943
vn -0.3161 0.8119 0.4908
vn -0.3585 0.7967 0.4865
vn -0.3986 0.7805 0.4816
vn -0.4362 0.7634 0.4765
vn -0.4715 0.7454 0.4712
vn -0.5046 0.7266 0.4662
vn -0.5357 0.7070 0.4617
vn -0.5648 0.6865 0.4580
vn -0.5922 0.6649 0.4552
vn -0.6179 0.6422 0.4537
vn -0.0250 0.8435 0.5365
vn -0.0754 0.8393 0.5384
vn -0.1257 0.8329 0.5390
vn -0.1753 0.8245 0.5381
vn -0.2235 0.8142 0.5359
vn -0.2698 0.8023 0.5324
vn -0.3140 0.7891 0.5280
vn -0.3558 0.7747 0.5228
vn -0.3952 0.7594 0.5169
vn -0.4320 0.7433 0.5107
vn -0.4665 0.7265 0.5045
vn -0.4987 0.7091 0.4985
vn -0.5287 0.6909 0.4931
vn -0.5568 0.6718 0.4885
vn -0.5830 0.6517 0.4851
vn -0.6075 0.6304 0.4833
vn -0.0250 0.8164 0.5770
vn -0.0753 0.8124 0.5783
vn -0.1254 0.8063 0.5781
vn -0.1747 0.7984 0.5763
vn -0.2225 0.7887 0.5731
vn -0.2684 0.7775 0.5687
vn -0.3121 0.7651 0.5633
vn -0.3534 0.7516 0.5570
vn -0.3921 0.7373 0.5501
vn -0.4282 0.7224 0.5429
vn -0.4619 0.7069 0.5357
vn -0.4932 0.6908 0.5287
vn -0.5223 0.6742 0.5222
vn -0.5492 0.6568 0.5167
vn -0.5742 0.6384 0.5125
vn -0.5974 0.6187 0.5102
vn -0.0249 0.7873 0.6161
vn -0.0751 0.7837 0.6166
vn -0.1251 0.7782 0.6155
vn -0.1741 0.7709 0.6128
vn -0.2216 0.7619 0.6086
vn -0.2672 0.7515 0.6032
vn -0.3105 0.7400 0.5967
vn -0.3513 0.7275 0.5893
vn -0.3895 0.7143 0.5814
vn -0.4251 0.7006 0.5732
vn -0.4581 0.6863 0.5649
vn -0.4886 0.6717 0.5568
vn -0.5167 0.6568 0.5492
vn -0.5425 0.6413 0.5425
vn -0.5662 0.6251 0.5373
vn -0.5878 0.6075 0.5342
vn -0.0248 0.7564 0.6536
vn -0.0750 0.7534 0.6533
vn -0.1248 0.7485 0.6513
vn -0.1736 0.7420 0.6476
vn -0.2209 0.7338 0.6424
vn -0.2663 0.7244 0.6359
vn -0.3092 0.7138 0.6283
vn -0.3497 0.7024 0.6199
vn -0.3876 0.6903 0.6110
vn -0.4228 0.6777 0.6017
vn -0.4553 0.6648 0.5923
vn -0.4852 0.6516 0.5830
vn -0.5125 0.6384 0.5742
vn -0.5373 0.6251 0.5662
vn -0.5594 0.6116 0.5594
vn -0.5794 0.5968 0.5551
vn -0.0248 0.7238 0.6896
vn -0.0749 0.7214 0.6884
vn -0.1246 0.7174 0.6855
vn -0.1733 0.7117 0.6808
vn -0.2205 0.7045 0.6746
vn -0.2657 0.6960 0.6671
vn -0.3085 0.6865 0.6584
vn -0.3488 0.6761 0.6490
vn -0.3865 0.6651 0.6389
vn -0.4215 0.6537 0.6285
vn -0.4538 0.6420 0.6180
vn -0.4833 0.6303 0.6075
vn -0.5102 0.6187 0.5974
vn -0.5342 0.6075 0.5878
vn -0.5551 0.5968 0.5794
vn -0.5722 0.5875 0.5722
vn -0.0247 -0.9994 0.0247
vn -0.0248 -0.9970 0.0740
vn -0.0248 -0.9921 0.1232
vn -0.0249 -0.9848 0.1721
vn -0.0249 -0.9750 0.2206
vn -0.0249 -0.9630 0.2685
vn -0.0249 -0.9486 0.3156
vn -0.0249 -0.9319 0.3619
vn -0.0249 -0.9130 0.4072
vn -0.0249 -0.8919 0.4515
vn -0.0249 -0.8688 0.4945
vn -0.0249 -0.8436 0.5364
vn -0.0248 -0.8165 0.5769
vn -0.0248 -0.7874 0.6159
vn -0.0248 -0.7566 0.6535
vn -0.0248 -0.7239 0.6894
vn -0.0738 -0.9970 0.0249
vn -0.0742 -0.9944 0.0746
vn -0.0744 -0.9894 0.1245
vn -0.0746 -0.9819 0.1741
vn -0.0747 -0.9719 0.2231
vn -0.0748 -0.9595 0.2714
vn -0.0749 -0.9448 0.3188
vn -0.0750 -0.9279 0.3652
vn -0.0750 -0.9088 0.4103
vn -0.0750 -0.8877 0.4543
vn -0.0750 -0.8646 0.4969
vn -0.0750 -0.8395 0.5381
vn -0.0749 -0.8127 0.5779
vn -0.0749 -0.7841 0.6161
vn -0.0748 -0.7538 0.6528
vn -0.0748 -0.7219 0.6879
vn -0.1229 -0.9921 0.0251
vn -0.1238 -0.9895 0.0751
vn -0.1244 -0.9843 0.1255
vn -0.1248 -0.9765 0.1756
vn -0.1251 -0.9663 0.2251
vn -0.1253 -0.9536 0.2737
vn -0.1254 -0.9387 0.3213
vn -0.1254 -0.9215 0.3675
vn -0.1254 -0.9023 0.4125
vn -0.1253 -0.8811 0.4560
vn -0.1251 -0.8581 0.4980
vn -0.1249 -0.8333 0.5385
vn -0.1248 -0.8069 0.5774
vn -0.1246 -0.7788 0.6148
vn -0.1245 -0.7492 0.6505
vn -0.1245 -0.7181 0.6847
vn -0.1718 -0.9848 0.0251
vn -0.1732 -0.9820 0.0754
vn -0.1743 -0.9766 0.1261
vn -0.1750 -0.9686 0.1767
vn -0.1755 -0.9581 0.2265
vn -0.1757 -0.9451 0.2753
vn -0.1758 -0.9300 0.3229
vn -0.1757 -0.9127 0.3690
vn -0.1754 -0.8934 0.4135
vn -0.1751 -0.8723 0.4565
vn -0.1746 -0.8495 0.4979
vn -0.1742 -0.8250 0.5375
vn -0.1738 -0.7991 0.5756
vn -0.1735 -0.7716 0.6120
vn -0.1733 -0.7428 0.6467
vn -0.1732 -0.7125 0.6800
vn -0.2203 -0.9751 0.0252
vn -0.2223 -0.9720 0.0756
vn -0.2238 -0.9664 0.1266
vn -0.2248 -0.9581 0.1773
vn -0.2254 -0.9474 0.2274
vn -0.2256 -0.9342 0.2762
vn -0.2255 -0.9189 0.3237
vn -0.2251 -0.9015 0.3695
vn -0.2246 -0.8823 0.4136
vn -0.2239 -0.8614 0.4560
vn -0.2231 -0.8389 0.4965
vn -0.2223 -0.8148 0.5354
vn -0.2215 -0.7895 0.5724
vn -0.2210 -0.7627 0.6078
vn -0.2205 -0.7347 0.6416
vn -0.2204 -0.7053 0.6738
vn -0.2682 -0.9630 0.0252
vn -0.2707 -0.9597 0.0757
vn -0.2726 -0.9537 0.1268
vn -0.2738 -0.9452 0.1776
vn -0.2744 -0.9343 0.2277
vn -0.2745 -0.9210 0.2765
vn -0.2742 -0.9056 0.3237
vn -0.2734 -0.8883 0.3691
vn -0.2724 -0.8692 0.4127
vn -0.2712 -0.8485 0.4544
vn -0.2699 -0.8264 0.4942
vn -0.2686 -0.8030 0.5320
vn -0.2675 -0.7783 0.5681
vn -0.2665 -0.7523 0.6025
vn -0.2658 -0.7252 0.6352
vn -0.2655 -0.6968 0.6663
vn -0.3154 -0.9486 0.0252
vn -0.3183 -0.9450 0.0758
vn -0.3204 -0.9388 0.1269
vn -0.3217 -0.9300 0.1777
vn -0.3222 -0.9189 0.2276
vn -0.3221 -0.9055 0.2762
vn -0.3213 -0.8902 0.3230
vn -0.3201 -0.8730 0.3680
vn -0.3185 -0.8542 0.4109
vn -0.3167 -0.8340 0.4518
vn -0.3148 -0.8124 0.4908
vn -0.3130 -0.7896 0.5278
vn -0.3113 -0.7657 0.5628
vn -0.3099 -0.7407 0.5961
vn -0.3089 -0.7145 0.6278
vn -0.3084 -0.6871 0.6578
vn -0.3617 -0.9319 0.0252
vn -0.3648 -0.9280 0.0758
vn -0.3669 -0.9216 0.1268
vn -0.3681 -0.9127 0.1774
vn -0.3685 -0.9015 0.2271
vn -0.3679 -0.8881 0.2754
vn -0.3667 -0.8729 0.3218
vn -0.3649 -0.8560 0.3662
vn -0.3626 -0.8376 0.4085
vn -0.3601 -0.8180 0.4486
vn -0.3575 -0.7971 0.4867
vn -0.3550 -0.7751 0.5227
vn -0.3527 -0.7521 0.5567
vn -0.3508 -0.7280 0.5890
vn -0.3494 -0.7029 0.6196
vn -0.3487 -0.6766 0.6486
vn -0.4072 -0.9130 0.0251
vn -0.4102 -0.9088 0.0757
vn -0.4122 -0.9023 0.1266
vn -0.4131 -0.8933 0.1770
vn -0.4130 -0.8821 0.2264
vn -0.4120 -0.8689 0.2742
vn -0.4101 -0.8540 0.3201
vn -0.4076 -0.8375 0.3639
vn -0.4046 -0.8197 0.4054
vn -0.4012 -0.8007 0.4448
vn -0.3978 -0.7807 0.4819
vn -0.3945 -0.7597 0.5169
vn -0.3916 -0.7377 0.5500
vn -0.3891 -0.7147 0.5812
vn -0.3874 -0.6906 0.6107
vn -0.3864 -0.6654 0.6386
vn -0.4515 -0.8919 0.0251
vn -0.4543 -0.8876 0.0756
vn -0.4560 -0.8810 0.1263
vn -0.4565 -0.8720 0.1765
vn -0.4558 -0.8610 0.2255
vn -0.4541 -0.8481 0.2729
vn -0.4515 -0.8336 0.3182
vn -0.4481 -0.8177 0.3613
vn -0.4442 -0.8006 0.4021
vn -0.4400 -0.7825 0.4405
vn -0.4357 -0.7635 0.4767
vn -0.4316 -0.7435 0.5108
vn -0.4279 -0.7226 0.5429
vn -0.4248 -0.7008 0.5731
vn -0.4226 -0.6780 0.6015
vn -0.4214 -0.6539 0.6283
vn -0.4946 -0.8688 0.0251
vn -0.4971 -0.8644 0.0755
vn -0.4983 -0.8578 0.1261
vn -0.4982 -0.8491 0.1759
vn -0.4968 -0.8383 0.2245
vn -0.4943 -0.8259 0.2713
vn -0.4908 -0.8119 0.3161
vn -0.4865 -0.7967 0.3585
vn -0.4816 -0.7805 0.3986
vn -0.4765 -0.7634 0.4362
vn -0.4712 -0.7454 0.4715
vn -0.4662 -0.7266 0.5046
vn -0.4617 -0.7070 0.5357
vn -0.4580 -0.6865 0.5648
vn -0.4552 -0.6649 0.5922
vn -0.4537 -0.6422 0.6179
vn -0.5365 -0.8435 0.0250
vn -0.5385 -0.8393 0.0754
vn -0.5390 -0.8329 0.1257
vn -0.5381 -0.8245 0.1753
vn -0.5359 -0.8142 0.2235
vn -0.5324 -0.8023 0.2698
vn -0.5280 -0.7891 0.3140
vn -0.5227 -0.7747 0.3558
vn -0.5169 -0.7594 0.3952
vn -0.5107 -0.7433 0.4320
vn -0.5045 -0.7265 0.4665
vn -0.4986 -0.7091 0.4987
vn -0.4932 -0.6908 0.5287
vn -0.4885 -0.6718 0.5568
vn -0.4851 -0.6517 0.5830
vn -0.4833 -0.6304 0.6075
vn -0.5770 -0.8164 0.0249
vn -0.5783 -0.8124 0.0753
vn -0.5780 -0.8063 0.1254
vn -0.5763 -0.7984 0.1747
vn -0.5731 -0.7887 0.2225
vn -0.5687 -0.7775 0.2684
vn -0.5633 -0.7651 0.3121
vn -0.5570 -0.7516 0.3534
vn -0.5501 -0.7373 0.3921
vn -0.5429 -0.7224 0.4282
vn -0.5357 -0.7069 0.4619
vn -0.5287 -0.6908 0.4932
vn -0.5222 -0.6742 0.5223
vn -0.5167 -0.6568 0.5492
vn -0.5125 -0.6384 0.5742
vn -0.5102 -0.6188 0.5974
vn -0.6161 -0.7873 0.0249
vn -0.6166 -0.7837 0.0751
vn -0.6155 -0.7782 0.1251
vn -0.6128 -0.7708 0.1741
vn -0.6086 -0.7619 0.2216
vn -0.6032 -0.7515 0.2672
vn -0.5967 -0.7400 0.3105
vn -0.5893 -0.7275 0.3513
vn -0.5814 -0.7143 0.3895
vn -0.5732 -0.7006 0.4251
vn -0.5649 -0.6863 0.4581
vn -0.5568 -0.6717 0.4886
vn -0.5492 -0.6568 0.5167
vn -0.5425 -0.6413 0.5425
vn -0.5373 -0.6251 0.5662
vn -0.5342 -0.6075 0.5878
vn -0.6536 -0.7564 0.0248
vn -0.6533 -0.7534 0.0750
vn -0.6513 -0.7485 0.1248
vn -0.6476 -0.7420 0.1736
vn -0.6424 -0.7338 0.2209
vn -0.6359 -0.7244 0.2662
vn -0.6283 -0.7138 0.3092
vn -0.6200 -0.7024 0.3497
vn -0.6110 -0.6903 0.3876
vn -0.6017 -0.6777 0.4228
vn -0.5923 -0.6648 0.4553
vn -0.5831 -0.6516 0.4852
vn -0.5742 -0.6384 0.5125
vn -0.5662 -0.6251 0.5373
vn -0.5594 -0.6116 0.5594
vn -0.5551 -0.5968 0.5793
vn -0.6896 -0.7238 0.0248
vn -0.6884 -0.7214 0.0749
vn -0.6855 -0.7174 0.1246
vn -0.6808 -0.7117 0.1733
vn -0.6746 -0.7045 0.2205
vn -0.6671 -0.6960 0.2657
vn -0.6584 -0.6865 0.3085
vn -0.6490 -0.6761 0.3488
vn -0.6389 -0.6651 0.3865
vn -0.6285 -0.6537 0.4215
vn -0.6180 -0.6420 0.4537
vn -0.6075 -0.6303 0.4833
vn -0.5974 -0.6187 0.5102
vn -0.5878 -0.6075 0.5342
vn -0.5794 -0.5968 0.5551
vn -0.5722 -0.5875 0.5722
vn -0.0247 -0.0247 0.9994
vn -0.0740 -0.0248 0.9970
vn -0.1232 -0.0248 0.9921
vn -0.1721 -0.0249 0.9848
vn -0.2206 -0.0249 0.9750
vn -0.2685 -0.0249 0.9630
vn -0.3156 -0.0249 0.9486
vn -0.3619 -0.0249 0.9319
vn -0.4072 -0.0249 0.9130
vn -0.4515 -0.0249 0.8919
vn -0.4945 -0.0249 0.8688
vn -0.5364 -0.0249 0.8436
vn -0.5769 -0.0248 0.8165
vn -0.6159 -0.0248 0.7874
vn -0.6535 -0.0248 0.7566
vn -0.6894 -0.0248 0.7239
vn -0.0249 -0.0738 0.9970
vn -0.0746 -0.0742 0.9944
vn -0.1245 -0.0744 0.9894
vn -0.1741 -0.0746 0.9819
vn -0.2231 -0.0747 0.9719
vn -0.2714 -0.0748 0.9595
vn -0.3188 -0.0749 0.9448
vn -0.3652 -0.0750 0.9279
vn -0.4103 -0.0750 0.9088
vn -0.4543 -0.0750 0.8877
vn -0.4969 -0.0750 0.8646
vn -0.5381 -0.0750 0.8395
vn -0.5779 -0.0749 0.8127
vn -0.6161 -0.0749 0.7841
vn -0.6528 -0.0748 0.7538
vn -0.6879 -0.0749 0.7219
vn -0.0251 -0.1229 0.9921
vn -0.0751 -0.1238 0.9895
vn -0.1255 -0.1244 0.9843
vn -0.1756 -0.1248 0.9765
vn -0.2251 -0.1251 0.9663
vn -0.2737 -0.1253 0.9536
vn -0.3213 -0.1254 0.9387
vn -0.3675 -0.1254 0.9215
vn -0.4125 -0.1254 0.9023
vn -0.4560 -0.1253 0.8811
vn -0.4980 -0.1251 0.8581
vn -0.5385 -0.1249 0.8333
vn -0.5774 -0.1248 0.8069
vn -0.6148 -0.1246 0.7788
vn -0.6505 -0.1245 0.7492
vn -0.6847 -0.1245 0.7181
vn -0.0251 -0.1718 0.9848
vn -0.0754 -0.1732 0.9820
vn -0.1261 -0.1743 0.9766
vn -0.1767 -0.1750 0.9686
vn -0.2265 -0.1755 0.9581
vn -0.2753 -0.1757 0.9451
vn -0.3229 -0.1758 0.9300
vn -0.3690 -0.1757 0.9127
vn -0.4135 -0.1754 0.8934
vn -0.4565 -0.1751 0.8723
vn -0.4979 -0.1746 0.8495
vn -0.5375 -0.1742 0.8250
vn -0.5756 -0.1738 0.7991
vn -0.6120 -0.1735 0.7716
vn -0.6467 -0.1733 0.7428
vn -0.6800 -0.1732 0.7125
vn -0.0252 -0.2203 0.9751
vn -0.0756 -0.2223 0.9720
vn -0.1266 -0.2238 0.9664
vn -0.1773 -0.2248 0.9581
vn -0.2274 -0.2254 0.9474
vn -0.2762 -0.2256 0.9342
vn -0.3237 -0.2255 0.9189
vn -0.3695 -0.2251 0.9015
vn -0.4136 -0.2246 0.8823
vn -0.4560 -0.2239 0.8614
vn -0.4965 -0.2231 0.8389
vn -0.5354 -0.2223 0.8148
vn -0.5724 -0.2215 0.7895
vn -0.6078 -0.2209 0.7627
vn -0.6416 -0.2205 0.7347
vn -0.6738 -0.2204 0.7053
vn -0.0252 -0.2682 0.9630
vn -0.0757 -0.2707 0.9597
vn -0.1268 -0.2726 0.9537
vn -0.1777 -0.2738 0.9452
vn -0.2277 -0.2744 0.9343
vn -0.2765 -0.2745 0.9210
vn -0.3237 -0.2742 0.9056
vn -0.3691 -0.2734 0.8883
vn -0.4127 -0.2724 0.8692
vn -0.4544 -0.2712 0.8485
vn -0.4941 -0.2699 0.8264
vn -0.5320 -0.2686 0.8030
vn -0.5681 -0.2675 0.7783
vn -0.6025 -0.2665 0.7523
vn -0.6352 -0.2658 0.7252
vn -0.6663 -0.2655 0.6968
vn -0.0252 -0.3154 0.9486
vn -0.0758 -0.3183 0.9450
vn -0.1269 -0.3204 0.9388
vn -0.1777 -0.3217 0.9300
vn -0.2276 -0.3222 0.9189
vn -0.2762 -0.3221 0.9055
vn -0.3230 -0.3213 0.8902
vn -0.3680 -0.3201 0.8730
vn -0.4109 -0.3185 0.8542
vn -0.4519 -0.3167 0.8340
vn -0.4908 -0.3148 0.8124
vn -0.5278 -0.3130 0.7896
vn -0.5628 -0.3113 0.7657
vn -0.5961 -0.3099 0.7407
vn -0.6278 -0.3089 0.7145
vn -0.6578 -0.3084 0.6871
vn -0.0252 -0.3617 0.9319
vn -0.0758 -0.3648 0.9280
vn -0.1268 -0.3669 0.9216
vn -0.1774 -0.3681 0.9127
vn -0.2271 -0.3685 0.9015
vn -0.2754 -0.3679 0.8881
vn -0.3218 -0.3667 0.8729
vn -0.3662 -0.3649 0.8560
vn -0.4085 -0.3626 0.8376
vn -0.4486 -0.3601 0.8180
vn -0.4867 -0.3575 0.7971
vn -0.5227 -0.3550 0.7751
vn -0.5567 -0.3527 0.7521
vn -0.5890 -0.3508 0.7280
vn -0.6196 -0.3494 0.7029
vn -0.6486 -0.3487 0.6766
vn -0.0251 -0.4072 0.9130
vn -0.0757 -0.4102 0.9088
vn -0.1266 -0.4122 0.9023
vn -0.1770 -0.4131 0.8933
vn -0.2264 -0.4130 0.8821
vn -0.2742 -0.4120 0.8689
vn -0.3201 -0.4101 0.8540
vn -0.3639 -0.4076 0.8375
vn -0.4054 -0.4046 0.8197
vn -0.4448 -0.4012 0.8007
vn -0.4819 -0.3978 0.7807
vn -0.5169 -0.3945 0.7597
vn -0.5500 -0.3916 0.7377
vn -0.5812 -0.3891 0.7147
vn -0.6107 -0.3874 0.6906
vn -0.6386 -0.3864 0.6654
vn -0.0251 -0.4515 0.8919
vn -0.0756 -0.4543 0.8876
vn -0.1263 -0.4560 0.8810
vn -0.1765 -0.4565 0.8720
vn -0.2255 -0.4558 0.8610
vn -0.2729 -0.4541 0.8481
vn -0.3182 -0.4515 0.8336
vn -0.3613 -0.4481 0.8177
vn -0.4021 -0.4442 0.8006
vn -0.4405 -0.4400 0.7825
vn -0.4767 -0.4357 0.7635
vn -0.5108 -0.4316 0.7435
vn -0.5429 -0.4279 0.7226
vn -0.5731 -0.4248 0.7008
vn -0.6015 -0.4226 0.6780
vn -0.6283 -0.4214 0.6539
vn -0.0251 -0.4946 0.8688
vn -0.0755 -0.4971 0.8644
vn -0.1261 -0.4983 0.8578
vn -0.1759 -0.4982 0.8491
vn -0.2245 -0.4968 0.8383
vn -0.2713 -0.4943 0.8259
vn -0.3161 -0.4908 0.8119
vn -0.3585 -0.4865 0.7967
vn -0.3986 -0.4816 0.7805
vn -0.4362 -0.4765 0.7634
vn -0.4715 -0.4712 0.7454
vn -0.5046 -0.4662 0.7266
vn -0.5357 -0.4617 0.7070
vn -0.5648 -0.4580 0.6865
vn -0.5922 -0.4552 0.6649
vn -0.6179 -0.4537 0.6422
vn -0.0250 -0.5365 0.8435
vn -0.0754 -0.5385 0.8393
vn -0.1257 -0.5390 0.8329
vn -0.1753 -0.5381 0.8245
vn -0.2235 -0.5359 0.8142
vn -0.2698 -0.5324 0.8023
vn -0.3140 -0.5280 0.7891
vn -0.3558 -0.5227 0.7747
vn -0.3952 -0.5169 0.7594
vn -0.4320 -0.5107 0.7433
vn -0.4665 -0.5045 0.7265
vn -0.4987 -0.4986 0.7091
vn -0.5287 -0.4932 0.6908
vn -0.5568 -0.4885 0.6718
vn -0.5830 -0.4852 0.6517
vn -0.6075 -0.4833 0.6304
vn -0.0249 -0.5770 0.8164
vn -0.0753 -0.5783 0.8124
vn -0.1254 -0.5780 0.8063
vn -0.1747 -0.5763 0.7984
vn -0.2225 -0.5731 0.7887
vn -0.2684 -0.5687 0.7775
vn -0.3121 -0.5633 0.7651
vn -0.3534 -0.5570 0.7516
vn -0.3921 -0.5501 0.7373
vn -0.4282 -0.5429 0.7224
vn -0.4619 -0.5357 0.7069
vn -0.4932 -0.5287 0.6908
vn -0.5223 -0.5222 0.6742
vn -0.5492 -0.5167 0.6568
vn -0.5742 -0.5125 0.6384
vn -0.5974 -0.5102 0.6188
vn -0.0249 -0.6161 0.7873
vn -0.0751 -0.6166 0.7837
vn -0.1251 -0.6155 0.7782
vn -0.1741 -0.6128 0.7708
vn -0.2216 -0.6086 0.7619
vn -0.2672 -0.6032 0.7515
vn -0.3105 -0.5967 0.7400
vn -0.3513 -0.5893 0.7275
vn -0.3895 -0.5814 0.7143
vn -0.4251 -0.5732 0.7006
vn -0.4581 -0.5649 0.6863
vn -0.4886 -0.5568 0.6717
vn -0.5167 -0.5492 0.6568
vn -0.5425 -0.5425 0.6413
vn -0.5662 -0.5373 0.6251
vn -0.5878 -0.5342 0.6075
vn -0.0248 -0.6536 0.7564
vn -0.0750 -0.6533 0.7534
vn -0.1248 -0.6513 0.7485
vn -0.1736 -0.6476 0.7420
vn -0.2209 -0.6424 0.7338
vn -0.2662 -0.6359 0.7244
vn -0.3092 -0.6283 0.7138
vn -0.3497 -0.6200 0.7024
vn -0.3876 -0.6110 0.6903
vn -0.4228 -0.6017 0.6777
vn -0.4553 -0.5923 0.6648
vn -0.4852 -0.5830 0.6517
vn -0.5125 -0.5742 0.6384
vn -0.5373 -0.5662 0.6251
vn -0.5594 -0.5594 0.6116
vn -0.5794 -0.5551 0.5968
vn -0.0248 -0.6896 0.7238
vn -0.0749 -0.6884 0.7214
vn -0.1246 -0.6854 0.7174
vn -0.1733 -0.6808 0.7117
vn -0.2205 -0.6746 0.7045
vn -0.2657 -0.6671 0.6960
vn -0.3085 -0.6585 0.6865
vn -0.3488 -0.6490 0.6761
vn -0.3865 -0.6389 0.6651
vn -0.4215 -0.6285 0.6537
vn -0.4537 -0.6180 0.6420
vn -0.4833 -0.6075 0.6303
vn -0.5102 -0.5974 0.6187
vn -0.5342 -0.5879 0.6075
vn -0.5551 -0.5793 0.5968
vn -0.5722 -0.5722 0.5875
vn -0.9994 -0.0247 0.0247
vn -0.9970 -0.0740 0.0248
vn -0.9921 -0.1232 0.0248
vn -0.9848 -0.1721 0.0249
vn -0.9750 -0.2206 0.0249
vn -0.9630 -0.2685 0.0249
vn -0.9486 -0.3156 0.0249
vn -0.9319 -0.3619 0.0249
vn -0.9130 -0.4072 0.0249
vn -0.8919 -0.4515 0.0249
vn -0.8688 -0.4945 0.0249
vn -0.8436 -0.5364 0.0249
vn -0.8165 -0.5769 0.0248
vn -0.7874 -0.6159 0.0248
vn -0.7566 -0.6535 0.0248
vn -0.7239 -0.6894 0.0248
vn -0.9970 -0.0249 0.0738
vn -0.9944 -0.0746 0.0742
vn -0.9894 -0.1245 0.0744
vn -0.9819 -0.1741 0.0746
vn -0.9719 -0.2231 0.0747
vn -0.9595 -0.2714 0.0748
vn -0.9448 -0.3188 0.0749
vn -0.9279 -0.3652 0.0750
vn -0.9088 -0.4103 0.0750
vn -0.8877 -0.4543 0.0750
vn -0.8646 -0.4969 0.0750
vn -0.8395 -0.5381 0.0750
vn -0.8127 -0.5779 0.0749
vn -0.7841 -0.6161 0.0749
vn -0.7538 -0.6528 0.0748
vn -0.7219 -0.6879 0.0749
vn -0.9921 -0.0251 0.1229
vn -0.9895 -0.0751 0.1238
vn -0.9843 -0.1255 0.1244
vn -0.9765 -0.1756 0.1248
vn -0.9663 -0.2251 0.1251
vn -0.9536 -0.2737 0.1253
vn -0.9387 -0.3213 0.1254
vn -0.9215 -0.3675 0.1254
vn -0.9023 -0.4125 0.1254
vn -0.8811 -0.4560 0.1253
vn -0.8581 -0.4980 0.1251
vn -0.8333 -0.5385 0.1249
vn -0.8069 -0.5774 0.1248
vn -0.7788 -0.6148 0.1246
vn -0.7492 -0.6505 0.1245
vn -0.7181 -0.6847 0.1245
vn -0.9848 -0.0251 0.1718
vn -0.9820 -0.0754 0.1732
vn -0.9766 -0.1261 0.1743
vn -0.9686 -0.1767 0.1750
vn -0.9581 -0.2265 0.1755
vn -0.9451 -0.2753 0.1757
vn -0.9300 -0.3229 0.1758
vn -0.9127 -0.3690 0.1757
vn -0.8934 -0.4135 0.1754
vn -0.8723 -0.4565 0.1751
vn -0.8495 -0.4979 0.1746
vn -0.8250 -0.5375 0.1742
vn -0.7991 -0.5756 0.1738
vn -0.7716 -0.6120 0.1735
vn -0.7428 -0.6467 0.1733
vn -0.7125 -0.6800 0.1732
vn -0.9751 -0.0252 0.2203
vn -0.9720 -0.0756 0.2223
vn -0.9664 -0.1266 0.2238
vn -0.9581 -0.1773 0.2248
vn -0.9474 -0.2274 0.2254
vn -0.9342 -0.2762 0.2256
vn -0.9189 -0.3237 0.2255
vn -0.9015 -0.3695 0.2251
vn -0.8823 -0.4136 0.2246
vn -0.8614 -0.4560 0.2239
vn -0.8389 -0.4965 0.2231
vn -0.8148 -0.5354 0.2223
vn -0.7895 -0.5724 0.2215
vn -0.7627 -0.6078 0.2209
vn -0.7347 -0.6416 0.2205
vn -0.7053 -0.6738 0.2204
vn -0.9630 -0.0252 0.2682
vn -0.9597 -0.0757 0.2707
vn -0.9537 -0.1268 0.2726
vn -0.9452 -0.1776 0.2738
vn -0.9343 -0.2277 0.2744
vn -0.9210 -0.2765 0.2745
vn -0.9056 -0.3237 0.2742
vn -0.8883 -0.3691 0.2734
vn -0.8692 -0.4127 0.2724
vn -0.8485 -0.4544 0.2712
vn -0.8264 -0.4941 0.2699
vn -0.8030 -0.5320 0.2686
vn -0.7783 -0.5681 0.2675
vn -0.7523 -0.6025 0.2665
vn -0.7252 -0.6352 0.2658
vn -0.6968 -0.6663 0.2655
vn -0.9486 -0.0252 0.3154
vn -0.9450 -0.0758 0.3183
vn -0.9388 -0.1269 0.3204
vn -0.9300 -0.1777 0.3217
vn -0.9189 -0.2276 0.3222
vn -0.9055 -0.2762 0.3221
vn -0.8902 -0.3230 0.3213
vn -0.8730 -0.3680 0.3201
vn -0.8542 -0.4109 0.3185
vn -0.8340 -0.4519 0.3167
vn -0.8124 -0.4908 0.3148
vn -0.7896 -0.5278 0.3130
vn -0.7657 -0.5628 0.3113
vn -0.7407 -0.5961 0.3099
vn -0.7145 -0.6278 0.3089
vn -0.6871 -0.6578 0.3084
vn -0.9319 -0.0252 0.3617
vn -0.9280 -0.0758 0.3648
vn -0.9216 -0.1268 0.3669
vn -0.9127 -0.1774 0.3681
vn -0.9015 -0.2271 0.3685
vn -0.8881 -0.2754 0.3679
vn -0.8729 -0.3218 0.3667
vn -0.8560 -0.3662 0.3649
vn -0.8376 -0.4085 0.3626
vn -0.8180 -0.4486 0.3601
vn -0.7971 -0.4867 0.3575
vn -0.7751 -0.5227 0.3550
vn -0.7521 -0.5567 0.3527
vn -0.7280 -0.5890 0.3508
vn -0.7029 -0.6196 0.3494
vn -0.6766 -0.6486 0.3487
vn -0.9130 -0.0251 0.4072
vn -0.9088 -0.0757 0.4102
vn -0.9023 -0.1266 0.4122
vn -0.8933 -0.1770 0.4131
vn -0.8821 -0.2264 0.4130
vn -0.8689 -0.2742 0.4120
vn -0.8540 -0.3201 0.4101
vn -0.8375 -0.3639 0.4076
vn -0.8197 -0.4054 0.4046
vn -0.8007 -0.4448 0.4012
vn -0.7807 -0.4819 0.3978
vn -0.7597 -0.5169 0.3945
vn -0.7377 -0.5500 0.3916
vn -0.7147 -0.5812 0.3891
vn -0.6906 -0.6107 0.3874
vn -0.6654 -0.6386 0.3864
vn -0.8919 -0.0251 0.4515
vn -0.8876 -0.0756 0.4543
vn -0.8810 -0.1263 0.4560
vn -0.8720 -0.1765 0.4565
vn -0.8610 -0.2255 0.4558
vn -0.8481 -0.2729 0.4541
vn -0.8336 -0.3182 0.4515
vn -0.8177 -0.3613 0.4481
vn -0.8006 -0.4021 0.4442
vn -0.7825 -0.4405 0.4400
vn -0.7635 -0.4767 0.4357
vn -0.7435 -0.5108 0.4316
vn -0.7226 -0.5429 0.4279
vn -0.7008 -0.5731 0.4248
vn -0.6780 -0.6015 0.4226
vn -0.6539 -0.6283 0.4214
vn -0.8688 -0.0251 0.4946
vn -0.8644 -0.0755 0.4971
vn -0.8578 -0.1261 0.4983
vn -0.8491 -0.1759 0.4982
vn -0.8383 -0.2245 0.4968
vn -0.8259 -0.2713 0.4943
vn -0.8119 -0.3161 0.4908
vn -0.7967 -0.3585 0.4865
vn -0.7805 -0.3986 0.4816
vn -0.7634 -0.4362 0.4765
vn -0.7454 -0.4715 0.4712
vn -0.7266 -0.5046 0.4662
vn -0.7070 -0.5357 0.4617
vn -0.6865 -0.5648 0.4580
vn -0.6649 -0.5922 0.4552
vn -0.6422 -0.6179 0.4537
vn -0.8435 -0.0250 0.5365
vn -0.8393 -0.0754 0.5385
vn -0.8329 -0.1257 0.5390
vn -0.8245 -0.1753 0.5381
vn -0.8142 -0.2235 0.5359
vn -0.8023 -0.2698 0.5324
vn -0.7891 -0.3140 0.5280
vn -0.7747 -0.3558 0.5227
vn -0.7594 -0.3952 0.5169
vn -0.7433 -0.4320 0.5107
vn -0.7265 -0.4665 0.5045
vn -0.7091 -0.4987 0.4986
vn -0.6908 -0.5287 0.4932
vn -0.6718 -0.5568 0.4885
vn -0.6517 -0.5830 0.4852
vn -0.6304 -0.6075 0.4833
vn -0.8164 -0.0249 0.5770
vn -0.8124 -0.0753 0.5783
vn -0.8063 -0.1254 0.5780
vn -0.7984 -0.1747 0.5763
vn -0.7887 -0.2225 0.5731
vn -0.7775 -0.2684 0.5687
vn -0.7651 -0.3121 0.5633
vn -0.7516 -0.3534 0.5570
vn -0.7373 -0.3921 0.5501
vn -0.7224 -0.4282 0.5429
vn -0.7069 -0.4619 0.5357
vn -0.6908 -0.4932 0.5287
vn -0.6742 -0.5223 0.5222
vn -0.6568 -0.5492 0.5167
vn -0.6384 -0.5742 0.5125
vn -0.6188 -0.5974 0.5102
vn -0.7873 -0.0249 0.6161
vn -0.7837 -0.0751 0.6166
vn -0.7782 -0.1251 0.6155
vn -0.7708 -0.1741 0.6128
vn -0.7619 -0.2216 0.6086
vn -0.7515 -0.2672 0.6032
vn -0.7400 -0.3105 0.5967
vn -0.7275 -0.3513 0.5893
vn -0.7143 -0.3895 0.5814
vn -0.7006 -0.4251 0.5732
vn -0.6863 -0.4581 0.5649
vn -0.6717 -0.4886 0.5568
vn -0.6568 -0.5167 0.5492
vn -0.6414 -0.5425 0.5425
vn -0.6251 -0.5662 0.5373
vn -0.6075 -0.5878 0.5342
vn -0.7564 -0.0248 0.6536
vn -0.7534 -0.0750 0.6533
vn -0.7485 -0.1248 0.6513
vn -0.7420 -0.1736 0.6476
vn -0.7338 -0.2209 0.6424
vn -0.7244 -0.2662 0.6359
vn -0.7138 -0.3092 0.6283
vn -0.7024 -0.3497 0.6200
vn -0.6903 -0.3876 0.6110
vn -0.6777 -0.4228 0.6017
vn -0.6648 -0.4553 0.5923
vn -0.6516 -0.4852 0.5831
vn -0.6384 -0.5125 0.5742
vn -0.6251 -0.5373 0.5662
vn -0.6116 -0.5594 0.5594
vn -0.5968 -0.5794 0.5551
vn -0.7238 -0.0248 0.6896
vn -0.7214 -0.0749 0.6884
vn -0.7174 -0.1246 0.6855
vn -0.7117 -0.1733 0.6808
vn -0.7045 -0.2205 0.6746
vn -0.6960 -0.2657 0.6671
vn -0.6865 -0.3085 0.6584
vn -0.6761 -0.3488 0.6490
vn -0.6651 -0.3865 0.6389
vn -0.6537 -0.4215 0.6285
vn -0.6420 -0.4537 0.6180
vn -0.6303 -0.4833 0.6075
vn -0.6187 -0.5102 0.5974
vn -0.6075 -0.5342 0.5878
vn -0.5968 -0.5551 0.5794
vn -0.5875 -0.5722 0.5722
vn -0.0245 -0.9997 -0.0000
vn -0.0736 -0.9973 -0.0000
vn -0.1224 -0.9925 -0.0000
vn -0.1710 -0.9853 -0.0000
vn -0.2191 -0.9757 -0.0000
vn -0.2667 -0.9638 -0.0000
vn -0.3137 -0.9495 -0.0000
vn -0.3599 -0.9330 -0.0000
vn -0.4052 -0.9142 -0.0000
vn -0.4496 -0.8932 -0.0000
vn -0.4929 -0.8701 -0.0000
vn -0.5350 -0.8448 -0.0000
vn -0.5758 -0.8176 -0.0000
vn -0.6152 -0.7883 -0.0000
vn -0.6532 -0.7572 -0.0000
vn -0.6895 -0.7243 -0.0000
vn -0.7243 -0.6895 -0.0000
vn -0.7572 -0.6532 -0.0000
vn -0.7883 -0.6152 -0.0000
vn -0.8176 -0.5758 -0.0000
vn -0.8449 -0.5350 -0.0000
vn -0.8701 -0.4929 -0.0000
vn -0.8932 -0.4496 -0.0000
vn -0.9142 -0.4052 -0.0000
vn -0.9330 -0.3599 -0.0000
vn -0.9495 -0.3137 -0.0000
vn -0.9638 -0.2667 -0.0000
vn -0.9757 -0.2191 -0.0000
vn -0.9853 -0.1710 -0.0000
vn -0.9925 -0.1224 -0.0000
vn -0.9973 -0.0736 -0.0000
vn -0.9997 -0.0245 -0.0000
vn -0.0000 -0.9997 -0.0245
vn -0.0000 -0.9973 -0.0736
vn -0.0000 -0.9925 -0.1224
vn -0.0000 -0.9853 -0.1710
vn -0.0000 -0.9757 -0.2191
vn -0.0000 -0.9638 -0.2667
vn -0.0000 -0.9495 -0.3137
vn -0.0000 -0.9330 -0.3599
vn -0.0000 -0.9142 -0.4052
vn -0.0000 -0.8932 -0.4496
vn -0.0000 -0.8701 -0.4929
vn -0.0000 -0.8449 -0.5350
vn -0.0000 -0.8176 -0.5758
vn -0.0000 -0.7883 -0.6152
vn -0.0000 -0.7572 -0.6532
vn -0.0000 -0.7243 -0.6895
vn -0.0000 -0.6895 -0.7243
vn -0.0000 -0.6532 -0.7572
vn -0.0000 -0.6152 -0.7883
vn -0.0000 -0.5758 -0.8176
vn -0.0000 -0.5350 -0.8448
vn -0.0000 -0.4929 -0.8701
vn -0.0000 -0.4496 -0.8932
vn -0.0000 -0.4052 -0.9142
vn -0.0000 -0.3599 -0.9330
vn -0.0000 -0.3137 -0.9495
vn -0.0000 -0.2667 -0.9638
vn -0.0000 -0.2191 -0.9757
vn -0.0000 -0.1710 -0.9853
vn -0.0000 -0.1224 -0.9925
vn -0.0000 -0.0736 -0.9973
vn -0.0000 -0.0245 -0.9997
vn 0.9997 -0.0000 -0.0245
vn 0.9973 -0.0000 -0.0736
vn 0.9925 -0.0000 -0.1224
vn 0.9853 -0.0000 -0.1710
vn 0.9757 -0.0000 -0.2191
vn 0.9638 -0.0000 -0.2667
vn 0.9495 -0.0000 -0.3137
vn 0.9330 -0.0000 -0.3599
vn 0.9142 -0.0000 -0.4052
vn 0.8932 -0.0000 -0.4496
vn 0.8701 -0.0000 -0.4929
vn 0.8448 -0.0000 -0.5350
vn 0.8176 -0.0000 -0.5758
vn 0.7883 -0.0000 -0.6152
vn 0.7572 -0.0000 -0.6532
vn 0.7243 -0.0000 -0.6895
vn 0.6895 -0.0000 -0.7243
vn 0.6532 -0.0000 -0.7572
vn 0.6152 -0.0000 -0.7883
vn 0.5758 -0.0000 -0.8176
vn 0.5350 -0.0000 -0.8449
vn 0.4929 -0.0000 -0.8701
vn 0.4496 -0.0000 -0.8932
vn 0.4052 -0.0000 -0.9142
vn 0.3599 -0.0000 -0.9330
vn 0.3137 -0.0000 -0.9495
vn 0.2667 -0.0000 -0.9638
vn 0.2191 -0.0000 -0.9757
vn 0.1710 -0.0000 -0.9853
vn 0.1224 -0.0000 -0.9925
vn 0.0736 -0.0000 -0.9973
vn 0.0245 -0.0000 -0.9997
vn -0.0245 -0.0000 0.9997
vn -0.0736 -0.0000 0.9973
vn -0.1224 -0.0000 0.9925
vn -0.1710 -0.0000 0.9853
vn -0.2191 -0.0000 0.9757
vn -0.2667 -0.0000 0.9638
vn -0.3137 -0.0000 0.9495
vn -0.3599 -0.0000 0.9330
vn -0.4052 -0.0000 0.9142
vn -0.4496 -0.0000 0.8932
vn -0.4929 -0.0000 0.8701
vn -0.5350 -0.0000 0.8449
vn -0.5758 -0.0000 0.8176
vn -0.6152 -0.0000 0.7883
vn -0.6532 -0.0000 0.7572
vn -0.6895 -0.0000 0.7243
vn -0.7243 -0.0000 0.6895
vn -0.7572 -0.0000 0.6532
vn -0.7883 -0.0000 0.6152
vn -0.8176 -0.0000 0.5758
vn -0.8448 -0.0000 0.5350
vn -0.8701 -0.0000 0.4929
vn -0.8932 -0.0000 0.4496
vn -0.9142 -0.0000 0.4052
vn -0.9330 -0.0000 0.3599
vn -0.9495 -0.0000 0.3137
vn -0.9638 -0.0000 0.2667
vn -0.9757 -0.0000 0.2191
vn -0.9853 -0.0000 0.1710
vn -0.9925 -0.0000 0.1224
vn -0.9973 -0.0000 0.0736
vn -0.9997 -0.0000 0.0245
vn 0.0245 -0.0000 0.9997
vn 0.0736 -0.0000 0.9973
vn 0.1224 -0.0000 0.9925
vn 0.1710 -0.0000 0.9853
vn 0.2191 -0.0000 0.9757
vn 0.2667 -0.0000 0.9638
vn 0.3137 -0.0000 0.9495
vn 0.3599 -0.0000 0.9330
vn 0.4052 -0.0000 0.9142
vn 0.4496 -0.0000 0.8932
vn 0.4929 -0.0000 0.8701
vn 0.5350 -0.0000 0.8449
vn 0.5758 -0.0000 0.8176
vn 0.6152 -0.0000 0.7883
vn 0.6532 -0.0000 0.7572
vn 0.6895 -0.0000 0.7243
vn 0.7243 -0.0000 0.6895
vn 0.7572 -0.0000 0.6532
vn 0.7883 -0.0000 0.6152
vn 0.8176 -0.0000 0.5758
vn 0.8448 -0.0000 0.5350
vn 0.8701 -0.0000 0.4929
vn 0.8932 -0.0000 0.4496
vn 0.9142 -0.0000 0.4052
vn 0.9330 -0.0000 0.3599
vn 0.9495 -0.0000 0.3137
vn 0.9638 -0.0000 0.2667
vn 0.9757 -0.0000 0.2191
vn 0.9853 -0.0000 0.1710
vn 0.9925 -0.0000 0.1224
vn 0.9973 -0.0000 0.0736
vn 0.9997 -0.0000 0.0245
vn -0.0245 -0.0000 -0.9997
vn -0.0736 -0.0000 -0.9973
vn -0.1224 -0.0000 -0.9925
vn -0.1710 -0.0000 -0.9853
vn -0.2191 -0.0000 -0.9757
vn -0.2667 -0.0000 -0.9638
vn -0.3137 -0.0000 -0.9495
vn -0.3599 -0.0000 -0.9330
vn -0.4052 -0.0000 -0.9142
vn -0.4496 -0.0000 -0.8932
vn -0.4929 -0.0000 -0.8701
vn -0.5350 -0.0000 -0.8449
vn -0.5758 -0.0000 -0.8176
vn -0.6152 -0.0000 -0.7883
vn -0.6532 -0.0000 -0.7572
vn -0.6895 -0.0000 -0.7243
vn -0.7243 -0.0000 -0.6895
vn -0.7572 -0.0000 -0.6532
vn -0.7883 -0.0000 -0.6152
vn -0.8176 -0.0000 -0.5758
vn -0.8448 -0.0000 -0.5350
vn -0.8701 -0.0000 -0.4929
vn -0.8932 -0.0000 -0.4496
vn -0.9142 -0.0000 -0.4052
vn -0.9330 -0.0000 -0.3599
vn -0.9495 -0.0000 -0.3137
vn -0.9638 -0.0000 -0.2667
vn -0.9757 -0.0000 -0.2191
vn -0.9853 -0.0000 -0.1710
vn -0.9925 -0.0000 -0.1224
vn -0.9973 -0.0000 -0.0736
vn -0.9997 -0.0000 -0.0245
vn -0.0000 0.9997 0.0245
vn -0.0000 0.9973 0.0736
vn -0.0000 0.9925 0.1224
vn -0.0000 0.9853 0.1710
vn -0.0000 0.9757 0.2191
vn -0.0000 0.9638 0.2667
vn -0.0000 0.9495 0.3137
vn -0.0000 0.9330 0.3599
vn -0.0000 0.9142 0.4052
vn -0.0000 0.8932 0.4496
vn -0.0000 0.8701 0.4929
vn -0.0000 0.8449 0.5350
vn -0.0000 0.8176 0.5758
vn -0.0000 0.7883 0.6152
vn -0.0000 0.7572 0.6532
vn -0.0000 0.7243 0.6895
vn -0.0000 0.6895 0.7243
vn -0.0000 0.6532 0.7572
vn -0.0000 0.6152 0.7883
vn -0.0000 0.5758 0.8176
vn -0.0000 0.5350 0.8448
vn -0.0000 0.4929 0.8701
vn -0.0000 0.4496 0.8932
vn -0.0000 0.4052 0.9142
vn -0.0000 0.3599 0.9330
vn -0.0000 0.3137 0.9495
vn -0.0000 0.2667 0.9638
vn -0.0000 0.2191 0.9757
vn -0.0000 0.1710 0.9853
vn -0.0000 0.1224 0.9925
vn -0.0000 0.0736 0.9973
vn -0.0000 0.0245 0.9997
vn 0.0245 0.9997 -0.0000
vn 0.0736 0.9973 -0.0000
vn 0.1224 0.9925 -0.0000
vn 0.1710 0.9853 -0.0000
vn 0.2191 0.9757 -0.0000
vn 0.2667 0.9638 -0.0000
vn 0.3137 0.9495 -0.0000
vn 0.3599 0.9330 -0.0000
vn 0.4052 0.9142 -0.0000
vn 0.4496 0.8932 -0.0000
vn 0.4929 0.8701 -0.0000
vn 0.5350 0.8448 -0.0000
vn 0.5758 0.8176 -0.0000
vn 0.6152 0.7883 -0.0000
vn 0.6532 0.7572 -0.0000
vn 0.6895 0.7243 -0.0000
vn 0.7243 0.6895 -0.0000
vn 0.7572 0.6532 -0.0000
vn 0.7883 0.6152 -0.0000
vn 0.8176 0.5758 -0.0000
vn 0.8449 0.5350 -0.0000
vn 0.8701 0.4929 -0.0000
vn 0.8932 0.4496 -0.0000
vn 0.9142 0.4052 -0.0000
vn 0.9330 0.3599 -0.0000
vn 0.9495 0.3137 -0.0000
vn 0.9638 0.2667 -0.0000
vn 0.9757 0.2191 -0.0000
vn 0.9853 0.1710 -0.0000
vn 0.9925 0.1224 -0.0000
vn 0.9973 0.0736 -0.0000
vn 0.9997 0.0245 -0.0000
vn -0.0000 -0.9997 0.0245
vn -0.0000 -0.9973 0.0736
vn -0.0000 -0.9925 0.1224
vn -0.0000 -0.9853 0.1710
vn -0.0000 -0.9757 0.2191
vn -0.0000 -0.9638 0.2667
vn -0.0000 -0.9495 0.3137
vn -0.0000 -0.9330 0.3599
vn -0.0000 -0.9142 0.4052
vn -0.0000 -0.8932 0.4496
vn -0.0000 -0.8701 0.4929
vn -0.0000 -0.8449 0.5350
vn -0.0000 -0.8176 0.5758
vn -0.0000 -0.7883 0.6152
vn -0.0000 -0.7572 0.6532
vn -0.0000 -0.7243 0.6895
vn -0.0000 -0.6895 0.7243
vn -0.0000 -0.6532 0.7572
vn -0.0000 -0.6152 0.7883
vn -0.0000 -0.5758 0.8176
vn -0.0000 -0.5350 0.8448
vn -0.0000 -0.4929 0.8701
vn -0.0000 -0.4496 0.8932
vn -0.0000 -0.4052 0.9142
vn -0.0000 -0.3599 0.9330
vn -0.0000 -0.3137 0.9495
vn -0.0000 -0.2667 0.9638
vn -0.0000 -0.2191 0.9757
vn -0.0000 -0.1710 0.9853
vn -0.0000 -0.1224 0.9925
vn -0.0000 -0.0736 0.9973
vn -0.0000 -0.0245 0.9997
vn -0.0245 0.9997 -0.0000
vn -0.0736 0.9973 -0.0000
vn -0.1224 0.9925 -0.0000
vn -0.1710 0.9853 -0.0000
vn -0.2191 0.9757 -0.0000
vn -0.2667 0.9638 -0.0000
vn -0.3137 0.9495 -0.0000
vn -0.3599 0.9330 -0.0000
vn -0.4052 0.9142 -0.0000
vn -0.4496 0.8932 -0.0000
vn -0.4929 0.8701 -0.0000
vn -0.5350 0.8448 -0.0000
vn -0.5758 0.8176 -0.0000
vn -0.6152 0.7883 -0.0000
vn -0.6532 0.7572 -0.0000
vn -0.6895 0.7243 -0.0000
vn -0.7243 0.6895 -0.0000
vn -0.7572 0.6532 -0.0000
vn -0.7883 0.6152 -0.0000
vn -0.8176 0.5758 -0.0000
vn -0.8449 0.5350 -0.0000
vn -0.8701 0.4929 -0.0000
vn -0.8932 0.4496 -0.0000
vn -0.9142 0.4052 -0.0000
vn -0.9330 0.3599 -0.0000
vn -0.9495 0.3137 -0.0000
vn -0.9638 0.2667 -0.0000
vn -0.9757 0.2191 -0.0000
vn -0.9853 0.1710 -0.0000
vn -0.9925 0.1224 -0.0000
vn -0.9973 0.0736 -0.0000
vn -0.9997 0.0245 -0.0000
vn -0.0000 0.9997 -0.0245
vn -0.0000 0.9973 -0.0736
vn -0.0000 0.9925 -0.1224
vn -0.0000 0.9853 -0.1710
vn -0.0000 0.9757 -0.2191
vn -0.0000 0.9638 -0.2667
vn -0.0000 0.9495 -0.3137
vn -0.0000 0.9330 -0.3599
vn -0.0000 0.9142 -0.4052
vn -0.0000 0.8932 -0.4496
vn -0.0000 0.8701 -0.4929
vn -0.0000 0.8449 -0.5350
vn -0.0000 0.8176 -0.5758
vn -0.0000 0.7883 -0.6152
vn -0.0000 0.7572 -0.6532
vn -0.0000 0.7243 -0.6895
vn -0.0000 0.6895 -0.7243
vn -0.0000 0.6532 -0.7572
vn -0.0000 0.6152 -0.7883
vn -0.0000 0.5758 -0.8176
vn -0.0000 0.5350 -0.8448
vn -0.0000 0.4929 -0.8701
vn -0.0000 0.4496 -0.8932
vn -0.0000 0.4052 -0.9142
vn -0.0000 0.3599 -0.9330
vn -0.0000 0.3137 -0.9495
vn -0.0000 0.2667 -0.9638
vn -0.0000 0.2191 -0.9757
vn -0.0000 0.1710 -0.9853
vn -0.0000 0.1224 -0.9925
vn -0.0000 0.0736 -0.9973
vn -0.0000 0.0245 -0.9997
vn 0.0245 -0.9997 -0.0000
vn 0.0736 -0.9973 -0.0000
vn 0.1224 -0.9925 -0.0000
vn 0.1710 -0.9853 -0.0000
vn 0.2191 -0.9757 -0.0000
vn 0.2667 -0.9638 -0.0000
vn 0.3137 -0.9495 -0.0000
vn 0.3599 -0.9330 -0.0000
vn 0.4052 -0.9142 -0.0000
vn 0.4496 -0.8932 -0.0000
vn 0.4929 -0.8701 -0.0000
vn 0.5350 -0.8448 -0.0000
vn 0.5758 -0.8176 -0.0000
vn 0.6152 -0.7883 -0.0000
vn 0.6532 -0.7572 -0.0000
vn 0.6895 -0.7243 -0.0000
vn 0.7243 -0.6895 -0.0000
vn 0.7572 -0.6532 -0.0000
vn 0.7883 -0.6152 -0.0000
vn 0.8176 -0.5758 -0.0000
vn 0.8449 -0.5350 -0.0000
vn 0.8701 -0.4929 -0.0000
vn 0.8932 -0.4496 -0.0000
vn 0.9142 -0.4052 -0.0000
vn 0.9330 -0.3599 -0.0000
vn 0.9495 -0.3137 -0.0000
vn 0.9638 -0.2667 -0.0000
vn 0.9757 -0.2191 -0.0000
vn 0.9853 -0.1710 -0.0000
vn 0.9925 -0.1224 -0.0000
vn 0.9973 -0.0736 -0.0000
vn 0.9997 -0.0245 -0.0000
vn -0.0000 -0.0000 -1.0000
vt 0.143310 0.518310
vt 0.356690 0.518310
vt 0.356690 0.731690
vt 0.143310 0.731690
vt 0.393310 0.018310
vt 0.606690 0.018310
vt 0.606690 0.231690
vt 0.393310 0.231690
vt 0.393310 0.768310
vt 0.606690 0.768310
vt 0.606690 0.981690
vt 0.393310 0.981690
vt 0.643310 0.518310
vt 0.856690 0.518310
vt 0.856690 0.731690
vt 0.643310 0.731690
vt 0.393310 0.518310
vt 0.606690 0.518310
vt 0.606690 0.731690
vt 0.393310 0.731690
vt 0.606690 0.481690
vt 0.607589 0.481690
vt 0.607595 0.482590
vt 0.606690 0.482589
vt 0.608485 0.481690
vt 0.608504 0.482591
vt 0.609377 0.481690
vt 0.609409 0.482592
vt 0.610262 0.481690
vt 0.610308 0.482594
vt 0.611139 0.481690
vt 0.611195 0.482596
vt 0.612005 0.481690
vt 0.612069 0.482598
vt 0.612859 0.481690
vt 0.612926 0.482600
vt 0.613697 0.481690
vt 0.613765 0.482602
vt 0.614519 0.481690
vt 0.614584 0.482603
vt 0.615321 0.481690
vt 0.615380 0.482605
vt 0.616103 0.481690
vt 0.616153 0.482605
vt 0.616863 0.481690
vt 0.616901 0.482606
vt 0.617597 0.481690
vt 0.617622 0.482606
vt 0.618306 0.481690
vt 0.618316 0.482607
vt 0.618986 0.481690
vt 0.618982 0.482607
vt 0.625000 0.481690
vt 0.625000 0.482607
vt 0.607600 0.483495
vt 0.606690 0.483485
vt 0.608518 0.483503
vt 0.609436 0.483508
vt 0.610345 0.483513
vt 0.611241 0.483517
vt 0.612121 0.483520
vt 0.612980 0.483523
vt 0.613816 0.483524
vt 0.614630 0.483525
vt 0.615418 0.483525
vt 0.616180 0.483525
vt 0.616914 0.483524
vt 0.617620 0.483523
vt 0.618298 0.483523
vt 0.618946 0.483523
vt 0.625000 0.483523
vt 0.607603 0.484399
vt 0.606690 0.484377
vt 0.608528 0.484416
vt 0.609455 0.484428
vt 0.610372 0.484437
vt 0.611275 0.484443
vt 0.612158 0.484446
vt 0.613017 0.484448
vt 0.613850 0.484447
vt 0.614656 0.484445
vt 0.615434 0.484442
vt 0.616183 0.484438
vt 0.616902 0.484434
vt 0.617591 0.484430
vt 0.618251 0.484427
vt 0.618882 0.484426
vt 0.625000 0.484426
vt 0.607605 0.485297
vt 0.606690 0.485262
vt 0.608535 0.485324
vt 0.609468 0.485344
vt 0.610391 0.485357
vt 0.611298 0.485364
vt 0.612182 0.485367
vt 0.613038 0.485366
vt 0.613865 0.485361
vt 0.614662 0.485353
vt 0.615428 0.485344
vt 0.616163 0.485334
vt 0.616865 0.485324
vt 0.617537 0.485316
vt 0.618178 0.485309
vt 0.618790 0.485305
vt 0.625000 0.485305
vt 0.607607 0.486185
vt 0.606690 0.486139
vt 0.608540 0.486222
vt 0.609475 0.486248
vt 0.610402 0.486265
vt 0.611310 0.486272
vt 0.612192 0.486272
vt 0.613044 0.486266
vt 0.613863 0.486255
vt 0.614649 0.486239
vt 0.615402 0.486222
vt 0.616121 0.486204
vt 0.616806 0.486186
vt 0.617459 0.486171
vt 0.618081 0.486160
vt 0.618674 0.486153
vt 0.625000 0.486152
vt 0.607608 0.487061
vt 0.606690 0.487005
vt 0.608542 0.487105
vt 0.609479 0.487135
vt 0.610405 0.487153
vt 0.611311 0.487159
vt 0.612189 0.487154
vt 0.613034 0.487141
vt 0.613845 0.487121
vt 0.614619 0.487096
vt 0.615358 0.487068
vt 0.616060 0.487040
vt 0.616728 0.487013
vt 0.617362 0.486990
vt 0.617965 0.486972
vt 0.618538 0.486960
vt 0.625000 0.486958
vt 0.607609 0.487921
vt 0.606690 0.487859
vt 0.608543 0.487968
vt 0.609478 0.488000
vt 0.610402 0.488017
vt 0.611304 0.488019
vt 0.612176 0.488007
vt 0.613013 0.487985
vt 0.613813 0.487954
vt 0.614574 0.487917
vt 0.615297 0.487877
vt 0.615983 0.487837
vt 0.616633 0.487799
vt 0.617248 0.487766
vt 0.617831 0.487740
vt 0.618384 0.487724
vt 0.625000 0.487719
vt 0.607609 0.488762
vt 0.606690 0.488697
vt 0.608543 0.488811
vt 0.609475 0.488841
vt 0.610395 0.488853
vt 0.611290 0.488847
vt 0.612154 0.488826
vt 0.612982 0.488793
vt 0.613770 0.488750
vt 0.614517 0.488699
vt 0.615224 0.488645
vt 0.615893 0.488591
vt 0.616524 0.488540
vt 0.617121 0.488496
vt 0.617684 0.488462
vt 0.618218 0.488440
vt 0.625000 0.488432
vt 0.607610 0.489583
vt 0.606690 0.489519
vt 0.608541 0.489629
vt 0.609470 0.489654
vt 0.610384 0.489658
vt 0.611272 0.489642
vt 0.612127 0.489610
vt 0.612943 0.489562
vt 0.613718 0.489504
vt 0.614451 0.489438
vt 0.615142 0.489368
vt 0.615793 0.489299
vt 0.616406 0.489234
vt 0.616983 0.489179
vt 0.617528 0.489135
vt 0.618042 0.489107
vt 0.625000 0.489097
vt 0.607610 0.490382
vt 0.606690 0.490321
vt 0.608539 0.490422
vt 0.609464 0.490438
vt 0.610371 0.490431
vt 0.611251 0.490402
vt 0.612096 0.490355
vt 0.612901 0.490293
vt 0.613662 0.490218
vt 0.614380 0.490134
vt 0.615055 0.490047
vt 0.615689 0.489962
vt 0.616284 0.489883
vt 0.616842 0.489814
vt 0.617368 0.489760
vt 0.617862 0.489725
vt 0.625000 0.489712
vt 0.607610 0.491157
vt 0.606690 0.491103
vt 0.608537 0.491187
vt 0.609457 0.491191
vt 0.610357 0.491171
vt 0.611229 0.491127
vt 0.612064 0.491064
vt 0.612857 0.490984
vt 0.613606 0.490891
vt 0.614309 0.490790
vt 0.614969 0.490685
vt 0.615586 0.490582
vt 0.616163 0.490487
vt 0.616703 0.490403
vt 0.617208 0.490337
vt 0.617681 0.490294
vt 0.625000 0.490278
vt 0.607610 0.491906
vt 0.606690 0.491863
vt 0.608534 0.491924
vt 0.609449 0.491914
vt 0.610343 0.491877
vt 0.611207 0.491817
vt 0.612032 0.491735
vt 0.612815 0.491637
vt 0.613552 0.491526
vt 0.614243 0.491406
vt 0.614888 0.491283
vt 0.615490 0.491162
vt 0.616050 0.491049
vt 0.616571 0.490948
vt 0.617055 0.490868
vt 0.617505 0.490814
vt 0.625000 0.490794
vt 0.607609 0.492629
vt 0.606690 0.492597
vt 0.608531 0.492632
vt 0.609442 0.492605
vt 0.610330 0.492551
vt 0.611187 0.492472
vt 0.612004 0.492372
vt 0.612778 0.492255
vt 0.613505 0.492125
vt 0.614185 0.491985
vt 0.614819 0.491843
vt 0.615406 0.491703
vt 0.615950 0.491571
vt 0.616451 0.491450
vt 0.616913 0.491352
vt 0.617338 0.491286
vt 0.625000 0.491261
vt 0.607609 0.493323
vt 0.606690 0.493306
vt 0.608528 0.493310
vt 0.609435 0.493266
vt 0.610319 0.493194
vt 0.611170 0.493096
vt 0.611981 0.492976
vt 0.612748 0.492839
vt 0.613468 0.492690
vt 0.614140 0.492531
vt 0.614763 0.492369
vt 0.615339 0.492209
vt 0.615869 0.492055
vt 0.616353 0.491913
vt 0.616793 0.491793
vt 0.617189 0.491706
vt 0.625000 0.491672
vt 0.607608 0.493989
vt 0.606690 0.493986
vt 0.608525 0.493959
vt 0.609430 0.493897
vt 0.610310 0.493806
vt 0.611158 0.493689
vt 0.611965 0.493550
vt 0.612728 0.493393
vt 0.613443 0.493224
vt 0.614109 0.493046
vt 0.614726 0.492864
vt 0.615295 0.492682
vt 0.615815 0.492506
vt 0.616286 0.492338
vt 0.616706 0.492189
vt 0.617071 0.492071
vt 0.625000 0.492020
vt 0.607607 0.500000
vt 0.606690 0.500000
vt 0.608523 0.500000
vt 0.609426 0.500000
vt 0.610305 0.500000
vt 0.611152 0.500000
vt 0.611958 0.500000
vt 0.612719 0.500000
vt 0.613432 0.500000
vt 0.614097 0.500000
vt 0.614712 0.500000
vt 0.615278 0.500000
vt 0.615794 0.500000
vt 0.616261 0.500000
vt 0.616672 0.500000
vt 0.617020 0.500000
vt 0.622420 0.500000
vt 0.642411 0.518310
vt 0.642405 0.517410
vt 0.643310 0.517411
vt 0.641515 0.518310
vt 0.641496 0.517409
vt 0.640623 0.518310
vt 0.640591 0.517408
vt 0.639738 0.518310
vt 0.639692 0.517406
vt 0.638861 0.518310
vt 0.638805 0.517404
vt 0.637995 0.518310
vt 0.637931 0.517402
vt 0.637141 0.518310
vt 0.637074 0.517400
vt 0.636303 0.518310
vt 0.636235 0.517398
vt 0.635481 0.518310
vt 0.635416 0.517397
vt 0.634679 0.518310
vt 0.634620 0.517395
vt 0.633897 0.518310
vt 0.633847 0.517395
vt 0.633137 0.518310
vt 0.633099 0.517394
vt 0.632403 0.518310
vt 0.632378 0.517394
vt 0.631694 0.518310
vt 0.631684 0.517393
vt 0.631014 0.518310
vt 0.631018 0.517393
vt 0.625000 0.518310
vt 0.625000 0.517393
vt 0.642400 0.516505
vt 0.643310 0.516515
vt 0.641482 0.516497
vt 0.640564 0.516492
vt 0.639655 0.516487
vt 0.638759 0.516483
vt 0.637879 0.516480
vt 0.637020 0.516477
vt 0.636184 0.516476
vt 0.635370 0.516475
vt 0.634582 0.516475
vt 0.633820 0.516475
vt 0.633086 0.516476
vt 0.632380 0.516477
vt 0.631702 0.516477
vt 0.631054 0.516477
vt 0.625000 0.516477
vt 0.642397 0.515601
vt 0.643310 0.515623
vt 0.641472 0.515584
vt 0.640545 0.515572
vt 0.639628 0.515563
vt 0.638725 0.515557
vt 0.637842 0.515554
vt 0.636983 0.515552
vt 0.636150 0.515553
vt 0.635344 0.515555
vt 0.634566 0.515558
vt 0.633817 0.515562
vt 0.633098 0.515566
vt 0.632409 0.515570
vt 0.631749 0.515573
vt 0.631118 0.515574
vt 0.625000 0.515574
vt 0.642395 0.514703
vt 0.643310 0.514738
vt 0.641465 0.514676
vt 0.640532 0.514656
vt 0.639609 0.514643
vt 0.638702 0.514636
vt 0.637818 0.514633
vt 0.636962 0.514634
vt 0.636135 0.514639
vt 0.635338 0.514647
vt 0.634572 0.514656
vt 0.633838 0.514666
vt 0.633135 0.514676
vt 0.632463 0.514684
vt 0.631822 0.514691
vt 0.631210 0.514695
vt 0.625000 0.514695
vt 0.642393 0.513815
vt 0.643310 0.513861
vt 0.641460 0.513778
vt 0.640525 0.513752
vt 0.639598 0.513735
vt 0.638690 0.513728
vt 0.637808 0.513728
vt 0.636956 0.513734
vt 0.636137 0.513745
vt 0.635351 0.513761
vt 0.634598 0.513778
vt 0.633879 0.513796
vt 0.633194 0.513814
vt 0.632541 0.513829
vt 0.631918 0.513840
vt 0.631326 0.513847
vt 0.625000 0.513848
vt 0.642392 0.512939
vt 0.643310 0.512995
vt 0.641458 0.512896
vt 0.640521 0.512865
vt 0.639595 0.512847
vt 0.638689 0.512841
vt 0.637811 0.512846
vt 0.636966 0.512859
vt 0.636155 0.512879
vt 0.635381 0.512904
vt 0.634642 0.512932
vt 0.633940 0.512960
vt 0.633272 0.512987
vt 0.632638 0.513010
vt 0.632035 0.513028
vt 0.631462 0.513040
vt 0.625000 0.513042
vt 0.642391 0.512079
vt 0.643310 0.512141
vt 0.641457 0.512032
vt 0.640522 0.512000
vt 0.639598 0.511983
vt 0.638696 0.511981
vt 0.637824 0.511993
vt 0.636987 0.512015
vt 0.636187 0.512046
vt 0.635426 0.512082
vt 0.634703 0.512123
vt 0.634017 0.512163
vt 0.633367 0.512201
vt 0.632752 0.512234
vt 0.632169 0.512260
vt 0.631616 0.512276
vt 0.625000 0.512281
vt 0.642391 0.511238
vt 0.643310 0.511303
vt 0.641457 0.511190
vt 0.640525 0.511159
vt 0.639605 0.511147
vt 0.638710 0.511153
vt 0.637846 0.511174
vt 0.637018 0.511207
vt 0.636230 0.511250
vt 0.635483 0.511301
vt 0.634776 0.511355
vt 0.634107 0.511409
vt 0.633476 0.511460
vt 0.632879 0.511504
vt 0.632316 0.511538
vt 0.631782 0.511560
vt 0.625000 0.511568
vt 0.642390 0.510417
vt 0.643310 0.510481
vt 0.641459 0.510371
vt 0.640530 0.510346
vt 0.639616 0.510342
vt 0.638728 0.510358
vt 0.637873 0.510391
vt 0.637057 0.510438
vt 0.636282 0.510496
vt 0.635549 0.510562
vt 0.634858 0.510632
vt 0.634207 0.510701
vt 0.633594 0.510766
vt 0.633017 0.510821
vt 0.632472 0.510865
vt 0.631958 0.510893
vt 0.625000 0.510903
vt 0.642390 0.509618
vt 0.643310 0.509679
vt 0.641460 0.509578
vt 0.640536 0.509562
vt 0.639629 0.509569
vt 0.638749 0.509597
vt 0.637904 0.509645
vt 0.637099 0.509707
vt 0.636338 0.509782
vt 0.635620 0.509866
vt 0.634945 0.509953
vt 0.634311 0.510038
vt 0.633716 0.510117
vt 0.633158 0.510186
vt 0.632632 0.510240
vt 0.632138 0.510275
vt 0.625000 0.510288
vt 0.642390 0.508843
vt 0.643310 0.508897
vt 0.641463 0.508813
vt 0.640543 0.508809
vt 0.639643 0.508829
vt 0.638771 0.508873
vt 0.637936 0.508936
vt 0.637143 0.509016
vt 0.636394 0.509109
vt 0.635691 0.509210
vt 0.635031 0.509315
vt 0.634414 0.509418
vt 0.633837 0.509513
vt 0.633297 0.509597
vt 0.632792 0.509663
vt 0.632319 0.509706
vt 0.625000 0.509722
vt 0.642390 0.508094
vt 0.643310 0.508137
vt 0.641466 0.508076
vt 0.640551 0.508086
vt 0.639657 0.508123
vt 0.638793 0.508183
vt 0.637968 0.508265
vt 0.637185 0.508363
vt 0.636447 0.508474
vt 0.635757 0.508594
vt 0.635112 0.508717
vt 0.634510 0.508838
vt 0.633950 0.508951
vt 0.633429 0.509052
vt 0.632945 0.509132
vt 0.632495 0.509186
vt 0.625000 0.509206
vt 0.642391 0.507371
vt 0.643310 0.507403
vt 0.641469 0.507368
vt 0.640558 0.507395
vt 0.639670 0.507449
vt 0.638813 0.507528
vt 0.637996 0.507628
vt 0.637222 0.507745
vt 0.636495 0.507875
vt 0.635815 0.508015
vt 0.635182 0.508157
vt 0.634594 0.508297
vt 0.634050 0.508429
vt 0.633549 0.508550
vt 0.633087 0.508648
vt 0.632662 0.508714
vt 0.625000 0.508739
vt 0.642391 0.506677
vt 0.643310 0.506694
vt 0.641472 0.506690
vt 0.640565 0.506734
vt 0.639681 0.506806
vt 0.638830 0.506904
vt 0.638019 0.507024
vt 0.637252 0.507161
vt 0.636532 0.507310
vt 0.635860 0.507469
vt 0.635237 0.507631
vt 0.634661 0.507791
vt 0.634131 0.507945
vt 0.633647 0.508087
vt 0.633207 0.508207
vt 0.632811 0.508294
vt 0.625000 0.508328
vt 0.642392 0.506011
vt 0.643310 0.506014
vt 0.641475 0.506041
vt 0.640570 0.506103
vt 0.639690 0.506194
vt 0.638842 0.506311
vt 0.638035 0.506450
vt 0.637272 0.506607
vt 0.636557 0.506776
vt 0.635891 0.506954
vt 0.635274 0.507136
vt 0.634705 0.507318
vt 0.634185 0.507494
vt 0.633714 0.507662
vt 0.633293 0.507811
vt 0.632929 0.507929
vt 0.625000 0.507980
vt 0.642393 0.500000
vt 0.643310 0.500000
vt 0.641477 0.500000
vt 0.640574 0.500000
vt 0.639695 0.500000
vt 0.638848 0.500000
vt 0.638042 0.500000
vt 0.637281 0.500000
vt 0.636568 0.500000
vt 0.635903 0.500000
vt 0.635288 0.500000
vt 0.634722 0.500000
vt 0.634206 0.500000
vt 0.633739 0.500000
vt 0.633328 0.500000
vt 0.632980 0.500000
vt 0.606690 0.517411
vt 0.607590 0.517405
vt 0.607589 0.518310
vt 0.606690 0.516515
vt 0.607591 0.516496
vt 0.606690 0.515623
vt 0.607592 0.515591
vt 0.606690 0.514738
vt 0.607594 0.514692
vt 0.606690 0.513861
vt 0.607596 0.513805
vt 0.606690 0.512995
vt 0.607598 0.512931
vt 0.606690 0.512141
vt 0.607600 0.512074
vt 0.606690 0.511303
vt 0.607602 0.511235
vt 0.606690 0.510481
vt 0.607603 0.510416
vt 0.606690 0.509679
vt 0.607605 0.509620
vt 0.606690 0.508897
vt 0.607605 0.508847
vt 0.606690 0.508137
vt 0.607606 0.508099
vt 0.606690 0.507403
vt 0.607606 0.507378
vt 0.606690 0.506694
vt 0.607607 0.506684
vt 0.606690 0.506014
vt 0.607607 0.506018
vt 0.608495 0.517400
vt 0.608485 0.518310
vt 0.608503 0.516482
vt 0.608508 0.515564
vt 0.608513 0.514655
vt 0.608517 0.513759
vt 0.608520 0.512880
vt 0.608523 0.512020
vt 0.608525 0.511183
vt 0.608525 0.510370
vt 0.608525 0.509582
vt 0.608525 0.508820
vt 0.608524 0.508086
vt 0.608523 0.507380
vt 0.608523 0.506702
vt 0.608523 0.506054
vt 0.609399 0.517397
vt 0.609377 0.518310
vt 0.609416 0.516472
vt 0.609428 0.515545
vt 0.609437 0.514628
vt 0.609443 0.513725
vt 0.609446 0.512842
vt 0.609448 0.511983
vt 0.609447 0.511150
vt 0.609445 0.510344
vt 0.609442 0.509566
vt 0.609438 0.508817
vt 0.609434 0.508098
vt 0.609430 0.507409
vt 0.609427 0.506749
vt 0.609426 0.506118
vt 0.610297 0.517395
vt 0.610262 0.518310
vt 0.610324 0.516465
vt 0.610344 0.515532
vt 0.610357 0.514609
vt 0.610364 0.513702
vt 0.610367 0.512818
vt 0.610366 0.511962
vt 0.610361 0.511135
vt 0.610353 0.510338
vt 0.610344 0.509572
vt 0.610334 0.508837
vt 0.610324 0.508135
vt 0.610316 0.507463
vt 0.610309 0.506822
vt 0.610305 0.506210
vt 0.611185 0.517393
vt 0.611139 0.518310
vt 0.611222 0.516460
vt 0.611248 0.515525
vt 0.611265 0.514598
vt 0.611272 0.513690
vt 0.611272 0.512808
vt 0.611266 0.511956
vt 0.611255 0.511137
vt 0.611239 0.510351
vt 0.611222 0.509598
vt 0.611204 0.508879
vt 0.611186 0.508194
vt 0.611171 0.507541
vt 0.611160 0.506919
vt 0.611153 0.506326
vt 0.612061 0.517392
vt 0.612005 0.518310
vt 0.612104 0.516458
vt 0.612135 0.515521
vt 0.612153 0.514595
vt 0.612159 0.513689
vt 0.612154 0.512811
vt 0.612141 0.511966
vt 0.612121 0.511155
vt 0.612096 0.510381
vt 0.612068 0.509642
vt 0.612040 0.508940
vt 0.612013 0.508272
vt 0.611990 0.507638
vt 0.611972 0.507035
vt 0.611960 0.506462
vt 0.612921 0.517391
vt 0.612859 0.518310
vt 0.612968 0.516457
vt 0.613000 0.515522
vt 0.613017 0.514598
vt 0.613018 0.513696
vt 0.613007 0.512824
vt 0.612985 0.511987
vt 0.612954 0.511187
vt 0.612917 0.510426
vt 0.612877 0.509703
vt 0.612837 0.509017
vt 0.612799 0.508367
vt 0.612766 0.507752
vt 0.612740 0.507169
vt 0.612724 0.506616
vt 0.613762 0.517391
vt 0.613697 0.518310
vt 0.613811 0.516457
vt 0.613841 0.515525
vt 0.613853 0.514606
vt 0.613847 0.513710
vt 0.613826 0.512846
vt 0.613793 0.512018
vt 0.613750 0.511230
vt 0.613699 0.510483
vt 0.613645 0.509776
vt 0.613591 0.509107
vt 0.613540 0.508476
vt 0.613496 0.507879
vt 0.613462 0.507316
vt 0.613440 0.506782
vt 0.614583 0.517390
vt 0.614519 0.518310
vt 0.614629 0.516459
vt 0.614654 0.515530
vt 0.614658 0.514616
vt 0.614642 0.513728
vt 0.614609 0.512873
vt 0.614562 0.512057
vt 0.614504 0.511282
vt 0.614438 0.510549
vt 0.614368 0.509858
vt 0.614299 0.509207
vt 0.614234 0.508594
vt 0.614179 0.508017
vt 0.614135 0.507472
vt 0.614107 0.506958
vt 0.615382 0.517390
vt 0.615321 0.518310
vt 0.615422 0.516461
vt 0.615438 0.515536
vt 0.615431 0.514629
vt 0.615403 0.513749
vt 0.615355 0.512904
vt 0.615292 0.512099
vt 0.615218 0.511338
vt 0.615134 0.510620
vt 0.615047 0.509945
vt 0.614962 0.509311
vt 0.614883 0.508716
vt 0.614814 0.508158
vt 0.614760 0.507632
vt 0.614725 0.507138
vt 0.616157 0.517390
vt 0.616103 0.518310
vt 0.616187 0.516463
vt 0.616191 0.515543
vt 0.616171 0.514643
vt 0.616127 0.513771
vt 0.616064 0.512936
vt 0.615984 0.512143
vt 0.615891 0.511394
vt 0.615790 0.510691
vt 0.615685 0.510031
vt 0.615582 0.509414
vt 0.615487 0.508837
vt 0.615403 0.508297
vt 0.615337 0.507792
vt 0.615294 0.507319
vt 0.616906 0.517390
vt 0.616863 0.518310
vt 0.616924 0.516466
vt 0.616914 0.515551
vt 0.616877 0.514657
vt 0.616817 0.513793
vt 0.616735 0.512968
vt 0.616637 0.512185
vt 0.616526 0.511448
vt 0.616406 0.510757
vt 0.616283 0.510112
vt 0.616162 0.509510
vt 0.616049 0.508950
vt 0.615948 0.508429
vt 0.615868 0.507945
vt 0.615814 0.507495
vt 0.617629 0.517391
vt 0.617597 0.518310
vt 0.617632 0.516469
vt 0.617605 0.515558
vt 0.617551 0.514670
vt 0.617472 0.513813
vt 0.617372 0.512996
vt 0.617255 0.512222
vt 0.617125 0.511495
vt 0.616985 0.510815
vt 0.616843 0.510182
vt 0.616703 0.509594
vt 0.616571 0.509050
vt 0.616450 0.508549
vt 0.616352 0.508087
vt 0.616286 0.507662
vt 0.618323 0.517391
vt 0.618306 0.518310
vt 0.618310 0.516472
vt 0.618266 0.515565
vt 0.618194 0.514681
vt 0.618096 0.513830
vt 0.617976 0.513019
vt 0.617839 0.512252
vt 0.617690 0.511532
vt 0.617531 0.510861
vt 0.617369 0.510237
vt 0.617209 0.509661
vt 0.617055 0.509131
vt 0.616913 0.508647
vt 0.616793 0.508207
vt 0.616706 0.507811
vt 0.618989 0.517392
vt 0.618986 0.518310
vt 0.618959 0.516475
vt 0.618897 0.515570
vt 0.618806 0.514690
vt 0.618689 0.513842
vt 0.618550 0.513035
vt 0.618393 0.512272
vt 0.618224 0.511557
vt 0.618046 0.510891
vt 0.617864 0.510274
vt 0.617682 0.509705
vt 0.617506 0.509186
vt 0.617338 0.508714
vt 0.617189 0.508293
vt 0.617071 0.507929
vt 0.356690 0.517411
vt 0.357590 0.517405
vt 0.357589 0.518310
vt 0.356690 0.516515
vt 0.357591 0.516496
vt 0.356690 0.515623
vt 0.357592 0.515591
vt 0.356690 0.514738
vt 0.357594 0.514692
vt 0.356690 0.513861
vt 0.357596 0.513805
vt 0.356690 0.512995
vt 0.357598 0.512931
vt 0.356690 0.512141
vt 0.357600 0.512074
vt 0.356690 0.511303
vt 0.357602 0.511235
vt 0.356690 0.510481
vt 0.357603 0.510416
vt 0.356690 0.509679
vt 0.357605 0.509620
vt 0.356690 0.508897
vt 0.357605 0.508847
vt 0.356690 0.508137
vt 0.357606 0.508099
vt 0.356690 0.507403
vt 0.357606 0.507378
vt 0.356690 0.506694
vt 0.357607 0.506684
vt 0.356690 0.506014
vt 0.357607 0.506018
vt 0.356690 0.500000
vt 0.357607 0.500000
vt 0.358495 0.517400
vt 0.358485 0.518310
vt 0.358503 0.516482
vt 0.358508 0.515564
vt 0.358513 0.514655
vt 0.358517 0.513759
vt 0.358520 0.512880
vt 0.358523 0.512020
vt 0.358524 0.511183
vt 0.358525 0.510370
vt 0.358525 0.509582
vt 0.358525 0.508820
vt 0.358524 0.508086
vt 0.358523 0.507380
vt 0.358523 0.506702
vt 0.358523 0.506054
vt 0.358523 0.500000
vt 0.359399 0.517397
vt 0.359377 0.518310
vt 0.359416 0.516472
vt 0.359428 0.515545
vt 0.359437 0.514628
vt 0.359443 0.513725
vt 0.359446 0.512842
vt 0.359448 0.511983
vt 0.359447 0.511150
vt 0.359445 0.510344
vt 0.359442 0.509566
vt 0.359438 0.508817
vt 0.359434 0.508098
vt 0.359430 0.507409
vt 0.359427 0.506749
vt 0.359426 0.506118
vt 0.359426 0.500000
vt 0.360297 0.517395
vt 0.360262 0.518310
vt 0.360324 0.516465
vt 0.360344 0.515532
vt 0.360357 0.514609
vt 0.360364 0.513702
vt 0.360367 0.512818
vt 0.360366 0.511962
vt 0.360361 0.511135
vt 0.360353 0.510338
vt 0.360344 0.509572
vt 0.360334 0.508837
vt 0.360324 0.508135
vt 0.360316 0.507463
vt 0.360309 0.506822
vt 0.360305 0.506210
vt 0.360305 0.500000
vt 0.361185 0.517393
vt 0.361139 0.518310
vt 0.361222 0.516460
vt 0.361248 0.515525
vt 0.361265 0.514598
vt 0.361272 0.513690
vt 0.361272 0.512808
vt 0.361266 0.511956
vt 0.361255 0.511137
vt 0.361239 0.510351
vt 0.361222 0.509598
vt 0.361204 0.508879
vt 0.361186 0.508194
vt 0.361171 0.507541
vt 0.361160 0.506919
vt 0.361153 0.506326
vt 0.361152 0.500000
vt 0.362061 0.517392
vt 0.362005 0.518310
vt 0.362104 0.516458
vt 0.362135 0.515521
vt 0.362153 0.514595
vt 0.362159 0.513689
vt 0.362154 0.512811
vt 0.362141 0.511966
vt 0.362121 0.511155
vt 0.362096 0.510381
vt 0.362068 0.509642
vt 0.362040 0.508940
vt 0.362013 0.508272
vt 0.361990 0.507638
vt 0.361972 0.507035
vt 0.361960 0.506462
vt 0.361958 0.500000
vt 0.362921 0.517391
vt 0.362859 0.518310
vt 0.362968 0.516457
vt 0.363000 0.515522
vt 0.363017 0.514598
vt 0.363018 0.513696
vt 0.363007 0.512824
vt 0.362985 0.511987
vt 0.362954 0.511187
vt 0.362918 0.510426
vt 0.362877 0.509703
vt 0.362837 0.509017
vt 0.362799 0.508367
vt 0.362766 0.507752
vt 0.362740 0.507169
vt 0.362724 0.506616
vt 0.362719 0.500000
vt 0.363762 0.517391
vt 0.363697 0.518310
vt 0.363811 0.516457
vt 0.363841 0.515525
vt 0.363853 0.514606
vt 0.363847 0.513710
vt 0.363826 0.512846
vt 0.363793 0.512018
vt 0.363750 0.511230
vt 0.363699 0.510483
vt 0.363645 0.509776
vt 0.363591 0.509107
vt 0.363540 0.508476
vt 0.363496 0.507879
vt 0.363462 0.507316
vt 0.363440 0.506782
vt 0.363432 0.500000
vt 0.364583 0.517390
vt 0.364519 0.518310
vt 0.364629 0.516459
vt 0.364654 0.515530
vt 0.364658 0.514616
vt 0.364642 0.513728
vt 0.364609 0.512873
vt 0.364562 0.512057
vt 0.364504 0.511282
vt 0.364438 0.510549
vt 0.364368 0.509858
vt 0.364299 0.509207
vt 0.364234 0.508594
vt 0.364179 0.508017
vt 0.364135 0.507472
vt 0.364107 0.506958
vt 0.364097 0.500000
vt 0.365382 0.517390
vt 0.365321 0.518310
vt 0.365422 0.516461
vt 0.365438 0.515536
vt 0.365431 0.514629
vt 0.365403 0.513749
vt 0.365355 0.512904
vt 0.365293 0.512099
vt 0.365218 0.511338
vt 0.365134 0.510620
vt 0.365047 0.509945
vt 0.364962 0.509311
vt 0.364883 0.508716
vt 0.364814 0.508158
vt 0.364760 0.507632
vt 0.364725 0.507138
vt 0.364712 0.500000
vt 0.366157 0.517390
vt 0.366103 0.518310
vt 0.366187 0.516463
vt 0.366191 0.515543
vt 0.366171 0.514643
vt 0.366127 0.513771
vt 0.366064 0.512936
vt 0.365984 0.512143
vt 0.365891 0.511394
vt 0.365790 0.510691
vt 0.365685 0.510031
vt 0.365582 0.509414
vt 0.365487 0.508837
vt 0.365403 0.508297
vt 0.365337 0.507792
vt 0.365294 0.507319
vt 0.365278 0.500000
vt 0.366906 0.517390
vt 0.366863 0.518310
vt 0.366924 0.516466
vt 0.366914 0.515551
vt 0.366877 0.514657
vt 0.366817 0.513793
vt 0.366735 0.512968
vt 0.366637 0.512185
vt 0.366526 0.511448
vt 0.366406 0.510757
vt 0.366283 0.510112
vt 0.366162 0.509510
vt 0.366049 0.508950
vt 0.365948 0.508429
vt 0.365868 0.507945
vt 0.365814 0.507495
vt 0.365794 0.500000
vt 0.367629 0.517391
vt 0.367597 0.518310
vt 0.367632 0.516469
vt 0.367605 0.515558
vt 0.367551 0.514670
vt 0.367472 0.513813
vt 0.367372 0.512996
vt 0.367255 0.512222
vt 0.367125 0.511495
vt 0.366985 0.510815
vt 0.366843 0.510182
vt 0.366703 0.509594
vt 0.366571 0.509050
vt 0.366450 0.508549
vt 0.366352 0.508087
vt 0.366286 0.507662
vt 0.366261 0.500000
vt 0.368323 0.517391
vt 0.368306 0.518310
vt 0.368310 0.516472
vt 0.368266 0.515565
vt 0.368194 0.514681
vt 0.368096 0.513830
vt 0.367976 0.513019
vt 0.367839 0.512252
vt 0.367690 0.511532
vt 0.367531 0.510861
vt 0.367369 0.510237
vt 0.367209 0.509661
vt 0.367055 0.509131
vt 0.366913 0.508647
vt 0.366793 0.508207
vt 0.366707 0.507811
vt 0.366672 0.500000
vt 0.368989 0.517392
vt 0.368986 0.518310
vt 0.368959 0.516475
vt 0.368897 0.515570
vt 0.368806 0.514690
vt 0.368689 0.513842
vt 0.368550 0.513035
vt 0.368393 0.512272
vt 0.368224 0.511557
vt 0.368046 0.510891
vt 0.367864 0.510274
vt 0.367682 0.509705
vt 0.367506 0.509186
vt 0.367338 0.508714
vt 0.367189 0.508293
vt 0.367071 0.507929
vt 0.367020 0.500000
vt 0.375000 0.517393
vt 0.375000 0.518310
vt 0.375000 0.516477
vt 0.375000 0.515574
vt 0.375000 0.514695
vt 0.375000 0.513848
vt 0.375000 0.513042
vt 0.375000 0.512281
vt 0.375000 0.511568
vt 0.375000 0.510903
vt 0.375000 0.510288
vt 0.375000 0.509722
vt 0.375000 0.509206
vt 0.375000 0.508739
vt 0.375000 0.508328
vt 0.375000 0.507980
vt 0.375000 0.502580
vt 0.393310 0.481690
vt 0.393310 0.482589
vt 0.392410 0.482595
vt 0.392411 0.481690
vt 0.393310 0.483485
vt 0.392409 0.483504
vt 0.393310 0.484377
vt 0.392408 0.484409
vt 0.393310 0.485262
vt 0.392406 0.485308
vt 0.393310 0.486139
vt 0.392404 0.486195
vt 0.393310 0.487005
vt 0.392402 0.487069
vt 0.393310 0.487859
vt 0.392400 0.487926
vt 0.393310 0.488697
vt 0.392398 0.488765
vt 0.393310 0.489519
vt 0.392397 0.489584
vt 0.393310 0.490321
vt 0.392395 0.490380
vt 0.393310 0.491103
vt 0.392395 0.491153
vt 0.393310 0.491863
vt 0.392394 0.491901
vt 0.393310 0.492597
vt 0.392394 0.492622
vt 0.393310 0.493306
vt 0.392393 0.493316
vt 0.393310 0.493986
vt 0.392393 0.493982
vt 0.393310 0.500000
vt 0.392393 0.500000
vt 0.391505 0.482600
vt 0.391515 0.481690
vt 0.391497 0.483518
vt 0.391492 0.484436
vt 0.391487 0.485345
vt 0.391483 0.486241
vt 0.391480 0.487120
vt 0.391477 0.487980
vt 0.391475 0.488817
vt 0.391475 0.489630
vt 0.391475 0.490418
vt 0.391475 0.491180
vt 0.391476 0.491914
vt 0.391477 0.492620
vt 0.391477 0.493298
vt 0.391477 0.493946
vt 0.391477 0.500000
vt 0.390601 0.482603
vt 0.390623 0.481690
vt 0.390584 0.483528
vt 0.390572 0.484455
vt 0.390563 0.485372
vt 0.390557 0.486275
vt 0.390554 0.487158
vt 0.390552 0.488017
vt 0.390553 0.488850
vt 0.390555 0.489656
vt 0.390558 0.490434
vt 0.390562 0.491183
vt 0.390566 0.491902
vt 0.390570 0.492591
vt 0.390573 0.493251
vt 0.390574 0.493882
vt 0.390574 0.500000
vt 0.389703 0.482605
vt 0.389738 0.481690
vt 0.389676 0.483535
vt 0.389656 0.484468
vt 0.389643 0.485391
vt 0.389636 0.486298
vt 0.389633 0.487182
vt 0.389634 0.488038
vt 0.389639 0.488865
vt 0.389647 0.489662
vt 0.389656 0.490428
vt 0.389666 0.491163
vt 0.389676 0.491865
vt 0.389684 0.492537
vt 0.389691 0.493178
vt 0.389695 0.493790
vt 0.389695 0.500000
vt 0.388815 0.482607
vt 0.388861 0.481690
vt 0.388778 0.483540
vt 0.388752 0.484475
vt 0.388735 0.485402
vt 0.388728 0.486310
vt 0.388728 0.487192
vt 0.388734 0.488044
vt 0.388745 0.488863
vt 0.388761 0.489649
vt 0.388778 0.490402
vt 0.388796 0.491121
vt 0.388814 0.491806
vt 0.388829 0.492459
vt 0.388840 0.493081
vt 0.388847 0.493674
vt 0.388848 0.500000
vt 0.387939 0.482608
vt 0.387995 0.481690
vt 0.387896 0.483542
vt 0.387865 0.484479
vt 0.387847 0.485405
vt 0.387841 0.486311
vt 0.387846 0.487189
vt 0.387859 0.488034
vt 0.387879 0.488845
vt 0.387904 0.489619
vt 0.387932 0.490358
vt 0.387960 0.491060
vt 0.387987 0.491728
vt 0.388010 0.492362
vt 0.388028 0.492965
vt 0.388040 0.493538
vt 0.388042 0.500000
vt 0.387079 0.482609
vt 0.387141 0.481690
vt 0.387032 0.483543
vt 0.387000 0.484478
vt 0.386983 0.485402
vt 0.386981 0.486304
vt 0.386993 0.487176
vt 0.387015 0.488013
vt 0.387046 0.488813
vt 0.387082 0.489574
vt 0.387123 0.490297
vt 0.387163 0.490983
vt 0.387201 0.491633
vt 0.387234 0.492248
vt 0.387260 0.492831
vt 0.387276 0.493384
vt 0.387281 0.500000
vt 0.386238 0.482609
vt 0.386303 0.481690
vt 0.386190 0.483543
vt 0.386159 0.484475
vt 0.386147 0.485395
vt 0.386153 0.486290
vt 0.386174 0.487154
vt 0.386207 0.487982
vt 0.386250 0.488770
vt 0.386301 0.489517
vt 0.386355 0.490224
vt 0.386409 0.490893
vt 0.386460 0.491524
vt 0.386504 0.492121
vt 0.386538 0.492684
vt 0.386560 0.493218
vt 0.386568 0.500000
vt 0.385417 0.482610
vt 0.385481 0.481690
vt 0.385371 0.483541
vt 0.385346 0.484470
vt 0.385342 0.485384
vt 0.385358 0.486272
vt 0.385391 0.487127
vt 0.385438 0.487943
vt 0.385496 0.488718
vt 0.385562 0.489451
vt 0.385632 0.490142
vt 0.385701 0.490793
vt 0.385766 0.491406
vt 0.385821 0.491983
vt 0.385865 0.492528
vt 0.385893 0.493042
vt 0.385903 0.500000
vt 0.384618 0.482610
vt 0.384679 0.481690
vt 0.384578 0.483539
vt 0.384562 0.484464
vt 0.384569 0.485371
vt 0.384597 0.486251
vt 0.384645 0.487096
vt 0.384708 0.487901
vt 0.384782 0.488662
vt 0.384866 0.489380
vt 0.384953 0.490055
vt 0.385038 0.490689
vt 0.385117 0.491284
vt 0.385186 0.491842
vt 0.385240 0.492368
vt 0.385275 0.492862
vt 0.385288 0.500000
vt 0.383843 0.482610
vt 0.383897 0.481690
vt 0.383813 0.483537
vt 0.383809 0.484457
vt 0.383829 0.485357
vt 0.383873 0.486229
vt 0.383936 0.487064
vt 0.384016 0.487857
vt 0.384109 0.488606
vt 0.384210 0.489309
vt 0.384315 0.489969
vt 0.384418 0.490586
vt 0.384513 0.491163
vt 0.384597 0.491703
vt 0.384663 0.492208
vt 0.384706 0.492681
vt 0.384722 0.500000
vt 0.383094 0.482610
vt 0.383137 0.481690
vt 0.383076 0.483534
vt 0.383086 0.484449
vt 0.383123 0.485343
vt 0.383183 0.486207
vt 0.383265 0.487032
vt 0.383363 0.487815
vt 0.383474 0.488552
vt 0.383594 0.489243
vt 0.383717 0.489888
vt 0.383838 0.490490
vt 0.383951 0.491050
vt 0.384052 0.491571
vt 0.384132 0.492055
vt 0.384186 0.492505
vt 0.384206 0.500000
vt 0.382371 0.482609
vt 0.382403 0.481690
vt 0.382368 0.483531
vt 0.382395 0.484442
vt 0.382449 0.485330
vt 0.382528 0.486187
vt 0.382628 0.487004
vt 0.382745 0.487778
vt 0.382875 0.488505
vt 0.383015 0.489185
vt 0.383157 0.489818
vt 0.383297 0.490406
vt 0.383429 0.490950
vt 0.383550 0.491451
vt 0.383648 0.491913
vt 0.383714 0.492338
vt 0.383739 0.500000
vt 0.381677 0.482609
vt 0.381694 0.481690
vt 0.381690 0.483528
vt 0.381734 0.484435
vt 0.381806 0.485319
vt 0.381904 0.486170
vt 0.382024 0.486981
vt 0.382161 0.487748
vt 0.382310 0.488468
vt 0.382469 0.489140
vt 0.382631 0.489763
vt 0.382791 0.490339
vt 0.382945 0.490869
vt 0.383087 0.491353
vt 0.383207 0.491793
vt 0.383294 0.492189
vt 0.383328 0.500000
vt 0.381011 0.482608
vt 0.381014 0.481690
vt 0.381041 0.483525
vt 0.381103 0.484430
vt 0.381194 0.485310
vt 0.381311 0.486158
vt 0.381450 0.486965
vt 0.381607 0.487728
vt 0.381776 0.488443
vt 0.381954 0.489109
vt 0.382136 0.489726
vt 0.382318 0.490295
vt 0.382494 0.490815
vt 0.382662 0.491286
vt 0.382811 0.491707
vt 0.382929 0.492071
vt 0.382980 0.500000
vt 0.375000 0.482607
vt 0.375000 0.481690
vt 0.375000 0.483523
vt 0.375000 0.484426
vt 0.375000 0.485305
vt 0.375000 0.486152
vt 0.375000 0.486958
vt 0.375000 0.487719
vt 0.375000 0.488432
vt 0.375000 0.489097
vt 0.375000 0.489712
vt 0.375000 0.490278
vt 0.375000 0.490794
vt 0.375000 0.491261
vt 0.375000 0.491672
vt 0.375000 0.492020
vt 0.392411 0.518310
vt 0.392405 0.517410
vt 0.393310 0.517411
vt 0.391515 0.518310
vt 0.391496 0.517409
vt 0.390623 0.518310
vt 0.390591 0.517408
vt 0.389738 0.518310
vt 0.389692 0.517406
vt 0.388861 0.518310
vt 0.388805 0.517404
vt 0.387995 0.518310
vt 0.387931 0.517402
vt 0.387141 0.518310
vt 0.387074 0.517400
vt 0.386303 0.518310
vt 0.386235 0.517398
vt 0.385481 0.518310
vt 0.385416 0.517397
vt 0.384679 0.518310
vt 0.384620 0.517395
vt 0.383897 0.518310
vt 0.383847 0.517395
vt 0.383137 0.518310
vt 0.383099 0.517394
vt 0.382403 0.518310
vt 0.382378 0.517394
vt 0.381694 0.518310
vt 0.381684 0.517393
vt 0.381014 0.518310
vt 0.381018 0.517393
vt 0.392400 0.516505
vt 0.393310 0.516515
vt 0.391482 0.516497
vt 0.390564 0.516492
vt 0.389655 0.516487
vt 0.388759 0.516483
vt 0.387880 0.516480
vt 0.387020 0.516477
vt 0.386184 0.516476
vt 0.385370 0.516475
vt 0.384582 0.516475
vt 0.383820 0.516475
vt 0.383086 0.516476
vt 0.382380 0.516477
vt 0.381702 0.516477
vt 0.381054 0.516477
vt 0.392397 0.515601
vt 0.393310 0.515623
vt 0.391472 0.515584
vt 0.390545 0.515572
vt 0.389628 0.515563
vt 0.388725 0.515557
vt 0.387842 0.515554
vt 0.386983 0.515552
vt 0.386150 0.515553
vt 0.385344 0.515555
vt 0.384566 0.515558
vt 0.383817 0.515562
vt 0.383098 0.515566
vt 0.382409 0.515570
vt 0.381749 0.515573
vt 0.381118 0.515574
vt 0.392395 0.514703
vt 0.393310 0.514738
vt 0.391465 0.514676
vt 0.390532 0.514656
vt 0.389609 0.514643
vt 0.388702 0.514636
vt 0.387818 0.514633
vt 0.386962 0.514634
vt 0.386135 0.514639
vt 0.385338 0.514647
vt 0.384572 0.514656
vt 0.383837 0.514666
vt 0.383135 0.514676
vt 0.382463 0.514684
vt 0.381822 0.514691
vt 0.381210 0.514695
vt 0.392393 0.513815
vt 0.393310 0.513861
vt 0.391460 0.513778
vt 0.390525 0.513752
vt 0.389598 0.513735
vt 0.388690 0.513728
vt 0.387808 0.513728
vt 0.386956 0.513734
vt 0.386137 0.513745
vt 0.385351 0.513761
vt 0.384598 0.513778
vt 0.383879 0.513796
vt 0.383194 0.513814
vt 0.382541 0.513829
vt 0.381919 0.513840
vt 0.381326 0.513847
vt 0.392392 0.512939
vt 0.393310 0.512995
vt 0.391458 0.512896
vt 0.390521 0.512865
vt 0.389595 0.512847
vt 0.388689 0.512841
vt 0.387811 0.512846
vt 0.386966 0.512859
vt 0.386155 0.512879
vt 0.385381 0.512904
vt 0.384642 0.512932
vt 0.383940 0.512960
vt 0.383272 0.512987
vt 0.382638 0.513010
vt 0.382035 0.513028
vt 0.381462 0.513040
vt 0.392391 0.512079
vt 0.393310 0.512141
vt 0.391457 0.512032
vt 0.390522 0.512000
vt 0.389598 0.511983
vt 0.388696 0.511981
vt 0.387824 0.511993
vt 0.386987 0.512015
vt 0.386187 0.512046
vt 0.385426 0.512082
vt 0.384703 0.512123
vt 0.384017 0.512163
vt 0.383367 0.512201
vt 0.382752 0.512234
vt 0.382169 0.512260
vt 0.381616 0.512276
vt 0.392391 0.511238
vt 0.393310 0.511303
vt 0.391457 0.511190
vt 0.390525 0.511159
vt 0.389605 0.511147
vt 0.388710 0.511153
vt 0.387846 0.511174
vt 0.387018 0.511207
vt 0.386230 0.511250
vt 0.385483 0.511301
vt 0.384776 0.511355
vt 0.384107 0.511409
vt 0.383476 0.511460
vt 0.382879 0.511504
vt 0.382316 0.511538
vt 0.381782 0.511560
vt 0.392390 0.510417
vt 0.393310 0.510481
vt 0.391459 0.510371
vt 0.390530 0.510346
vt 0.389616 0.510342
vt 0.388728 0.510358
vt 0.387873 0.510391
vt 0.387057 0.510438
vt 0.386282 0.510496
vt 0.385549 0.510562
vt 0.384858 0.510632
vt 0.384207 0.510701
vt 0.383594 0.510766
vt 0.383017 0.510821
vt 0.382472 0.510865
vt 0.381958 0.510893
vt 0.392390 0.509618
vt 0.393310 0.509679
vt 0.391461 0.509578
vt 0.390536 0.509562
vt 0.389629 0.509569
vt 0.388749 0.509597
vt 0.387904 0.509645
vt 0.387099 0.509707
vt 0.386338 0.509782
vt 0.385620 0.509866
vt 0.384945 0.509953
vt 0.384311 0.510038
vt 0.383716 0.510117
vt 0.383158 0.510186
vt 0.382632 0.510240
vt 0.382138 0.510275
vt 0.392390 0.508843
vt 0.393310 0.508897
vt 0.391463 0.508813
vt 0.390543 0.508809
vt 0.389643 0.508829
vt 0.388771 0.508873
vt 0.387936 0.508936
vt 0.387143 0.509016
vt 0.386394 0.509109
vt 0.385691 0.509210
vt 0.385031 0.509315
vt 0.384414 0.509418
vt 0.383837 0.509513
vt 0.383297 0.509597
vt 0.382792 0.509663
vt 0.382319 0.509706
vt 0.392390 0.508094
vt 0.393310 0.508137
vt 0.391466 0.508076
vt 0.390551 0.508086
vt 0.389657 0.508123
vt 0.388793 0.508183
vt 0.387968 0.508265
vt 0.387185 0.508363
vt 0.386448 0.508474
vt 0.385757 0.508594
vt 0.385112 0.508717
vt 0.384510 0.508838
vt 0.383950 0.508951
vt 0.383429 0.509052
vt 0.382945 0.509132
vt 0.382495 0.509186
vt 0.392391 0.507371
vt 0.393310 0.507403
vt 0.391469 0.507368
vt 0.390558 0.507395
vt 0.389670 0.507449
vt 0.388813 0.507528
vt 0.387996 0.507628
vt 0.387222 0.507745
vt 0.386495 0.507875
vt 0.385815 0.508015
vt 0.385182 0.508157
vt 0.384594 0.508297
vt 0.384050 0.508429
vt 0.383549 0.508550
vt 0.383087 0.508648
vt 0.382662 0.508714
vt 0.392391 0.506677
vt 0.393310 0.506694
vt 0.391472 0.506690
vt 0.390565 0.506734
vt 0.389681 0.506806
vt 0.388830 0.506904
vt 0.388019 0.507024
vt 0.387252 0.507161
vt 0.386532 0.507310
vt 0.385860 0.507469
vt 0.385237 0.507631
vt 0.384661 0.507791
vt 0.384131 0.507945
vt 0.383647 0.508087
vt 0.383207 0.508207
vt 0.382811 0.508294
vt 0.392392 0.506011
vt 0.393310 0.506014
vt 0.391475 0.506041
vt 0.390570 0.506103
vt 0.389690 0.506194
vt 0.388842 0.506311
vt 0.388035 0.506450
vt 0.387272 0.506607
vt 0.386557 0.506776
vt 0.385891 0.506954
vt 0.385274 0.507136
vt 0.384705 0.507318
vt 0.384186 0.507494
vt 0.383714 0.507662
vt 0.383293 0.507811
vt 0.382929 0.507929
vt 0.607589 0.731690
vt 0.607595 0.732590
vt 0.606690 0.732589
vt 0.608485 0.731690
vt 0.608504 0.732591
vt 0.609377 0.731690
vt 0.609409 0.732592
vt 0.610262 0.731690
vt 0.610308 0.732594
vt 0.611139 0.731690
vt 0.611195 0.732596
vt 0.612005 0.731690
vt 0.612069 0.732598
vt 0.612859 0.731690
vt 0.612926 0.732600
vt 0.613697 0.731690
vt 0.613765 0.732602
vt 0.614519 0.731690
vt 0.614584 0.732603
vt 0.615321 0.731690
vt 0.615380 0.732605
vt 0.616103 0.731690
vt 0.616153 0.732605
vt 0.616863 0.731690
vt 0.616901 0.732606
vt 0.617597 0.731690
vt 0.617622 0.732606
vt 0.618306 0.731690
vt 0.618316 0.732607
vt 0.618986 0.731690
vt 0.618982 0.732607
vt 0.625000 0.731690
vt 0.625000 0.732607
vt 0.607600 0.733495
vt 0.606690 0.733485
vt 0.608518 0.733503
vt 0.609436 0.733508
vt 0.610345 0.733513
vt 0.611241 0.733517
vt 0.612121 0.733520
vt 0.612980 0.733523
vt 0.613816 0.733524
vt 0.614630 0.733525
vt 0.615418 0.733525
vt 0.616180 0.733525
vt 0.616914 0.733524
vt 0.617620 0.733523
vt 0.618298 0.733523
vt 0.618946 0.733523
vt 0.625000 0.733523
vt 0.607603 0.734399
vt 0.606690 0.734377
vt 0.608528 0.734416
vt 0.609455 0.734428
vt 0.610372 0.734437
vt 0.611275 0.734443
vt 0.612158 0.734446
vt 0.613017 0.734448
vt 0.613850 0.734447
vt 0.614656 0.734445
vt 0.615434 0.734442
vt 0.616183 0.734438
vt 0.616902 0.734434
vt 0.617591 0.734430
vt 0.618251 0.734427
vt 0.618882 0.734426
vt 0.625000 0.734426
vt 0.607605 0.735297
vt 0.606690 0.735262
vt 0.608535 0.735324
vt 0.609468 0.735344
vt 0.610391 0.735357
vt 0.611298 0.735364
vt 0.612182 0.735367
vt 0.613038 0.735366
vt 0.613865 0.735361
vt 0.614662 0.735353
vt 0.615428 0.735344
vt 0.616163 0.735334
vt 0.616865 0.735324
vt 0.617537 0.735316
vt 0.618178 0.735309
vt 0.618790 0.735305
vt 0.625000 0.735305
vt 0.607607 0.736185
vt 0.606690 0.736139
vt 0.608540 0.736222
vt 0.609475 0.736248
vt 0.610402 0.736265
vt 0.611310 0.736272
vt 0.612192 0.736272
vt 0.613044 0.736266
vt 0.613863 0.736255
vt 0.614649 0.736239
vt 0.615402 0.736222
vt 0.616121 0.736204
vt 0.616806 0.736186
vt 0.617459 0.736171
vt 0.618081 0.736160
vt 0.618674 0.736153
vt 0.625000 0.736152
vt 0.607608 0.737061
vt 0.606690 0.737005
vt 0.608542 0.737105
vt 0.609479 0.737135
vt 0.610405 0.737153
vt 0.611311 0.737159
vt 0.612189 0.737154
vt 0.613034 0.737141
vt 0.613845 0.737121
vt 0.614619 0.737096
vt 0.615358 0.737068
vt 0.616060 0.737040
vt 0.616728 0.737013
vt 0.617362 0.736990
vt 0.617965 0.736972
vt 0.618538 0.736960
vt 0.625000 0.736958
vt 0.607609 0.737921
vt 0.606690 0.737859
vt 0.608543 0.737968
vt 0.609478 0.738000
vt 0.610402 0.738017
vt 0.611304 0.738019
vt 0.612176 0.738007
vt 0.613013 0.737985
vt 0.613813 0.737954
vt 0.614574 0.737917
vt 0.615297 0.737877
vt 0.615983 0.737837
vt 0.616633 0.737799
vt 0.617248 0.737766
vt 0.617831 0.737740
vt 0.618384 0.737724
vt 0.625000 0.737719
vt 0.607609 0.738762
vt 0.606690 0.738697
vt 0.608543 0.738811
vt 0.609475 0.738841
vt 0.610395 0.738853
vt 0.611290 0.738847
vt 0.612154 0.738826
vt 0.612982 0.738793
vt 0.613770 0.738750
vt 0.614517 0.738699
vt 0.615224 0.738645
vt 0.615893 0.738591
vt 0.616524 0.738540
vt 0.617121 0.738496
vt 0.617684 0.738462
vt 0.618218 0.738440
vt 0.625000 0.738433
vt 0.607610 0.739583
vt 0.606690 0.739519
vt 0.608541 0.739629
vt 0.609470 0.739654
vt 0.610384 0.739658
vt 0.611272 0.739642
vt 0.612127 0.739609
vt 0.612943 0.739562
vt 0.613718 0.739504
vt 0.614451 0.739438
vt 0.615142 0.739368
vt 0.615793 0.739299
vt 0.616406 0.739234
vt 0.616983 0.739179
vt 0.617528 0.739135
vt 0.618042 0.739107
vt 0.625000 0.739097
vt 0.607610 0.740382
vt 0.606690 0.740321
vt 0.608539 0.740422
vt 0.609464 0.740438
vt 0.610371 0.740431
vt 0.611251 0.740402
vt 0.612096 0.740355
vt 0.612901 0.740293
vt 0.613662 0.740218
vt 0.614380 0.740134
vt 0.615055 0.740047
vt 0.615689 0.739962
vt 0.616284 0.739883
vt 0.616842 0.739814
vt 0.617368 0.739760
vt 0.617862 0.739725
vt 0.625000 0.739712
vt 0.607610 0.741157
vt 0.606690 0.741103
vt 0.608537 0.741187
vt 0.609457 0.741191
vt 0.610357 0.741171
vt 0.611229 0.741127
vt 0.612064 0.741064
vt 0.612857 0.740984
vt 0.613606 0.740891
vt 0.614309 0.740790
vt 0.614969 0.740685
vt 0.615586 0.740582
vt 0.616163 0.740487
vt 0.616703 0.740403
vt 0.617208 0.740337
vt 0.617681 0.740294
vt 0.625000 0.740278
vt 0.607610 0.741906
vt 0.606690 0.741863
vt 0.608534 0.741924
vt 0.609449 0.741914
vt 0.610343 0.741877
vt 0.611207 0.741817
vt 0.612032 0.741735
vt 0.612815 0.741637
vt 0.613552 0.741526
vt 0.614243 0.741406
vt 0.614888 0.741283
vt 0.615490 0.741162
vt 0.616050 0.741049
vt 0.616571 0.740948
vt 0.617055 0.740868
vt 0.617505 0.740814
vt 0.625000 0.740794
vt 0.607609 0.742629
vt 0.606690 0.742597
vt 0.608531 0.742632
vt 0.609442 0.742605
vt 0.610330 0.742551
vt 0.611187 0.742472
vt 0.612004 0.742372
vt 0.612778 0.742255
vt 0.613505 0.742125
vt 0.614185 0.741985
vt 0.614819 0.741843
vt 0.615406 0.741703
vt 0.615950 0.741571
vt 0.616451 0.741450
vt 0.616913 0.741352
vt 0.617338 0.741286
vt 0.625000 0.741261
vt 0.607609 0.743323
vt 0.606690 0.743306
vt 0.608528 0.743310
vt 0.609435 0.743266
vt 0.610319 0.743194
vt 0.611170 0.743096
vt 0.611981 0.742976
vt 0.612748 0.742839
vt 0.613468 0.742690
vt 0.614140 0.742531
vt 0.614763 0.742369
vt 0.615339 0.742209
vt 0.615869 0.742055
vt 0.616353 0.741913
vt 0.616793 0.741793
vt 0.617189 0.741706
vt 0.625000 0.741672
vt 0.607608 0.743989
vt 0.606690 0.743986
vt 0.608525 0.743959
vt 0.609430 0.743897
vt 0.610310 0.743806
vt 0.611158 0.743689
vt 0.611965 0.743550
vt 0.612728 0.743393
vt 0.613443 0.743224
vt 0.614109 0.743046
vt 0.614726 0.742864
vt 0.615295 0.742682
vt 0.615815 0.742506
vt 0.616286 0.742338
vt 0.616706 0.742189
vt 0.617071 0.742071
vt 0.625000 0.742020
vt 0.607607 0.750000
vt 0.606690 0.750000
vt 0.608523 0.750000
vt 0.609426 0.750000
vt 0.610305 0.750000
vt 0.611152 0.750000
vt 0.611958 0.750000
vt 0.612719 0.750000
vt 0.613432 0.750000
vt 0.614097 0.750000
vt 0.614712 0.750000
vt 0.615278 0.750000
vt 0.615794 0.750000
vt 0.616261 0.750000
vt 0.616672 0.750000
vt 0.617020 0.750000
vt 0.625000 0.747420
vt 0.643310 0.732589
vt 0.642410 0.732595
vt 0.642411 0.731690
vt 0.643310 0.733485
vt 0.642409 0.733504
vt 0.643310 0.734377
vt 0.642408 0.734409
vt 0.643310 0.735262
vt 0.642406 0.735308
vt 0.643310 0.736139
vt 0.642404 0.736195
vt 0.643310 0.737005
vt 0.642402 0.737069
vt 0.643310 0.737859
vt 0.642400 0.737926
vt 0.643310 0.738697
vt 0.642398 0.738765
vt 0.643310 0.739519
vt 0.642397 0.739584
vt 0.643310 0.740321
vt 0.642396 0.740381
vt 0.643310 0.741103
vt 0.642395 0.741153
vt 0.643310 0.741863
vt 0.642394 0.741901
vt 0.643310 0.742597
vt 0.642394 0.742622
vt 0.643310 0.743306
vt 0.642393 0.743316
vt 0.643310 0.743986
vt 0.642393 0.743982
vt 0.643310 0.750000
vt 0.642393 0.750000
vt 0.641505 0.732600
vt 0.641515 0.731690
vt 0.641497 0.733518
vt 0.641492 0.734436
vt 0.641487 0.735345
vt 0.641483 0.736241
vt 0.641480 0.737120
vt 0.641477 0.737980
vt 0.641475 0.738816
vt 0.641475 0.739630
vt 0.641475 0.740418
vt 0.641475 0.741180
vt 0.641476 0.741914
vt 0.641477 0.742620
vt 0.641477 0.743298
vt 0.641477 0.743946
vt 0.641477 0.750000
vt 0.640601 0.732603
vt 0.640623 0.731690
vt 0.640584 0.733528
vt 0.640572 0.734455
vt 0.640563 0.735372
vt 0.640557 0.736275
vt 0.640554 0.737158
vt 0.640552 0.738017
vt 0.640553 0.738850
vt 0.640555 0.739656
vt 0.640558 0.740434
vt 0.640562 0.741183
vt 0.640566 0.741902
vt 0.640570 0.742591
vt 0.640573 0.743251
vt 0.640574 0.743882
vt 0.640574 0.750000
vt 0.639703 0.732605
vt 0.639738 0.731690
vt 0.639676 0.733535
vt 0.639656 0.734468
vt 0.639643 0.735391
vt 0.639636 0.736298
vt 0.639633 0.737182
vt 0.639634 0.738038
vt 0.639639 0.738865
vt 0.639647 0.739662
vt 0.639656 0.740428
vt 0.639666 0.741163
vt 0.639676 0.741865
vt 0.639685 0.742537
vt 0.639691 0.743178
vt 0.639695 0.743790
vt 0.639695 0.750000
vt 0.638815 0.732607
vt 0.638861 0.731690
vt 0.638778 0.733540
vt 0.638752 0.734475
vt 0.638735 0.735402
vt 0.638728 0.736310
vt 0.638728 0.737192
vt 0.638734 0.738044
vt 0.638746 0.738863
vt 0.638761 0.739649
vt 0.638778 0.740402
vt 0.638796 0.741121
vt 0.638814 0.741806
vt 0.638829 0.742459
vt 0.638840 0.743081
vt 0.638847 0.743674
vt 0.638848 0.750000
vt 0.637939 0.732608
vt 0.637995 0.731690
vt 0.637896 0.733542
vt 0.637865 0.734479
vt 0.637847 0.735405
vt 0.637841 0.736311
vt 0.637846 0.737189
vt 0.637859 0.738034
vt 0.637879 0.738845
vt 0.637904 0.739619
vt 0.637932 0.740358
vt 0.637960 0.741060
vt 0.637987 0.741728
vt 0.638010 0.742362
vt 0.638028 0.742965
vt 0.638040 0.743538
vt 0.638042 0.750000
vt 0.637079 0.732609
vt 0.637141 0.731690
vt 0.637032 0.733543
vt 0.637000 0.734478
vt 0.636983 0.735402
vt 0.636981 0.736304
vt 0.636993 0.737176
vt 0.637015 0.738013
vt 0.637046 0.738813
vt 0.637082 0.739574
vt 0.637123 0.740297
vt 0.637163 0.740983
vt 0.637201 0.741633
vt 0.637234 0.742248
vt 0.637260 0.742831
vt 0.637276 0.743384
vt 0.637281 0.750000
vt 0.636238 0.732609
vt 0.636303 0.731690
vt 0.636190 0.733543
vt 0.636159 0.734475
vt 0.636147 0.735394
vt 0.636153 0.736290
vt 0.636174 0.737154
vt 0.636207 0.737982
vt 0.636250 0.738770
vt 0.636301 0.739517
vt 0.636355 0.740224
vt 0.636409 0.740893
vt 0.636460 0.741524
vt 0.636504 0.742121
vt 0.636538 0.742684
vt 0.636560 0.743218
vt 0.636568 0.750000
vt 0.635417 0.732610
vt 0.635481 0.731690
vt 0.635371 0.733541
vt 0.635346 0.734470
vt 0.635342 0.735384
vt 0.635358 0.736272
vt 0.635390 0.737127
vt 0.635438 0.737943
vt 0.635496 0.738718
vt 0.635562 0.739451
vt 0.635632 0.740142
vt 0.635701 0.740793
vt 0.635766 0.741406
vt 0.635821 0.741983
vt 0.635865 0.742528
vt 0.635893 0.743042
vt 0.635903 0.750000
vt 0.634618 0.732610
vt 0.634679 0.731690
vt 0.634578 0.733539
vt 0.634562 0.734464
vt 0.634569 0.735371
vt 0.634597 0.736251
vt 0.634645 0.737096
vt 0.634707 0.737901
vt 0.634782 0.738662
vt 0.634866 0.739380
vt 0.634953 0.740055
vt 0.635038 0.740689
vt 0.635117 0.741284
vt 0.635186 0.741842
vt 0.635240 0.742368
vt 0.635275 0.742862
vt 0.635288 0.750000
vt 0.633843 0.732610
vt 0.633897 0.731690
vt 0.633813 0.733537
vt 0.633809 0.734457
vt 0.633829 0.735357
vt 0.633873 0.736229
vt 0.633936 0.737064
vt 0.634016 0.737857
vt 0.634109 0.738606
vt 0.634210 0.739309
vt 0.634315 0.739969
vt 0.634418 0.740586
vt 0.634513 0.741163
vt 0.634597 0.741703
vt 0.634663 0.742208
vt 0.634706 0.742681
vt 0.634722 0.750000
vt 0.633094 0.732610
vt 0.633137 0.731690
vt 0.633076 0.733534
vt 0.633086 0.734449
vt 0.633123 0.735343
vt 0.633183 0.736207
vt 0.633265 0.737032
vt 0.633363 0.737815
vt 0.633474 0.738552
vt 0.633594 0.739243
vt 0.633717 0.739889
vt 0.633838 0.740490
vt 0.633951 0.741050
vt 0.634052 0.741571
vt 0.634132 0.742055
vt 0.634186 0.742505
vt 0.634206 0.750000
vt 0.632371 0.732609
vt 0.632403 0.731690
vt 0.632368 0.733531
vt 0.632395 0.734442
vt 0.632449 0.735330
vt 0.632528 0.736187
vt 0.632628 0.737004
vt 0.632745 0.737778
vt 0.632875 0.738505
vt 0.633015 0.739185
vt 0.633157 0.739818
vt 0.633297 0.740406
vt 0.633429 0.740950
vt 0.633550 0.741451
vt 0.633648 0.741913
vt 0.633714 0.742338
vt 0.633739 0.750000
vt 0.631677 0.732609
vt 0.631694 0.731690
vt 0.631690 0.733528
vt 0.631734 0.734435
vt 0.631806 0.735319
vt 0.631904 0.736170
vt 0.632024 0.736981
vt 0.632161 0.737748
vt 0.632310 0.738468
vt 0.632469 0.739140
vt 0.632631 0.739763
vt 0.632791 0.740339
vt 0.632945 0.740869
vt 0.633087 0.741353
vt 0.633207 0.741793
vt 0.633294 0.742189
vt 0.633328 0.750000
vt 0.631011 0.732608
vt 0.631014 0.731690
vt 0.631041 0.733525
vt 0.631103 0.734430
vt 0.631194 0.735310
vt 0.631311 0.736158
vt 0.631450 0.736965
vt 0.631607 0.737728
vt 0.631776 0.738443
vt 0.631954 0.739109
vt 0.632136 0.739726
vt 0.632318 0.740295
vt 0.632494 0.740815
vt 0.632662 0.741286
vt 0.632811 0.741707
vt 0.632929 0.742071
vt 0.632980 0.750000
vt 0.606690 0.767411
vt 0.607590 0.767405
vt 0.607589 0.768310
vt 0.606690 0.766515
vt 0.607591 0.766496
vt 0.606690 0.765623
vt 0.607592 0.765591
vt 0.606690 0.764738
vt 0.607594 0.764692
vt 0.606690 0.763861
vt 0.607596 0.763805
vt 0.606690 0.762995
vt 0.607598 0.762931
vt 0.606690 0.762141
vt 0.607600 0.762074
vt 0.606690 0.761303
vt 0.607602 0.761235
vt 0.606690 0.760481
vt 0.607603 0.760416
vt 0.606690 0.759679
vt 0.607605 0.759620
vt 0.606690 0.758897
vt 0.607605 0.758847
vt 0.606690 0.758137
vt 0.607606 0.758099
vt 0.606690 0.757403
vt 0.607606 0.757378
vt 0.606690 0.756694
vt 0.607607 0.756684
vt 0.606690 0.756014
vt 0.607607 0.756018
vt 0.608495 0.767400
vt 0.608485 0.768310
vt 0.608503 0.766482
vt 0.608508 0.765564
vt 0.608513 0.764655
vt 0.608517 0.763759
vt 0.608520 0.762880
vt 0.608523 0.762020
vt 0.608525 0.761183
vt 0.608525 0.760370
vt 0.608525 0.759582
vt 0.608525 0.758820
vt 0.608524 0.758086
vt 0.608523 0.757380
vt 0.608523 0.756702
vt 0.608523 0.756054
vt 0.609399 0.767397
vt 0.609377 0.768310
vt 0.609416 0.766472
vt 0.609428 0.765545
vt 0.609437 0.764628
vt 0.609443 0.763724
vt 0.609446 0.762842
vt 0.609448 0.761983
vt 0.609447 0.761150
vt 0.609445 0.760344
vt 0.609442 0.759566
vt 0.609438 0.758817
vt 0.609434 0.758098
vt 0.609430 0.757409
vt 0.609427 0.756749
vt 0.609426 0.756118
vt 0.610297 0.767395
vt 0.610262 0.768310
vt 0.610324 0.766465
vt 0.610344 0.765532
vt 0.610357 0.764609
vt 0.610364 0.763702
vt 0.610367 0.762818
vt 0.610366 0.761962
vt 0.610361 0.761135
vt 0.610353 0.760338
vt 0.610344 0.759572
vt 0.610334 0.758837
vt 0.610324 0.758135
vt 0.610316 0.757463
vt 0.610309 0.756822
vt 0.610305 0.756210
vt 0.611185 0.767393
vt 0.611139 0.768310
vt 0.611222 0.766460
vt 0.611248 0.765525
vt 0.611265 0.764598
vt 0.611272 0.763690
vt 0.611272 0.762808
vt 0.611266 0.761956
vt 0.611255 0.761137
vt 0.611239 0.760351
vt 0.611222 0.759598
vt 0.611204 0.758879
vt 0.611186 0.758194
vt 0.611171 0.757541
vt 0.611160 0.756918
vt 0.611153 0.756326
vt 0.612061 0.767392
vt 0.612005 0.768310
vt 0.612104 0.766458
vt 0.612135 0.765521
vt 0.612153 0.764595
vt 0.612159 0.763689
vt 0.612154 0.762811
vt 0.612141 0.761966
vt 0.612121 0.761155
vt 0.612096 0.760381
vt 0.612068 0.759642
vt 0.612040 0.758940
vt 0.612013 0.758272
vt 0.611990 0.757638
vt 0.611972 0.757035
vt 0.611960 0.756462
vt 0.612921 0.767391
vt 0.612859 0.768310
vt 0.612968 0.766457
vt 0.613000 0.765522
vt 0.613017 0.764598
vt 0.613018 0.763696
vt 0.613007 0.762824
vt 0.612985 0.761987
vt 0.612954 0.761187
vt 0.612917 0.760426
vt 0.612877 0.759703
vt 0.612837 0.759017
vt 0.612799 0.758367
vt 0.612766 0.757752
vt 0.612740 0.757169
vt 0.612724 0.756616
vt 0.613762 0.767391
vt 0.613697 0.768310
vt 0.613811 0.766457
vt 0.613841 0.765525
vt 0.613853 0.764606
vt 0.613847 0.763710
vt 0.613826 0.762846
vt 0.613793 0.762018
vt 0.613750 0.761230
vt 0.613699 0.760483
vt 0.613645 0.759776
vt 0.613591 0.759107
vt 0.613540 0.758476
vt 0.613496 0.757879
vt 0.613462 0.757316
vt 0.613440 0.756782
vt 0.614583 0.767390
vt 0.614519 0.768310
vt 0.614629 0.766459
vt 0.614654 0.765530
vt 0.614658 0.764616
vt 0.614642 0.763728
vt 0.614609 0.762873
vt 0.614562 0.762057
vt 0.614504 0.761282
vt 0.614438 0.760549
vt 0.614368 0.759858
vt 0.614299 0.759207
vt 0.614234 0.758594
vt 0.614179 0.758017
vt 0.614135 0.757472
vt 0.614107 0.756958
vt 0.615382 0.767390
vt 0.615321 0.768310
vt 0.615422 0.766461
vt 0.615438 0.765536
vt 0.615431 0.764629
vt 0.615403 0.763749
vt 0.615355 0.762904
vt 0.615292 0.762100
vt 0.615218 0.761338
vt 0.615134 0.760620
vt 0.615047 0.759945
vt 0.614962 0.759311
vt 0.614883 0.758716
vt 0.614814 0.758158
vt 0.614760 0.757632
vt 0.614725 0.757138
vt 0.616157 0.767390
vt 0.616103 0.768310
vt 0.616187 0.766463
vt 0.616191 0.765543
vt 0.616171 0.764643
vt 0.616127 0.763771
vt 0.616064 0.762936
vt 0.615984 0.762143
vt 0.615891 0.761394
vt 0.615790 0.760691
vt 0.615685 0.760031
vt 0.615582 0.759414
vt 0.615487 0.758837
vt 0.615403 0.758297
vt 0.615337 0.757792
vt 0.615294 0.757319
vt 0.616906 0.767390
vt 0.616863 0.768310
vt 0.616924 0.766466
vt 0.616914 0.765551
vt 0.616877 0.764657
vt 0.616817 0.763793
vt 0.616735 0.762968
vt 0.616637 0.762185
vt 0.616526 0.761447
vt 0.616406 0.760757
vt 0.616283 0.760112
vt 0.616162 0.759510
vt 0.616049 0.758950
vt 0.615948 0.758429
vt 0.615868 0.757945
vt 0.615814 0.757495
vt 0.617629 0.767391
vt 0.617597 0.768310
vt 0.617632 0.766469
vt 0.617605 0.765558
vt 0.617551 0.764670
vt 0.617472 0.763813
vt 0.617372 0.762996
vt 0.617255 0.762222
vt 0.617125 0.761495
vt 0.616985 0.760815
vt 0.616843 0.760181
vt 0.616703 0.759594
vt 0.616571 0.759050
vt 0.616450 0.758549
vt 0.616352 0.758087
vt 0.616286 0.757662
vt 0.618323 0.767391
vt 0.618306 0.768310
vt 0.618310 0.766472
vt 0.618266 0.765565
vt 0.618194 0.764681
vt 0.618096 0.763830
vt 0.617976 0.763019
vt 0.617839 0.762252
vt 0.617690 0.761532
vt 0.617531 0.760860
vt 0.617369 0.760237
vt 0.617209 0.759661
vt 0.617055 0.759131
vt 0.616913 0.758647
vt 0.616793 0.758207
vt 0.616706 0.757811
vt 0.618989 0.767392
vt 0.618986 0.768310
vt 0.618959 0.766475
vt 0.618897 0.765570
vt 0.618806 0.764690
vt 0.618689 0.763842
vt 0.618550 0.763035
vt 0.618393 0.762272
vt 0.618224 0.761557
vt 0.618046 0.760891
vt 0.617864 0.760274
vt 0.617682 0.759705
vt 0.617506 0.759186
vt 0.617338 0.758714
vt 0.617189 0.758293
vt 0.617071 0.757929
vt 0.625000 0.767393
vt 0.625000 0.768310
vt 0.625000 0.766477
vt 0.625000 0.765574
vt 0.625000 0.764695
vt 0.625000 0.763848
vt 0.625000 0.763042
vt 0.625000 0.762281
vt 0.625000 0.761568
vt 0.625000 0.760903
vt 0.625000 0.760288
vt 0.625000 0.759722
vt 0.625000 0.759206
vt 0.625000 0.758739
vt 0.625000 0.758328
vt 0.625000 0.757980
vt 0.393310 0.732589
vt 0.392410 0.732595
vt 0.392411 0.731690
vt 0.393310 0.733485
vt 0.392409 0.733504
vt 0.393310 0.734377
vt 0.392408 0.734409
vt 0.393310 0.735262
vt 0.392406 0.735308
vt 0.393310 0.736139
vt 0.392404 0.736195
vt 0.393310 0.737005
vt 0.392402 0.737069
vt 0.393310 0.737859
vt 0.392400 0.737926
vt 0.393310 0.738697
vt 0.392398 0.738765
vt 0.393310 0.739519
vt 0.392397 0.739584
vt 0.393310 0.740321
vt 0.392395 0.740381
vt 0.393310 0.741103
vt 0.392395 0.741153
vt 0.393310 0.741863
vt 0.392394 0.741901
vt 0.393310 0.742597
vt 0.392394 0.742622
vt 0.393310 0.743306
vt 0.392393 0.743316
vt 0.393310 0.743986
vt 0.392393 0.743982
vt 0.393310 0.750000
vt 0.392393 0.750000
vt 0.391505 0.732600
vt 0.391515 0.731690
vt 0.391497 0.733518
vt 0.391492 0.734436
vt 0.391487 0.735345
vt 0.391483 0.736241
vt 0.391480 0.737120
vt 0.391477 0.737980
vt 0.391475 0.738816
vt 0.391475 0.739630
vt 0.391475 0.740418
vt 0.391475 0.741180
vt 0.391476 0.741914
vt 0.391477 0.742620
vt 0.391477 0.743298
vt 0.391477 0.743946
vt 0.391477 0.750000
vt 0.390601 0.732603
vt 0.390623 0.731690
vt 0.390584 0.733528
vt 0.390572 0.734455
vt 0.390563 0.735372
vt 0.390557 0.736275
vt 0.390554 0.737158
vt 0.390552 0.738017
vt 0.390553 0.738850
vt 0.390555 0.739656
vt 0.390558 0.740434
vt 0.390562 0.741183
vt 0.390566 0.741902
vt 0.390570 0.742591
vt 0.390573 0.743251
vt 0.390574 0.743882
vt 0.390574 0.750000
vt 0.389703 0.732605
vt 0.389738 0.731690
vt 0.389676 0.733535
vt 0.389656 0.734468
vt 0.389643 0.735391
vt 0.389636 0.736298
vt 0.389633 0.737182
vt 0.389634 0.738038
vt 0.389639 0.738865
vt 0.389647 0.739662
vt 0.389656 0.740428
vt 0.389666 0.741163
vt 0.389676 0.741865
vt 0.389684 0.742537
vt 0.389691 0.743178
vt 0.389695 0.743790
vt 0.389695 0.750000
vt 0.388815 0.732607
vt 0.388861 0.731690
vt 0.388778 0.733540
vt 0.388752 0.734475
vt 0.388735 0.735402
vt 0.388728 0.736310
vt 0.388728 0.737192
vt 0.388734 0.738044
vt 0.388745 0.738863
vt 0.388761 0.739649
vt 0.388778 0.740402
vt 0.388796 0.741121
vt 0.388814 0.741806
vt 0.388829 0.742459
vt 0.388840 0.743081
vt 0.388847 0.743674
vt 0.388848 0.750000
vt 0.387939 0.732608
vt 0.387995 0.731690
vt 0.387896 0.733542
vt 0.387865 0.734479
vt 0.387847 0.735405
vt 0.387841 0.736311
vt 0.387846 0.737189
vt 0.387859 0.738034
vt 0.387879 0.738845
vt 0.387904 0.739619
vt 0.387932 0.740358
vt 0.387960 0.741060
vt 0.387987 0.741728
vt 0.388010 0.742362
vt 0.388028 0.742965
vt 0.388040 0.743538
vt 0.388042 0.750000
vt 0.387079 0.732609
vt 0.387141 0.731690
vt 0.387032 0.733543
vt 0.387000 0.734478
vt 0.386983 0.735402
vt 0.386981 0.736304
vt 0.386993 0.737176
vt 0.387015 0.738013
vt 0.387046 0.738813
vt 0.387082 0.739574
vt 0.387123 0.740297
vt 0.387163 0.740983
vt 0.387201 0.741633
vt 0.387234 0.742248
vt 0.387260 0.742831
vt 0.387276 0.743384
vt 0.387281 0.750000
vt 0.386238 0.732609
vt 0.386303 0.731690
vt 0.386190 0.733543
vt 0.386159 0.734475
vt 0.386147 0.735394
vt 0.386153 0.736290
vt 0.386174 0.737154
vt 0.386207 0.737982
vt 0.386250 0.738770
vt 0.386301 0.739517
vt 0.386355 0.740224
vt 0.386409 0.740893
vt 0.386460 0.741524
vt 0.386504 0.742121
vt 0.386538 0.742684
vt 0.386560 0.743218
vt 0.386568 0.750000
vt 0.385417 0.732610
vt 0.385481 0.731690
vt 0.385371 0.733541
vt 0.385346 0.734470
vt 0.385342 0.735384
vt 0.385358 0.736272
vt 0.385391 0.737127
vt 0.385438 0.737943
vt 0.385496 0.738718
vt 0.385562 0.739451
vt 0.385632 0.740142
vt 0.385701 0.740793
vt 0.385766 0.741406
vt 0.385821 0.741983
vt 0.385865 0.742528
vt 0.385893 0.743042
vt 0.385903 0.750000
vt 0.384618 0.732610
vt 0.384679 0.731690
vt 0.384578 0.733539
vt 0.384562 0.734464
vt 0.384569 0.735371
vt 0.384597 0.736251
vt 0.384645 0.737096
vt 0.384708 0.737901
vt 0.384782 0.738662
vt 0.384866 0.739380
vt 0.384953 0.740055
vt 0.385038 0.740689
vt 0.385117 0.741284
vt 0.385186 0.741842
vt 0.385240 0.742368
vt 0.385275 0.742862
vt 0.385288 0.750000
vt 0.383843 0.732610
vt 0.383897 0.731690
vt 0.383813 0.733537
vt 0.383809 0.734457
vt 0.383829 0.735357
vt 0.383873 0.736229
vt 0.383936 0.737064
vt 0.384016 0.737857
vt 0.384109 0.738606
vt 0.384210 0.739309
vt 0.384315 0.739969
vt 0.384418 0.740586
vt 0.384513 0.741163
vt 0.384597 0.741703
vt 0.384663 0.742208
vt 0.384706 0.742681
vt 0.384722 0.750000
vt 0.383094 0.732610
vt 0.383137 0.731690
vt 0.383076 0.733534
vt 0.383086 0.734449
vt 0.383123 0.735343
vt 0.383183 0.736207
vt 0.383265 0.737032
vt 0.383363 0.737815
vt 0.383474 0.738552
vt 0.383594 0.739243
vt 0.383717 0.739889
vt 0.383838 0.740490
vt 0.383951 0.741050
vt 0.384052 0.741571
vt 0.384132 0.742055
vt 0.384186 0.742505
vt 0.384206 0.750000
vt 0.382371 0.732609
vt 0.382403 0.731690
vt 0.382368 0.733531
vt 0.382395 0.734442
vt 0.382449 0.735330
vt 0.382528 0.736187
vt 0.382628 0.737004
vt 0.382745 0.737778
vt 0.382875 0.738505
vt 0.383015 0.739185
vt 0.383157 0.739818
vt 0.383297 0.740406
vt 0.383429 0.740950
vt 0.383550 0.741451
vt 0.383648 0.741913
vt 0.383714 0.742338
vt 0.383739 0.750000
vt 0.381677 0.732609
vt 0.381694 0.731690
vt 0.381690 0.733528
vt 0.381734 0.734435
vt 0.381806 0.735319
vt 0.381904 0.736170
vt 0.382024 0.736981
vt 0.382161 0.737748
vt 0.382310 0.738468
vt 0.382469 0.739140
vt 0.382631 0.739763
vt 0.382791 0.740339
vt 0.382945 0.740869
vt 0.383087 0.741353
vt 0.383207 0.741793
vt 0.383294 0.742189
vt 0.383328 0.750000
vt 0.381011 0.732608
vt 0.381014 0.731690
vt 0.381041 0.733525
vt 0.381103 0.734430
vt 0.381194 0.735310
vt 0.381311 0.736158
vt 0.381450 0.736965
vt 0.381607 0.737728
vt 0.381776 0.738443
vt 0.381954 0.739109
vt 0.382136 0.739726
vt 0.382318 0.740295
vt 0.382494 0.740815
vt 0.382662 0.741286
vt 0.382811 0.741707
vt 0.382929 0.742071
vt 0.382980 0.750000
vt 0.375000 0.732607
vt 0.375000 0.731690
vt 0.375000 0.733523
vt 0.375000 0.734426
vt 0.375000 0.735305
vt 0.375000 0.736152
vt 0.375000 0.736958
vt 0.375000 0.737719
vt 0.375000 0.738433
vt 0.375000 0.739097
vt 0.375000 0.739712
vt 0.375000 0.740278
vt 0.375000 0.740794
vt 0.375000 0.741261
vt 0.375000 0.741672
vt 0.375000 0.742020
vt 0.377580 0.750000
vt 0.392411 0.768310
vt 0.392405 0.767410
vt 0.393310 0.767411
vt 0.391515 0.768310
vt 0.391496 0.767409
vt 0.390623 0.768310
vt 0.390591 0.767407
vt 0.389738 0.768310
vt 0.389692 0.767406
vt 0.388861 0.768310
vt 0.388805 0.767404
vt 0.387995 0.768310
vt 0.387931 0.767402
vt 0.387141 0.768310
vt 0.387074 0.767400
vt 0.386303 0.768310
vt 0.386235 0.767398
vt 0.385481 0.768310
vt 0.385416 0.767397
vt 0.384679 0.768310
vt 0.384620 0.767395
vt 0.383897 0.768310
vt 0.383847 0.767395
vt 0.383137 0.768310
vt 0.383099 0.767394
vt 0.382403 0.768310
vt 0.382378 0.767394
vt 0.381694 0.768310
vt 0.381684 0.767393
vt 0.381014 0.768310
vt 0.381018 0.767393
vt 0.375000 0.768310
vt 0.375000 0.767393
vt 0.392400 0.766505
vt 0.393310 0.766515
vt 0.391482 0.766497
vt 0.390564 0.766492
vt 0.389655 0.766487
vt 0.388759 0.766483
vt 0.387880 0.766480
vt 0.387020 0.766477
vt 0.386184 0.766476
vt 0.385370 0.766475
vt 0.384582 0.766475
vt 0.383820 0.766475
vt 0.383086 0.766476
vt 0.382380 0.766477
vt 0.381702 0.766477
vt 0.381054 0.766477
vt 0.375000 0.766477
vt 0.392397 0.765601
vt 0.393310 0.765623
vt 0.391472 0.765584
vt 0.390545 0.765572
vt 0.389628 0.765563
vt 0.388725 0.765557
vt 0.387842 0.765554
vt 0.386983 0.765552
vt 0.386150 0.765553
vt 0.385344 0.765555
vt 0.384566 0.765558
vt 0.383817 0.765562
vt 0.383098 0.765566
vt 0.382409 0.765570
vt 0.381749 0.765573
vt 0.381118 0.765574
vt 0.375000 0.765574
vt 0.392395 0.764703
vt 0.393310 0.764738
vt 0.391465 0.764676
vt 0.390532 0.764656
vt 0.389609 0.764643
vt 0.388702 0.764636
vt 0.387818 0.764633
vt 0.386962 0.764635
vt 0.386135 0.764639
vt 0.385338 0.764647
vt 0.384572 0.764656
vt 0.383837 0.764666
vt 0.383135 0.764676
vt 0.382463 0.764684
vt 0.381822 0.764691
vt 0.381210 0.764695
vt 0.375000 0.764695
vt 0.392393 0.763815
vt 0.393310 0.763861
vt 0.391460 0.763778
vt 0.390525 0.763752
vt 0.389598 0.763735
vt 0.388690 0.763728
vt 0.387808 0.763728
vt 0.386956 0.763734
vt 0.386137 0.763745
vt 0.385351 0.763761
vt 0.384598 0.763778
vt 0.383879 0.763796
vt 0.383194 0.763814
vt 0.382541 0.763829
vt 0.381919 0.763840
vt 0.381326 0.763847
vt 0.375000 0.763848
vt 0.392392 0.762939
vt 0.393310 0.762995
vt 0.391458 0.762896
vt 0.390521 0.762865
vt 0.389595 0.762847
vt 0.388689 0.762841
vt 0.387811 0.762846
vt 0.386966 0.762859
vt 0.386155 0.762879
vt 0.385381 0.762904
vt 0.384642 0.762932
vt 0.383940 0.762960
vt 0.383272 0.762987
vt 0.382638 0.763010
vt 0.382035 0.763028
vt 0.381462 0.763040
vt 0.375000 0.763042
vt 0.392391 0.762079
vt 0.393310 0.762141
vt 0.391457 0.762032
vt 0.390522 0.762000
vt 0.389598 0.761983
vt 0.388696 0.761981
vt 0.387824 0.761993
vt 0.386987 0.762015
vt 0.386187 0.762046
vt 0.385426 0.762082
vt 0.384703 0.762123
vt 0.384017 0.762163
vt 0.383367 0.762201
vt 0.382752 0.762234
vt 0.382169 0.762260
vt 0.381616 0.762276
vt 0.375000 0.762281
vt 0.392391 0.761238
vt 0.393310 0.761303
vt 0.391457 0.761190
vt 0.390525 0.761159
vt 0.389605 0.761147
vt 0.388710 0.761153
vt 0.387846 0.761174
vt 0.387018 0.761207
vt 0.386230 0.761250
vt 0.385483 0.761301
vt 0.384776 0.761355
vt 0.384107 0.761409
vt 0.383476 0.761460
vt 0.382879 0.761504
vt 0.382316 0.761538
vt 0.381782 0.761560
vt 0.375000 0.761568
vt 0.392390 0.760416
vt 0.393310 0.760481
vt 0.391459 0.760371
vt 0.390530 0.760346
vt 0.389616 0.760342
vt 0.388728 0.760358
vt 0.387873 0.760390
vt 0.387057 0.760438
vt 0.386282 0.760496
vt 0.385549 0.760562
vt 0.384858 0.760632
vt 0.384207 0.760701
vt 0.383594 0.760766
vt 0.383017 0.760821
vt 0.382472 0.760865
vt 0.381958 0.760893
vt 0.375000 0.760903
vt 0.392390 0.759618
vt 0.393310 0.759679
vt 0.391461 0.759578
vt 0.390536 0.759562
vt 0.389629 0.759569
vt 0.388749 0.759597
vt 0.387904 0.759645
vt 0.387099 0.759708
vt 0.386338 0.759782
vt 0.385620 0.759866
vt 0.384945 0.759953
vt 0.384311 0.760038
vt 0.383716 0.760117
vt 0.383158 0.760186
vt 0.382632 0.760240
vt 0.382138 0.760275
vt 0.375000 0.760288
vt 0.392390 0.758843
vt 0.393310 0.758897
vt 0.391463 0.758813
vt 0.390543 0.758809
vt 0.389643 0.758829
vt 0.388771 0.758873
vt 0.387936 0.758936
vt 0.387143 0.759016
vt 0.386394 0.759109
vt 0.385691 0.759210
vt 0.385031 0.759315
vt 0.384414 0.759418
vt 0.383837 0.759513
vt 0.383297 0.759597
vt 0.382792 0.759663
vt 0.382319 0.759706
vt 0.375000 0.759722
vt 0.392390 0.758094
vt 0.393310 0.758137
vt 0.391466 0.758076
vt 0.390551 0.758086
vt 0.389657 0.758123
vt 0.388793 0.758183
vt 0.387968 0.758265
vt 0.387185 0.758363
vt 0.386448 0.758474
vt 0.385757 0.758594
vt 0.385112 0.758717
vt 0.384510 0.758838
vt 0.383950 0.758951
vt 0.383429 0.759052
vt 0.382945 0.759132
vt 0.382495 0.759186
vt 0.375000 0.759206
vt 0.392391 0.757371
vt 0.393310 0.757403
vt 0.391469 0.757368
vt 0.390558 0.757395
vt 0.389670 0.757449
vt 0.388813 0.757528
vt 0.387996 0.757628
vt 0.387222 0.757745
vt 0.386495 0.757875
vt 0.385815 0.758015
vt 0.385182 0.758157
vt 0.384594 0.758297
vt 0.384050 0.758429
vt 0.383549 0.758550
vt 0.383087 0.758648
vt 0.382662 0.758714
vt 0.375000 0.758739
vt 0.392391 0.756677
vt 0.393310 0.756694
vt 0.391472 0.756690
vt 0.390565 0.756734
vt 0.389681 0.756806
vt 0.388830 0.756904
vt 0.388019 0.757024
vt 0.387252 0.757161
vt 0.386532 0.757310
vt 0.385860 0.757469
vt 0.385237 0.757631
vt 0.384661 0.757791
vt 0.384131 0.757945
vt 0.383647 0.758087
vt 0.383207 0.758207
vt 0.382811 0.758294
vt 0.375000 0.758328
vt 0.392392 0.756012
vt 0.393310 0.756014
vt 0.391475 0.756041
vt 0.390570 0.756103
vt 0.389690 0.756194
vt 0.388842 0.756311
vt 0.388035 0.756450
vt 0.387272 0.756607
vt 0.386557 0.756776
vt 0.385891 0.756954
vt 0.385274 0.757136
vt 0.384705 0.757318
vt 0.384186 0.757494
vt 0.383714 0.757662
vt 0.383293 0.757811
vt 0.382929 0.757929
vt 0.375000 0.757980
vt 0.357589 0.731690
vt 0.357595 0.732590
vt 0.356690 0.732589
vt 0.358485 0.731690
vt 0.358504 0.732591
vt 0.359377 0.731690
vt 0.359409 0.732592
vt 0.360262 0.731690
vt 0.360308 0.732594
vt 0.361139 0.731690
vt 0.361195 0.732596
vt 0.362005 0.731690
vt 0.362069 0.732598
vt 0.362859 0.731690
vt 0.362926 0.732600
vt 0.363697 0.731690
vt 0.363765 0.732602
vt 0.364519 0.731690
vt 0.364584 0.732603
vt 0.365321 0.731690
vt 0.365380 0.732605
vt 0.366103 0.731690
vt 0.366153 0.732605
vt 0.366863 0.731690
vt 0.366901 0.732606
vt 0.367597 0.731690
vt 0.367622 0.732606
vt 0.368306 0.731690
vt 0.368316 0.732607
vt 0.368986 0.731690
vt 0.368982 0.732607
vt 0.357600 0.733495
vt 0.356690 0.733485
vt 0.358518 0.733503
vt 0.359436 0.733508
vt 0.360345 0.733513
vt 0.361241 0.733517
vt 0.362120 0.733520
vt 0.362980 0.733523
vt 0.363817 0.733524
vt 0.364630 0.733525
vt 0.365418 0.733525
vt 0.366180 0.733525
vt 0.366914 0.733524
vt 0.367620 0.733523
vt 0.368298 0.733523
vt 0.368946 0.733523
vt 0.357603 0.734399
vt 0.356690 0.734377
vt 0.358528 0.734416
vt 0.359455 0.734428
vt 0.360372 0.734437
vt 0.361275 0.734443
vt 0.362158 0.734446
vt 0.363017 0.734448
vt 0.363850 0.734447
vt 0.364656 0.734445
vt 0.365434 0.734442
vt 0.366183 0.734438
vt 0.366902 0.734434
vt 0.367591 0.734430
vt 0.368251 0.734427
vt 0.368882 0.734426
vt 0.357605 0.735297
vt 0.356690 0.735262
vt 0.358535 0.735324
vt 0.359468 0.735344
vt 0.360391 0.735357
vt 0.361298 0.735364
vt 0.362182 0.735367
vt 0.363038 0.735366
vt 0.363865 0.735361
vt 0.364662 0.735353
vt 0.365428 0.735344
vt 0.366163 0.735334
vt 0.366865 0.735324
vt 0.367537 0.735316
vt 0.368178 0.735309
vt 0.368790 0.735305
vt 0.357607 0.736185
vt 0.356690 0.736139
vt 0.358540 0.736222
vt 0.359475 0.736248
vt 0.360402 0.736265
vt 0.361310 0.736272
vt 0.362192 0.736272
vt 0.363044 0.736266
vt 0.363863 0.736255
vt 0.364649 0.736239
vt 0.365402 0.736222
vt 0.366121 0.736204
vt 0.366806 0.736186
vt 0.367459 0.736171
vt 0.368081 0.736160
vt 0.368674 0.736153
vt 0.357608 0.737061
vt 0.356690 0.737005
vt 0.358542 0.737105
vt 0.359479 0.737135
vt 0.360405 0.737153
vt 0.361311 0.737159
vt 0.362189 0.737154
vt 0.363034 0.737141
vt 0.363845 0.737121
vt 0.364619 0.737096
vt 0.365358 0.737068
vt 0.366060 0.737040
vt 0.366728 0.737013
vt 0.367362 0.736990
vt 0.367965 0.736972
vt 0.368538 0.736960
vt 0.357609 0.737921
vt 0.356690 0.737859
vt 0.358543 0.737968
vt 0.359478 0.738000
vt 0.360402 0.738017
vt 0.361304 0.738019
vt 0.362176 0.738007
vt 0.363013 0.737985
vt 0.363813 0.737954
vt 0.364574 0.737917
vt 0.365297 0.737877
vt 0.365983 0.737837
vt 0.366633 0.737799
vt 0.367248 0.737766
vt 0.367831 0.737740
vt 0.368384 0.737724
vt 0.357609 0.738762
vt 0.356690 0.738697
vt 0.358543 0.738811
vt 0.359475 0.738841
vt 0.360395 0.738853
vt 0.361290 0.738847
vt 0.362154 0.738826
vt 0.362982 0.738793
vt 0.363770 0.738750
vt 0.364517 0.738699
vt 0.365224 0.738645
vt 0.365893 0.738591
vt 0.366524 0.738540
vt 0.367121 0.738496
vt 0.367684 0.738462
vt 0.368218 0.738440
vt 0.357610 0.739583
vt 0.356690 0.739519
vt 0.358541 0.739629
vt 0.359470 0.739654
vt 0.360384 0.739658
vt 0.361272 0.739642
vt 0.362127 0.739609
vt 0.362943 0.739562
vt 0.363718 0.739504
vt 0.364451 0.739438
vt 0.365142 0.739368
vt 0.365793 0.739299
vt 0.366406 0.739234
vt 0.366983 0.739179
vt 0.367528 0.739135
vt 0.368042 0.739107
vt 0.357610 0.740382
vt 0.356690 0.740321
vt 0.358539 0.740422
vt 0.359464 0.740438
vt 0.360371 0.740431
vt 0.361251 0.740402
vt 0.362096 0.740355
vt 0.362901 0.740293
vt 0.363662 0.740218
vt 0.364380 0.740134
vt 0.365055 0.740047
vt 0.365689 0.739962
vt 0.366284 0.739883
vt 0.366842 0.739814
vt 0.367368 0.739760
vt 0.367862 0.739725
vt 0.357610 0.741157
vt 0.356690 0.741103
vt 0.358537 0.741187
vt 0.359457 0.741191
vt 0.360357 0.741171
vt 0.361229 0.741127
vt 0.362064 0.741064
vt 0.362857 0.740984
vt 0.363606 0.740891
vt 0.364309 0.740790
vt 0.364969 0.740685
vt 0.365586 0.740582
vt 0.366163 0.740487
vt 0.366703 0.740403
vt 0.367208 0.740337
vt 0.367681 0.740294
vt 0.357610 0.741906
vt 0.356690 0.741863
vt 0.358534 0.741924
vt 0.359449 0.741914
vt 0.360343 0.741877
vt 0.361207 0.741817
vt 0.362032 0.741735
vt 0.362815 0.741637
vt 0.363552 0.741526
vt 0.364243 0.741406
vt 0.364889 0.741283
vt 0.365490 0.741162
vt 0.366050 0.741049
vt 0.366571 0.740948
vt 0.367055 0.740868
vt 0.367505 0.740814
vt 0.357609 0.742629
vt 0.356690 0.742597
vt 0.358531 0.742632
vt 0.359442 0.742605
vt 0.360330 0.742551
vt 0.361187 0.742472
vt 0.362004 0.742372
vt 0.362778 0.742255
vt 0.363505 0.742125
vt 0.364185 0.741985
vt 0.364818 0.741843
vt 0.365406 0.741703
vt 0.365950 0.741571
vt 0.366451 0.741450
vt 0.366913 0.741352
vt 0.367338 0.741286
vt 0.357609 0.743323
vt 0.356690 0.743306
vt 0.358528 0.743310
vt 0.359435 0.743266
vt 0.360319 0.743194
vt 0.361170 0.743096
vt 0.361981 0.742976
vt 0.362748 0.742839
vt 0.363468 0.742690
vt 0.364140 0.742531
vt 0.364763 0.742369
vt 0.365339 0.742209
vt 0.365869 0.742055
vt 0.366353 0.741913
vt 0.366793 0.741793
vt 0.367189 0.741706
vt 0.357608 0.743989
vt 0.356690 0.743986
vt 0.358525 0.743959
vt 0.359430 0.743897
vt 0.360310 0.743806
vt 0.361158 0.743689
vt 0.361965 0.743550
vt 0.362728 0.743393
vt 0.363443 0.743224
vt 0.364109 0.743046
vt 0.364726 0.742864
vt 0.365295 0.742682
vt 0.365815 0.742506
vt 0.366286 0.742338
vt 0.366707 0.742189
vt 0.367071 0.742071
vt 0.357607 0.750000
vt 0.356690 0.750000
vt 0.358523 0.750000
vt 0.359426 0.750000
vt 0.360305 0.750000
vt 0.361152 0.750000
vt 0.361958 0.750000
vt 0.362719 0.750000
vt 0.363432 0.750000
vt 0.364097 0.750000
vt 0.364712 0.750000
vt 0.365278 0.750000
vt 0.365794 0.750000
vt 0.366261 0.750000
vt 0.366672 0.750000
vt 0.367020 0.750000
vt 0.606690 0.268310
vt 0.606690 0.267411
vt 0.607590 0.267405
vt 0.607589 0.268310
vt 0.606690 0.266515
vt 0.607591 0.266496
vt 0.606690 0.265623
vt 0.607592 0.265591
vt 0.606690 0.264738
vt 0.607594 0.264692
vt 0.606690 0.263861
vt 0.607596 0.263805
vt 0.606690 0.262995
vt 0.607598 0.262931
vt 0.606690 0.262141
vt 0.607600 0.262074
vt 0.606690 0.261303
vt 0.607602 0.261235
vt 0.606690 0.260481
vt 0.607603 0.260416
vt 0.606690 0.259679
vt 0.607605 0.259620
vt 0.606690 0.258897
vt 0.607605 0.258847
vt 0.606690 0.258137
vt 0.607606 0.258099
vt 0.606690 0.257403
vt 0.607606 0.257378
vt 0.606690 0.256694
vt 0.607607 0.256684
vt 0.606690 0.256014
vt 0.607607 0.256018
vt 0.606690 0.250000
vt 0.607607 0.250000
vt 0.608495 0.267400
vt 0.608485 0.268310
vt 0.608503 0.266482
vt 0.608508 0.265564
vt 0.608513 0.264655
vt 0.608517 0.263759
vt 0.608520 0.262880
vt 0.608523 0.262020
vt 0.608525 0.261183
vt 0.608525 0.260370
vt 0.608525 0.259582
vt 0.608525 0.258820
vt 0.608524 0.258086
vt 0.608523 0.257380
vt 0.608523 0.256702
vt 0.608523 0.256054
vt 0.608523 0.250000
vt 0.609399 0.267397
vt 0.609377 0.268310
vt 0.609416 0.266472
vt 0.609428 0.265545
vt 0.609437 0.264628
vt 0.609443 0.263725
vt 0.609446 0.262842
vt 0.609448 0.261983
vt 0.609447 0.261150
vt 0.609445 0.260344
vt 0.609442 0.259566
vt 0.609438 0.258817
vt 0.609434 0.258098
vt 0.609430 0.257409
vt 0.609427 0.256749
vt 0.609426 0.256118
vt 0.609426 0.250000
vt 0.610297 0.267395
vt 0.610262 0.268310
vt 0.610324 0.266465
vt 0.610344 0.265532
vt 0.610357 0.264609
vt 0.610364 0.263702
vt 0.610367 0.262818
vt 0.610366 0.261962
vt 0.610361 0.261135
vt 0.610353 0.260338
vt 0.610344 0.259572
vt 0.610334 0.258837
vt 0.610324 0.258135
vt 0.610316 0.257463
vt 0.610309 0.256822
vt 0.610305 0.256210
vt 0.610305 0.250000
vt 0.611185 0.267393
vt 0.611139 0.268310
vt 0.611222 0.266460
vt 0.611248 0.265525
vt 0.611265 0.264598
vt 0.611272 0.263690
vt 0.611272 0.262808
vt 0.611266 0.261956
vt 0.611255 0.261137
vt 0.611239 0.260351
vt 0.611222 0.259598
vt 0.611204 0.258879
vt 0.611186 0.258194
vt 0.611171 0.257541
vt 0.611160 0.256919
vt 0.611153 0.256326
vt 0.611152 0.250000
vt 0.612061 0.267392
vt 0.612005 0.268310
vt 0.612104 0.266458
vt 0.612135 0.265521
vt 0.612153 0.264595
vt 0.612159 0.263689
vt 0.612154 0.262811
vt 0.612141 0.261966
vt 0.612121 0.261155
vt 0.612096 0.260381
vt 0.612068 0.259642
vt 0.612040 0.258940
vt 0.612013 0.258272
vt 0.611990 0.257638
vt 0.611972 0.257035
vt 0.611960 0.256462
vt 0.611958 0.250000
vt 0.612921 0.267391
vt 0.612859 0.268310
vt 0.612968 0.266457
vt 0.613000 0.265522
vt 0.613017 0.264598
vt 0.613018 0.263696
vt 0.613007 0.262824
vt 0.612985 0.261987
vt 0.612954 0.261187
vt 0.612917 0.260426
vt 0.612877 0.259703
vt 0.612837 0.259017
vt 0.612799 0.258367
vt 0.612766 0.257752
vt 0.612740 0.257169
vt 0.612724 0.256616
vt 0.612719 0.250000
vt 0.613762 0.267391
vt 0.613697 0.268310
vt 0.613811 0.266457
vt 0.613841 0.265525
vt 0.613853 0.264605
vt 0.613847 0.263710
vt 0.613826 0.262846
vt 0.613793 0.262018
vt 0.613750 0.261230
vt 0.613699 0.260483
vt 0.613645 0.259776
vt 0.613591 0.259107
vt 0.613540 0.258476
vt 0.613496 0.257879
vt 0.613462 0.257316
vt 0.613440 0.256782
vt 0.613432 0.250000
vt 0.614583 0.267390
vt 0.614519 0.268310
vt 0.614629 0.266459
vt 0.614654 0.265530
vt 0.614658 0.264616
vt 0.614642 0.263728
vt 0.614609 0.262873
vt 0.614562 0.262057
vt 0.614504 0.261282
vt 0.614438 0.260549
vt 0.614368 0.259858
vt 0.614299 0.259207
vt 0.614234 0.258594
vt 0.614179 0.258017
vt 0.614135 0.257472
vt 0.614107 0.256958
vt 0.614097 0.250000
vt 0.615382 0.267390
vt 0.615321 0.268310
vt 0.615422 0.266461
vt 0.615438 0.265536
vt 0.615431 0.264629
vt 0.615403 0.263749
vt 0.615355 0.262904
vt 0.615292 0.262099
vt 0.615218 0.261338
vt 0.615134 0.260620
vt 0.615047 0.259945
vt 0.614962 0.259311
vt 0.614883 0.258716
vt 0.614814 0.258158
vt 0.614760 0.257632
vt 0.614725 0.257138
vt 0.614712 0.250000
vt 0.616157 0.267390
vt 0.616103 0.268310
vt 0.616187 0.266463
vt 0.616191 0.265543
vt 0.616171 0.264643
vt 0.616127 0.263771
vt 0.616064 0.262936
vt 0.615984 0.262143
vt 0.615891 0.261394
vt 0.615790 0.260691
vt 0.615685 0.260031
vt 0.615582 0.259414
vt 0.615487 0.258837
vt 0.615403 0.258297
vt 0.615337 0.257792
vt 0.615294 0.257319
vt 0.615278 0.250000
vt 0.616906 0.267390
vt 0.616863 0.268310
vt 0.616924 0.266466
vt 0.616914 0.265551
vt 0.616877 0.264657
vt 0.616817 0.263793
vt 0.616735 0.262968
vt 0.616637 0.262185
vt 0.616526 0.261448
vt 0.616406 0.260757
vt 0.616283 0.260112
vt 0.616162 0.259510
vt 0.616049 0.258950
vt 0.615948 0.258429
vt 0.615868 0.257945
vt 0.615814 0.257495
vt 0.615794 0.250000
vt 0.617629 0.267391
vt 0.617597 0.268310
vt 0.617632 0.266469
vt 0.617605 0.265558
vt 0.617551 0.264670
vt 0.617472 0.263813
vt 0.617372 0.262996
vt 0.617255 0.262222
vt 0.617125 0.261495
vt 0.616985 0.260815
vt 0.616843 0.260182
vt 0.616703 0.259594
vt 0.616571 0.259050
vt 0.616450 0.258549
vt 0.616352 0.258087
vt 0.616286 0.257662
vt 0.616261 0.250000
vt 0.618323 0.267391
vt 0.618306 0.268310
vt 0.618310 0.266472
vt 0.618266 0.265565
vt 0.618194 0.264681
vt 0.618096 0.263830
vt 0.617976 0.263019
vt 0.617839 0.262252
vt 0.617690 0.261532
vt 0.617531 0.260860
vt 0.617369 0.260237
vt 0.617209 0.259661
vt 0.617055 0.259131
vt 0.616913 0.258647
vt 0.616793 0.258207
vt 0.616706 0.257811
vt 0.616672 0.250000
vt 0.618989 0.267392
vt 0.618986 0.268310
vt 0.618959 0.266475
vt 0.618897 0.265570
vt 0.618806 0.264690
vt 0.618689 0.263842
vt 0.618550 0.263035
vt 0.618393 0.262272
vt 0.618224 0.261557
vt 0.618046 0.260891
vt 0.617864 0.260274
vt 0.617682 0.259705
vt 0.617506 0.259185
vt 0.617338 0.258714
vt 0.617189 0.258293
vt 0.617071 0.257929
vt 0.617020 0.250000
vt 0.625000 0.267393
vt 0.625000 0.268310
vt 0.625000 0.266477
vt 0.625000 0.265574
vt 0.625000 0.264695
vt 0.625000 0.263848
vt 0.625000 0.263042
vt 0.625000 0.262281
vt 0.625000 0.261568
vt 0.625000 0.260903
vt 0.625000 0.260288
vt 0.625000 0.259722
vt 0.625000 0.259206
vt 0.625000 0.258739
vt 0.625000 0.258328
vt 0.625000 0.257980
vt 0.617261 0.250000
vt 0.607589 0.231690
vt 0.607595 0.232590
vt 0.606690 0.232589
vt 0.608485 0.231690
vt 0.608504 0.232591
vt 0.609377 0.231690
vt 0.609409 0.232592
vt 0.610262 0.231690
vt 0.610308 0.232594
vt 0.611139 0.231690
vt 0.611195 0.232596
vt 0.612005 0.231690
vt 0.612069 0.232598
vt 0.612859 0.231690
vt 0.612926 0.232600
vt 0.613697 0.231690
vt 0.613765 0.232602
vt 0.614519 0.231690
vt 0.614584 0.232603
vt 0.615321 0.231690
vt 0.615380 0.232605
vt 0.616103 0.231690
vt 0.616153 0.232605
vt 0.616863 0.231690
vt 0.616901 0.232606
vt 0.617597 0.231690
vt 0.617622 0.232606
vt 0.618306 0.231690
vt 0.618316 0.232607
vt 0.618986 0.231690
vt 0.618982 0.232607
vt 0.625000 0.231690
vt 0.625000 0.232607
vt 0.607600 0.233495
vt 0.606690 0.233485
vt 0.608518 0.233503
vt 0.609436 0.233508
vt 0.610345 0.233513
vt 0.611241 0.233517
vt 0.612121 0.233520
vt 0.612980 0.233523
vt 0.613816 0.233524
vt 0.614630 0.233525
vt 0.615418 0.233525
vt 0.616180 0.233525
vt 0.616914 0.233524
vt 0.617620 0.233523
vt 0.618298 0.233523
vt 0.618946 0.233523
vt 0.625000 0.233523
vt 0.607603 0.234399
vt 0.606690 0.234377
vt 0.608528 0.234416
vt 0.609455 0.234428
vt 0.610372 0.234437
vt 0.611275 0.234443
vt 0.612158 0.234446
vt 0.613017 0.234448
vt 0.613850 0.234447
vt 0.614656 0.234445
vt 0.615434 0.234442
vt 0.616183 0.234438
vt 0.616902 0.234434
vt 0.617591 0.234430
vt 0.618251 0.234427
vt 0.618882 0.234426
vt 0.625000 0.234426
vt 0.607605 0.235297
vt 0.606690 0.235262
vt 0.608535 0.235324
vt 0.609468 0.235344
vt 0.610391 0.235357
vt 0.611298 0.235364
vt 0.612182 0.235367
vt 0.613038 0.235366
vt 0.613865 0.235361
vt 0.614662 0.235353
vt 0.615428 0.235344
vt 0.616163 0.235334
vt 0.616865 0.235324
vt 0.617537 0.235315
vt 0.618178 0.235309
vt 0.618790 0.235305
vt 0.625000 0.235305
vt 0.607607 0.236185
vt 0.606690 0.236139
vt 0.608540 0.236222
vt 0.609475 0.236248
vt 0.610402 0.236265
vt 0.611310 0.236272
vt 0.612192 0.236272
vt 0.613044 0.236266
vt 0.613863 0.236255
vt 0.614649 0.236239
vt 0.615402 0.236222
vt 0.616121 0.236204
vt 0.616806 0.236186
vt 0.617459 0.236171
vt 0.618081 0.236160
vt 0.618674 0.236153
vt 0.625000 0.236152
vt 0.607608 0.237061
vt 0.606690 0.237005
vt 0.608542 0.237104
vt 0.609479 0.237135
vt 0.610405 0.237153
vt 0.611311 0.237159
vt 0.612189 0.237154
vt 0.613034 0.237141
vt 0.613845 0.237121
vt 0.614619 0.237096
vt 0.615358 0.237068
vt 0.616060 0.237040
vt 0.616728 0.237013
vt 0.617362 0.236990
vt 0.617965 0.236972
vt 0.618538 0.236960
vt 0.625000 0.236958
vt 0.607609 0.237921
vt 0.606690 0.237859
vt 0.608543 0.237968
vt 0.609478 0.238000
vt 0.610402 0.238017
vt 0.611304 0.238019
vt 0.612176 0.238007
vt 0.613013 0.237985
vt 0.613813 0.237954
vt 0.614574 0.237918
vt 0.615297 0.237877
vt 0.615983 0.237837
vt 0.616633 0.237799
vt 0.617248 0.237766
vt 0.617831 0.237740
vt 0.618384 0.237724
vt 0.625000 0.237719
vt 0.607609 0.238762
vt 0.606690 0.238697
vt 0.608543 0.238811
vt 0.609475 0.238841
vt 0.610395 0.238853
vt 0.611290 0.238847
vt 0.612154 0.238826
vt 0.612982 0.238793
vt 0.613770 0.238750
vt 0.614517 0.238699
vt 0.615224 0.238645
vt 0.615893 0.238591
vt 0.616524 0.238540
vt 0.617121 0.238496
vt 0.617684 0.238462
vt 0.618218 0.238440
vt 0.625000 0.238432
vt 0.607610 0.239583
vt 0.606690 0.239519
vt 0.608541 0.239629
vt 0.609470 0.239654
vt 0.610384 0.239658
vt 0.611272 0.239642
vt 0.612127 0.239609
vt 0.612943 0.239562
vt 0.613718 0.239504
vt 0.614451 0.239438
vt 0.615142 0.239368
vt 0.615793 0.239299
vt 0.616406 0.239234
vt 0.616983 0.239179
vt 0.617528 0.239135
vt 0.618042 0.239107
vt 0.625000 0.239097
vt 0.607610 0.240382
vt 0.606690 0.240321
vt 0.608539 0.240422
vt 0.609464 0.240438
vt 0.610371 0.240431
vt 0.611251 0.240402
vt 0.612096 0.240355
vt 0.612901 0.240293
vt 0.613662 0.240218
vt 0.614380 0.240134
vt 0.615055 0.240047
vt 0.615689 0.239962
vt 0.616284 0.239883
vt 0.616842 0.239814
vt 0.617368 0.239760
vt 0.617862 0.239725
vt 0.625000 0.239712
vt 0.607610 0.241157
vt 0.606690 0.241103
vt 0.608537 0.241187
vt 0.609457 0.241191
vt 0.610357 0.241171
vt 0.611229 0.241127
vt 0.612064 0.241064
vt 0.612857 0.240984
vt 0.613606 0.240891
vt 0.614309 0.240790
vt 0.614969 0.240685
vt 0.615586 0.240582
vt 0.616163 0.240487
vt 0.616703 0.240403
vt 0.617208 0.240337
vt 0.617681 0.240294
vt 0.625000 0.240278
vt 0.607610 0.241906
vt 0.606690 0.241863
vt 0.608534 0.241924
vt 0.609449 0.241914
vt 0.610343 0.241877
vt 0.611207 0.241817
vt 0.612032 0.241735
vt 0.612815 0.241637
vt 0.613552 0.241526
vt 0.614243 0.241406
vt 0.614888 0.241283
vt 0.615490 0.241162
vt 0.616050 0.241049
vt 0.616571 0.240948
vt 0.617055 0.240868
vt 0.617505 0.240814
vt 0.625000 0.240794
vt 0.607609 0.242629
vt 0.606690 0.242597
vt 0.608531 0.242632
vt 0.609442 0.242605
vt 0.610330 0.242551
vt 0.611187 0.242472
vt 0.612004 0.242372
vt 0.612778 0.242255
vt 0.613505 0.242125
vt 0.614185 0.241985
vt 0.614819 0.241843
vt 0.615406 0.241703
vt 0.615950 0.241571
vt 0.616451 0.241450
vt 0.616913 0.241352
vt 0.617338 0.241286
vt 0.625000 0.241261
vt 0.607609 0.243323
vt 0.606690 0.243306
vt 0.608528 0.243310
vt 0.609435 0.243266
vt 0.610319 0.243194
vt 0.611170 0.243096
vt 0.611981 0.242976
vt 0.612748 0.242839
vt 0.613468 0.242690
vt 0.614140 0.242531
vt 0.614763 0.242369
vt 0.615339 0.242209
vt 0.615869 0.242055
vt 0.616353 0.241913
vt 0.616793 0.241793
vt 0.617189 0.241706
vt 0.625000 0.241672
vt 0.607608 0.243989
vt 0.606690 0.243986
vt 0.608525 0.243959
vt 0.609430 0.243897
vt 0.610310 0.243806
vt 0.611158 0.243689
vt 0.611965 0.243550
vt 0.612728 0.243393
vt 0.613443 0.243224
vt 0.614109 0.243046
vt 0.614726 0.242864
vt 0.615295 0.242682
vt 0.615815 0.242506
vt 0.616286 0.242338
vt 0.616706 0.242189
vt 0.617071 0.242071
vt 0.625000 0.242020
vt 0.625000 0.242261
vt 0.856690 0.517411
vt 0.857590 0.517405
vt 0.857589 0.518310
vt 0.856690 0.516515
vt 0.857591 0.516496
vt 0.856690 0.515623
vt 0.857592 0.515591
vt 0.856690 0.514738
vt 0.857594 0.514692
vt 0.856690 0.513861
vt 0.857596 0.513805
vt 0.856690 0.512995
vt 0.857598 0.512931
vt 0.856690 0.512141
vt 0.857600 0.512074
vt 0.856690 0.511303
vt 0.857602 0.511235
vt 0.856690 0.510481
vt 0.857603 0.510416
vt 0.856690 0.509679
vt 0.857605 0.509620
vt 0.856690 0.508897
vt 0.857605 0.508847
vt 0.856690 0.508137
vt 0.857606 0.508099
vt 0.856690 0.507403
vt 0.857606 0.507378
vt 0.856690 0.506694
vt 0.857607 0.506684
vt 0.856690 0.506014
vt 0.857607 0.506018
vt 0.856690 0.500000
vt 0.857607 0.500000
vt 0.858495 0.517400
vt 0.858485 0.518310
vt 0.858503 0.516482
vt 0.858508 0.515564
vt 0.858513 0.514655
vt 0.858517 0.513759
vt 0.858520 0.512880
vt 0.858523 0.512020
vt 0.858524 0.511183
vt 0.858525 0.510370
vt 0.858525 0.509582
vt 0.858525 0.508820
vt 0.858524 0.508086
vt 0.858523 0.507380
vt 0.858523 0.506702
vt 0.858523 0.506054
vt 0.858523 0.500000
vt 0.859399 0.517397
vt 0.859377 0.518310
vt 0.859416 0.516472
vt 0.859428 0.515545
vt 0.859437 0.514628
vt 0.859443 0.513725
vt 0.859446 0.512842
vt 0.859448 0.511983
vt 0.859447 0.511150
vt 0.859445 0.510344
vt 0.859442 0.509566
vt 0.859438 0.508817
vt 0.859434 0.508098
vt 0.859430 0.507409
vt 0.859427 0.506749
vt 0.859426 0.506118
vt 0.859426 0.500000
vt 0.860297 0.517395
vt 0.860262 0.518310
vt 0.860324 0.516465
vt 0.860344 0.515532
vt 0.860357 0.514609
vt 0.860364 0.513702
vt 0.860367 0.512818
vt 0.860366 0.511962
vt 0.860361 0.511135
vt 0.860353 0.510338
vt 0.860344 0.509572
vt 0.860334 0.508837
vt 0.860324 0.508135
vt 0.860316 0.507463
vt 0.860309 0.506822
vt 0.860305 0.506210
vt 0.860305 0.500000
vt 0.861185 0.517393
vt 0.861139 0.518310
vt 0.861222 0.516460
vt 0.861248 0.515525
vt 0.861265 0.514598
vt 0.861272 0.513690
vt 0.861272 0.512808
vt 0.861266 0.511956
vt 0.861255 0.511137
vt 0.861239 0.510351
vt 0.861222 0.509598
vt 0.861204 0.508879
vt 0.861186 0.508194
vt 0.861171 0.507541
vt 0.861159 0.506919
vt 0.861153 0.506326
vt 0.861152 0.500000
vt 0.862061 0.517392
vt 0.862005 0.518310
vt 0.862104 0.516458
vt 0.862135 0.515521
vt 0.862153 0.514595
vt 0.862159 0.513689
vt 0.862154 0.512811
vt 0.862141 0.511966
vt 0.862121 0.511155
vt 0.862096 0.510381
vt 0.862068 0.509642
vt 0.862040 0.508940
vt 0.862013 0.508272
vt 0.861990 0.507638
vt 0.861972 0.507035
vt 0.861960 0.506462
vt 0.861958 0.500000
vt 0.862921 0.517391
vt 0.862859 0.518310
vt 0.862968 0.516457
vt 0.863000 0.515522
vt 0.863017 0.514598
vt 0.863018 0.513696
vt 0.863007 0.512824
vt 0.862985 0.511987
vt 0.862954 0.511187
vt 0.862917 0.510426
vt 0.862877 0.509703
vt 0.862837 0.509017
vt 0.862799 0.508367
vt 0.862766 0.507752
vt 0.862740 0.507169
vt 0.862724 0.506616
vt 0.862719 0.500000
vt 0.863762 0.517391
vt 0.863697 0.518310
vt 0.863811 0.516457
vt 0.863841 0.515525
vt 0.863853 0.514606
vt 0.863847 0.513710
vt 0.863826 0.512846
vt 0.863793 0.512018
vt 0.863750 0.511230
vt 0.863699 0.510483
vt 0.863645 0.509776
vt 0.863591 0.509107
vt 0.863540 0.508476
vt 0.863496 0.507879
vt 0.863462 0.507316
vt 0.863440 0.506782
vt 0.863432 0.500000
vt 0.864583 0.517390
vt 0.864519 0.518310
vt 0.864629 0.516459
vt 0.864654 0.515530
vt 0.864658 0.514616
vt 0.864642 0.513728
vt 0.864609 0.512873
vt 0.864562 0.512057
vt 0.864504 0.511282
vt 0.864438 0.510549
vt 0.864368 0.509858
vt 0.864299 0.509207
vt 0.864234 0.508594
vt 0.864179 0.508017
vt 0.864135 0.507472
vt 0.864107 0.506958
vt 0.864097 0.500000
vt 0.865382 0.517390
vt 0.865321 0.518310
vt 0.865422 0.516461
vt 0.865438 0.515536
vt 0.865431 0.514629
vt 0.865403 0.513749
vt 0.865355 0.512904
vt 0.865293 0.512099
vt 0.865218 0.511338
vt 0.865134 0.510620
vt 0.865047 0.509945
vt 0.864962 0.509311
vt 0.864883 0.508716
vt 0.864814 0.508158
vt 0.864760 0.507632
vt 0.864725 0.507138
vt 0.864712 0.500000
vt 0.866157 0.517390
vt 0.866103 0.518310
vt 0.866187 0.516463
vt 0.866191 0.515543
vt 0.866171 0.514643
vt 0.866127 0.513771
vt 0.866064 0.512936
vt 0.865984 0.512143
vt 0.865891 0.511394
vt 0.865790 0.510691
vt 0.865685 0.510031
vt 0.865582 0.509414
vt 0.865487 0.508837
vt 0.865403 0.508297
vt 0.865337 0.507792
vt 0.865294 0.507319
vt 0.865278 0.500000
vt 0.866906 0.517390
vt 0.866863 0.518310
vt 0.866924 0.516466
vt 0.866914 0.515551
vt 0.866877 0.514657
vt 0.866817 0.513793
vt 0.866735 0.512968
vt 0.866637 0.512185
vt 0.866526 0.511448
vt 0.866406 0.510757
vt 0.866283 0.510112
vt 0.866162 0.509510
vt 0.866049 0.508950
vt 0.865948 0.508429
vt 0.865868 0.507945
vt 0.865814 0.507495
vt 0.865794 0.500000
vt 0.867629 0.517391
vt 0.867597 0.518310
vt 0.867632 0.516469
vt 0.867605 0.515558
vt 0.867551 0.514670
vt 0.867472 0.513813
vt 0.867372 0.512996
vt 0.867255 0.512222
vt 0.867125 0.511495
vt 0.866985 0.510815
vt 0.866843 0.510182
vt 0.866703 0.509594
vt 0.866571 0.509050
vt 0.866450 0.508549
vt 0.866352 0.508087
vt 0.866286 0.507662
vt 0.866261 0.500000
vt 0.868323 0.517391
vt 0.868306 0.518310
vt 0.868310 0.516472
vt 0.868266 0.515565
vt 0.868194 0.514681
vt 0.868096 0.513830
vt 0.867976 0.513019
vt 0.867839 0.512252
vt 0.867690 0.511532
vt 0.867531 0.510861
vt 0.867369 0.510237
vt 0.867209 0.509661
vt 0.867055 0.509131
vt 0.866913 0.508647
vt 0.866793 0.508207
vt 0.866706 0.507811
vt 0.866672 0.500000
vt 0.868989 0.517392
vt 0.868986 0.518310
vt 0.868959 0.516475
vt 0.868897 0.515570
vt 0.868806 0.514690
vt 0.868689 0.513842
vt 0.868550 0.513035
vt 0.868393 0.512272
vt 0.868224 0.511557
vt 0.868046 0.510891
vt 0.867864 0.510274
vt 0.867682 0.509705
vt 0.867506 0.509186
vt 0.867338 0.508714
vt 0.867189 0.508293
vt 0.867071 0.507929
vt 0.867020 0.500000
vt 0.875000 0.517393
vt 0.875000 0.518310
vt 0.875000 0.516477
vt 0.875000 0.515574
vt 0.875000 0.514695
vt 0.875000 0.513848
vt 0.875000 0.513042
vt 0.875000 0.512281
vt 0.875000 0.511568
vt 0.875000 0.510903
vt 0.875000 0.510288
vt 0.875000 0.509722
vt 0.875000 0.509206
vt 0.875000 0.508739
vt 0.875000 0.508328
vt 0.875000 0.507980
vt 0.867261 0.500000
vt 0.393310 0.232589
vt 0.392410 0.232595
vt 0.392411 0.231690
vt 0.393310 0.233485
vt 0.392409 0.233504
vt 0.393310 0.234377
vt 0.392408 0.234409
vt 0.393310 0.235262
vt 0.392406 0.235308
vt 0.393310 0.236139
vt 0.392404 0.236195
vt 0.393310 0.237005
vt 0.392402 0.237069
vt 0.393310 0.237859
vt 0.392400 0.237926
vt 0.393310 0.238697
vt 0.392398 0.238765
vt 0.393310 0.239519
vt 0.392397 0.239584
vt 0.393310 0.240321
vt 0.392395 0.240380
vt 0.393310 0.241103
vt 0.392395 0.241153
vt 0.393310 0.241863
vt 0.392394 0.241901
vt 0.393310 0.242597
vt 0.392394 0.242622
vt 0.393310 0.243306
vt 0.392393 0.243316
vt 0.393310 0.243986
vt 0.392393 0.243982
vt 0.393310 0.250000
vt 0.392393 0.250000
vt 0.391505 0.232600
vt 0.391515 0.231690
vt 0.391497 0.233518
vt 0.391492 0.234436
vt 0.391487 0.235345
vt 0.391483 0.236241
vt 0.391480 0.237120
vt 0.391477 0.237980
vt 0.391475 0.238817
vt 0.391475 0.239630
vt 0.391475 0.240418
vt 0.391475 0.241180
vt 0.391476 0.241914
vt 0.391477 0.242620
vt 0.391477 0.243298
vt 0.391477 0.243946
vt 0.391477 0.250000
vt 0.390601 0.232603
vt 0.390623 0.231690
vt 0.390584 0.233528
vt 0.390572 0.234455
vt 0.390563 0.235372
vt 0.390557 0.236275
vt 0.390554 0.237158
vt 0.390552 0.238017
vt 0.390553 0.238850
vt 0.390555 0.239656
vt 0.390558 0.240434
vt 0.390562 0.241183
vt 0.390566 0.241902
vt 0.390570 0.242591
vt 0.390573 0.243251
vt 0.390574 0.243882
vt 0.390574 0.250000
vt 0.389703 0.232605
vt 0.389738 0.231690
vt 0.389676 0.233535
vt 0.389656 0.234468
vt 0.389643 0.235391
vt 0.389636 0.236298
vt 0.389633 0.237182
vt 0.389634 0.238038
vt 0.389639 0.238865
vt 0.389647 0.239662
vt 0.389656 0.240428
vt 0.389666 0.241163
vt 0.389676 0.241865
vt 0.389684 0.242537
vt 0.389691 0.243178
vt 0.389695 0.243790
vt 0.389695 0.250000
vt 0.388815 0.232607
vt 0.388861 0.231690
vt 0.388778 0.233540
vt 0.388752 0.234475
vt 0.388735 0.235402
vt 0.388728 0.236310
vt 0.388728 0.237192
vt 0.388734 0.238044
vt 0.388745 0.238863
vt 0.388761 0.239649
vt 0.388778 0.240402
vt 0.388796 0.241121
vt 0.388814 0.241806
vt 0.388829 0.242459
vt 0.388840 0.243081
vt 0.388847 0.243674
vt 0.388848 0.250000
vt 0.387939 0.232608
vt 0.387995 0.231690
vt 0.387896 0.233542
vt 0.387865 0.234479
vt 0.387847 0.235405
vt 0.387841 0.236311
vt 0.387846 0.237189
vt 0.387859 0.238034
vt 0.387879 0.238845
vt 0.387904 0.239619
vt 0.387932 0.240358
vt 0.387960 0.241060
vt 0.387987 0.241728
vt 0.388010 0.242362
vt 0.388028 0.242965
vt 0.388040 0.243538
vt 0.388042 0.250000
vt 0.387079 0.232609
vt 0.387141 0.231690
vt 0.387032 0.233543
vt 0.387000 0.234478
vt 0.386983 0.235402
vt 0.386981 0.236304
vt 0.386993 0.237176
vt 0.387015 0.238013
vt 0.387046 0.238813
vt 0.387082 0.239574
vt 0.387123 0.240297
vt 0.387163 0.240983
vt 0.387201 0.241633
vt 0.387234 0.242248
vt 0.387260 0.242831
vt 0.387276 0.243384
vt 0.387281 0.250000
vt 0.386238 0.232609
vt 0.386303 0.231690
vt 0.386190 0.233543
vt 0.386159 0.234475
vt 0.386147 0.235395
vt 0.386153 0.236290
vt 0.386174 0.237154
vt 0.386207 0.237982
vt 0.386250 0.238770
vt 0.386301 0.239517
vt 0.386355 0.240224
vt 0.386409 0.240893
vt 0.386460 0.241524
vt 0.386504 0.242121
vt 0.386538 0.242684
vt 0.386560 0.243218
vt 0.386568 0.250000
vt 0.385417 0.232610
vt 0.385481 0.231690
vt 0.385371 0.233541
vt 0.385346 0.234470
vt 0.385342 0.235384
vt 0.385358 0.236272
vt 0.385391 0.237127
vt 0.385438 0.237943
vt 0.385496 0.238718
vt 0.385562 0.239451
vt 0.385632 0.240142
vt 0.385701 0.240793
vt 0.385766 0.241406
vt 0.385821 0.241983
vt 0.385865 0.242528
vt 0.385893 0.243042
vt 0.385903 0.250000
vt 0.384618 0.232610
vt 0.384679 0.231690
vt 0.384578 0.233539
vt 0.384562 0.234464
vt 0.384569 0.235371
vt 0.384597 0.236251
vt 0.384645 0.237096
vt 0.384708 0.237901
vt 0.384782 0.238662
vt 0.384866 0.239380
vt 0.384953 0.240055
vt 0.385038 0.240689
vt 0.385117 0.241284
vt 0.385186 0.241842
vt 0.385240 0.242368
vt 0.385275 0.242862
vt 0.385288 0.250000
vt 0.383843 0.232610
vt 0.383897 0.231690
vt 0.383813 0.233537
vt 0.383809 0.234457
vt 0.383829 0.235357
vt 0.383873 0.236229
vt 0.383936 0.237064
vt 0.384016 0.237857
vt 0.384109 0.238606
vt 0.384210 0.239309
vt 0.384315 0.239969
vt 0.384418 0.240586
vt 0.384513 0.241163
vt 0.384597 0.241703
vt 0.384663 0.242208
vt 0.384706 0.242681
vt 0.384722 0.250000
vt 0.383094 0.232610
vt 0.383137 0.231690
vt 0.383076 0.233534
vt 0.383086 0.234449
vt 0.383123 0.235343
vt 0.383183 0.236207
vt 0.383265 0.237032
vt 0.383363 0.237815
vt 0.383474 0.238552
vt 0.383594 0.239243
vt 0.383717 0.239888
vt 0.383838 0.240490
vt 0.383951 0.241050
vt 0.384052 0.241571
vt 0.384132 0.242055
vt 0.384186 0.242505
vt 0.384206 0.250000
vt 0.382371 0.232609
vt 0.382403 0.231690
vt 0.382368 0.233531
vt 0.382395 0.234442
vt 0.382449 0.235330
vt 0.382528 0.236187
vt 0.382628 0.237004
vt 0.382745 0.237778
vt 0.382875 0.238505
vt 0.383015 0.239185
vt 0.383157 0.239818
vt 0.383297 0.240406
vt 0.383429 0.240950
vt 0.383550 0.241451
vt 0.383648 0.241913
vt 0.383714 0.242338
vt 0.383739 0.250000
vt 0.381677 0.232609
vt 0.381694 0.231690
vt 0.381690 0.233528
vt 0.381734 0.234435
vt 0.381806 0.235319
vt 0.381904 0.236170
vt 0.382024 0.236981
vt 0.382161 0.237748
vt 0.382310 0.238468
vt 0.382469 0.239140
vt 0.382631 0.239763
vt 0.382791 0.240339
vt 0.382945 0.240869
vt 0.383087 0.241353
vt 0.383207 0.241793
vt 0.383294 0.242189
vt 0.383328 0.250000
vt 0.381011 0.232608
vt 0.381014 0.231690
vt 0.381041 0.233525
vt 0.381103 0.234430
vt 0.381194 0.235310
vt 0.381311 0.236158
vt 0.381450 0.236965
vt 0.381607 0.237728
vt 0.381776 0.238443
vt 0.381954 0.239109
vt 0.382136 0.239726
vt 0.382318 0.240295
vt 0.382494 0.240815
vt 0.382662 0.241286
vt 0.382811 0.241707
vt 0.382929 0.242071
vt 0.382980 0.250000
vt 0.375000 0.232607
vt 0.375000 0.231690
vt 0.375000 0.233523
vt 0.375000 0.234426
vt 0.375000 0.235305
vt 0.375000 0.236152
vt 0.375000 0.236958
vt 0.375000 0.237719
vt 0.375000 0.238432
vt 0.375000 0.239097
vt 0.375000 0.239712
vt 0.375000 0.240278
vt 0.375000 0.240794
vt 0.375000 0.241261
vt 0.375000 0.241672
vt 0.375000 0.242020
vt 0.382739 0.250000
vt 0.393310 0.268310
vt 0.392411 0.268310
vt 0.392405 0.267410
vt 0.393310 0.267411
vt 0.391515 0.268310
vt 0.391496 0.267409
vt 0.390623 0.268310
vt 0.390591 0.267408
vt 0.389738 0.268310
vt 0.389692 0.267406
vt 0.388861 0.268310
vt 0.388805 0.267404
vt 0.387995 0.268310
vt 0.387931 0.267402
vt 0.387141 0.268310
vt 0.387074 0.267400
vt 0.386303 0.268310
vt 0.386235 0.267398
vt 0.385481 0.268310
vt 0.385416 0.267397
vt 0.384679 0.268310
vt 0.384620 0.267395
vt 0.383897 0.268310
vt 0.383847 0.267395
vt 0.383137 0.268310
vt 0.383099 0.267394
vt 0.382403 0.268310
vt 0.382378 0.267394
vt 0.381694 0.268310
vt 0.381684 0.267393
vt 0.381014 0.268310
vt 0.381018 0.267393
vt 0.375000 0.268310
vt 0.375000 0.267393
vt 0.392400 0.266505
vt 0.393310 0.266515
vt 0.391482 0.266497
vt 0.390564 0.266492
vt 0.389655 0.266487
vt 0.388759 0.266483
vt 0.387880 0.266480
vt 0.387020 0.266477
vt 0.386184 0.266476
vt 0.385370 0.266475
vt 0.384582 0.266475
vt 0.383820 0.266475
vt 0.383086 0.266476
vt 0.382380 0.266477
vt 0.381702 0.266477
vt 0.381054 0.266477
vt 0.375000 0.266477
vt 0.392397 0.265601
vt 0.393310 0.265623
vt 0.391472 0.265584
vt 0.390545 0.265572
vt 0.389628 0.265563
vt 0.388725 0.265557
vt 0.387842 0.265554
vt 0.386983 0.265552
vt 0.386150 0.265553
vt 0.385344 0.265555
vt 0.384566 0.265558
vt 0.383817 0.265562
vt 0.383098 0.265566
vt 0.382409 0.265570
vt 0.381749 0.265573
vt 0.381118 0.265574
vt 0.375000 0.265574
vt 0.392395 0.264703
vt 0.393310 0.264738
vt 0.391465 0.264676
vt 0.390532 0.264656
vt 0.389609 0.264643
vt 0.388702 0.264636
vt 0.387818 0.264633
vt 0.386962 0.264634
vt 0.386135 0.264639
vt 0.385338 0.264647
vt 0.384572 0.264656
vt 0.383837 0.264666
vt 0.383135 0.264676
vt 0.382463 0.264684
vt 0.381822 0.264691
vt 0.381210 0.264695
vt 0.375000 0.264695
vt 0.392393 0.263815
vt 0.393310 0.263861
vt 0.391460 0.263778
vt 0.390525 0.263752
vt 0.389598 0.263735
vt 0.388690 0.263728
vt 0.387808 0.263728
vt 0.386956 0.263734
vt 0.386137 0.263745
vt 0.385351 0.263761
vt 0.384598 0.263778
vt 0.383879 0.263796
vt 0.383194 0.263814
vt 0.382541 0.263829
vt 0.381919 0.263840
vt 0.381326 0.263847
vt 0.375000 0.263848
vt 0.392392 0.262939
vt 0.393310 0.262995
vt 0.391458 0.262896
vt 0.390521 0.262865
vt 0.389595 0.262847
vt 0.388689 0.262841
vt 0.387811 0.262846
vt 0.386966 0.262859
vt 0.386155 0.262879
vt 0.385381 0.262904
vt 0.384642 0.262932
vt 0.383940 0.262960
vt 0.383272 0.262987
vt 0.382638 0.263010
vt 0.382035 0.263028
vt 0.381462 0.263040
vt 0.375000 0.263042
vt 0.392391 0.262079
vt 0.393310 0.262141
vt 0.391457 0.262032
vt 0.390522 0.262000
vt 0.389598 0.261983
vt 0.388696 0.261981
vt 0.387824 0.261993
vt 0.386987 0.262015
vt 0.386187 0.262046
vt 0.385426 0.262082
vt 0.384703 0.262123
vt 0.384017 0.262163
vt 0.383367 0.262201
vt 0.382752 0.262234
vt 0.382169 0.262260
vt 0.381616 0.262276
vt 0.375000 0.262281
vt 0.392391 0.261238
vt 0.393310 0.261303
vt 0.391457 0.261190
vt 0.390525 0.261159
vt 0.389605 0.261147
vt 0.388710 0.261153
vt 0.387846 0.261174
vt 0.387018 0.261207
vt 0.386230 0.261250
vt 0.385483 0.261301
vt 0.384776 0.261355
vt 0.384107 0.261409
vt 0.383476 0.261460
vt 0.382879 0.261504
vt 0.382316 0.261538
vt 0.381782 0.261560
vt 0.375000 0.261568
vt 0.392390 0.260417
vt 0.393310 0.260481
vt 0.391459 0.260371
vt 0.390530 0.260346
vt 0.389616 0.260342
vt 0.388728 0.260358
vt 0.387873 0.260391
vt 0.387057 0.260438
vt 0.386282 0.260496
vt 0.385549 0.260562
vt 0.384858 0.260632
vt 0.384207 0.260701
vt 0.383594 0.260766
vt 0.383017 0.260821
vt 0.382472 0.260865
vt 0.381958 0.260893
vt 0.375000 0.260903
vt 0.392390 0.259618
vt 0.393310 0.259679
vt 0.391461 0.259578
vt 0.390536 0.259562
vt 0.389629 0.259569
vt 0.388749 0.259598
vt 0.387904 0.259645
vt 0.387099 0.259707
vt 0.386338 0.259782
vt 0.385620 0.259866
vt 0.384945 0.259953
vt 0.384311 0.260038
vt 0.383716 0.260117
vt 0.383158 0.260186
vt 0.382632 0.260240
vt 0.382138 0.260275
vt 0.375000 0.260288
vt 0.392390 0.258843
vt 0.393310 0.258897
vt 0.391463 0.258813
vt 0.390543 0.258809
vt 0.389643 0.258829
vt 0.388771 0.258873
vt 0.387936 0.258936
vt 0.387143 0.259016
vt 0.386394 0.259109
vt 0.385691 0.259210
vt 0.385031 0.259315
vt 0.384414 0.259418
vt 0.383837 0.259513
vt 0.383297 0.259597
vt 0.382792 0.259663
vt 0.382319 0.259706
vt 0.375000 0.259722
vt 0.392390 0.258094
vt 0.393310 0.258137
vt 0.391466 0.258076
vt 0.390551 0.258086
vt 0.389657 0.258123
vt 0.388793 0.258183
vt 0.387968 0.258265
vt 0.387185 0.258363
vt 0.386448 0.258474
vt 0.385757 0.258594
vt 0.385112 0.258717
vt 0.384510 0.258838
vt 0.383950 0.258951
vt 0.383429 0.259052
vt 0.382945 0.259132
vt 0.382495 0.259186
vt 0.375000 0.259206
vt 0.392391 0.257371
vt 0.393310 0.257403
vt 0.391469 0.257368
vt 0.390558 0.257395
vt 0.389670 0.257449
vt 0.388813 0.257528
vt 0.387996 0.257628
vt 0.387222 0.257745
vt 0.386495 0.257875
vt 0.385815 0.258015
vt 0.385182 0.258157
vt 0.384594 0.258297
vt 0.384050 0.258429
vt 0.383549 0.258550
vt 0.383087 0.258648
vt 0.382662 0.258714
vt 0.375000 0.258739
vt 0.392391 0.256677
vt 0.393310 0.256694
vt 0.391472 0.256690
vt 0.390565 0.256734
vt 0.389681 0.256806
vt 0.388830 0.256904
vt 0.388019 0.257024
vt 0.387252 0.257161
vt 0.386532 0.257310
vt 0.385860 0.257469
vt 0.385237 0.257631
vt 0.384661 0.257791
vt 0.384131 0.257945
vt 0.383647 0.258087
vt 0.383207 0.258207
vt 0.382811 0.258294
vt 0.375000 0.258328
vt 0.392392 0.256011
vt 0.393310 0.256014
vt 0.391475 0.256041
vt 0.390570 0.256103
vt 0.389690 0.256194
vt 0.388842 0.256311
vt 0.388035 0.256450
vt 0.387272 0.256607
vt 0.386557 0.256776
vt 0.385891 0.256954
vt 0.385274 0.257136
vt 0.384705 0.257318
vt 0.384186 0.257494
vt 0.383714 0.257662
vt 0.383293 0.257811
vt 0.382929 0.257929
vt 0.375000 0.257980
vt 0.375000 0.257739
vt 0.142411 0.518310
vt 0.142405 0.517410
vt 0.143310 0.517411
vt 0.141515 0.518310
vt 0.141496 0.517409
vt 0.140623 0.518310
vt 0.140591 0.517408
vt 0.139738 0.518310
vt 0.139692 0.517406
vt 0.138861 0.518310
vt 0.138805 0.517404
vt 0.137995 0.518310
vt 0.137931 0.517402
vt 0.137141 0.518310
vt 0.137074 0.517400
vt 0.136303 0.518310
vt 0.136235 0.517398
vt 0.135481 0.518310
vt 0.135416 0.517397
vt 0.134679 0.518310
vt 0.134620 0.517395
vt 0.133897 0.518310
vt 0.133847 0.517395
vt 0.133137 0.518310
vt 0.133099 0.517394
vt 0.132403 0.518310
vt 0.132378 0.517394
vt 0.131694 0.518310
vt 0.131684 0.517393
vt 0.131014 0.518310
vt 0.131018 0.517393
vt 0.125000 0.518310
vt 0.125000 0.517393
vt 0.142400 0.516505
vt 0.143310 0.516515
vt 0.141482 0.516497
vt 0.140564 0.516492
vt 0.139655 0.516487
vt 0.138759 0.516483
vt 0.137880 0.516480
vt 0.137020 0.516477
vt 0.136183 0.516476
vt 0.135370 0.516475
vt 0.134582 0.516475
vt 0.133820 0.516475
vt 0.133086 0.516476
vt 0.132380 0.516477
vt 0.131702 0.516477
vt 0.131054 0.516477
vt 0.125000 0.516477
vt 0.142397 0.515601
vt 0.143310 0.515623
vt 0.141472 0.515584
vt 0.140545 0.515572
vt 0.139628 0.515563
vt 0.138725 0.515557
vt 0.137842 0.515554
vt 0.136983 0.515552
vt 0.136150 0.515553
vt 0.135344 0.515555
vt 0.134566 0.515558
vt 0.133817 0.515562
vt 0.133098 0.515566
vt 0.132409 0.515570
vt 0.131749 0.515573
vt 0.131118 0.515574
vt 0.125000 0.515574
vt 0.142395 0.514703
vt 0.143310 0.514738
vt 0.141465 0.514676
vt 0.140532 0.514656
vt 0.139609 0.514643
vt 0.138702 0.514636
vt 0.137818 0.514633
vt 0.136962 0.514634
vt 0.136135 0.514639
vt 0.135338 0.514647
vt 0.134572 0.514656
vt 0.133837 0.514666
vt 0.133135 0.514676
vt 0.132463 0.514684
vt 0.131822 0.514691
vt 0.131210 0.514695
vt 0.125000 0.514695
vt 0.142393 0.513815
vt 0.143310 0.513861
vt 0.141460 0.513778
vt 0.140525 0.513752
vt 0.139598 0.513735
vt 0.138690 0.513728
vt 0.137808 0.513728
vt 0.136956 0.513734
vt 0.136137 0.513745
vt 0.135351 0.513761
vt 0.134598 0.513778
vt 0.133879 0.513796
vt 0.133194 0.513814
vt 0.132541 0.513829
vt 0.131919 0.513840
vt 0.131326 0.513847
vt 0.125000 0.513848
vt 0.142392 0.512939
vt 0.143310 0.512995
vt 0.141458 0.512896
vt 0.140521 0.512865
vt 0.139595 0.512847
vt 0.138689 0.512841
vt 0.137811 0.512846
vt 0.136966 0.512859
vt 0.136155 0.512879
vt 0.135381 0.512904
vt 0.134642 0.512932
vt 0.133940 0.512960
vt 0.133272 0.512987
vt 0.132638 0.513010
vt 0.132035 0.513028
vt 0.131462 0.513040
vt 0.125000 0.513042
vt 0.142391 0.512079
vt 0.143310 0.512141
vt 0.141457 0.512032
vt 0.140522 0.512000
vt 0.139598 0.511983
vt 0.138696 0.511981
vt 0.137824 0.511993
vt 0.136987 0.512015
vt 0.136187 0.512046
vt 0.135426 0.512082
vt 0.134703 0.512123
vt 0.134017 0.512163
vt 0.133367 0.512201
vt 0.132752 0.512234
vt 0.132169 0.512260
vt 0.131616 0.512276
vt 0.125000 0.512281
vt 0.142391 0.511238
vt 0.143310 0.511303
vt 0.141457 0.511190
vt 0.140525 0.511159
vt 0.139605 0.511147
vt 0.138710 0.511153
vt 0.137846 0.511174
vt 0.137018 0.511207
vt 0.136230 0.511250
vt 0.135483 0.511301
vt 0.134776 0.511355
vt 0.134107 0.511409
vt 0.133476 0.511460
vt 0.132879 0.511504
vt 0.132316 0.511538
vt 0.131782 0.511560
vt 0.125000 0.511568
vt 0.142390 0.510417
vt 0.143310 0.510481
vt 0.141459 0.510371
vt 0.140530 0.510346
vt 0.139616 0.510342
vt 0.138728 0.510358
vt 0.137873 0.510391
vt 0.137057 0.510438
vt 0.136282 0.510496
vt 0.135549 0.510562
vt 0.134858 0.510632
vt 0.134207 0.510701
vt 0.133594 0.510766
vt 0.133017 0.510821
vt 0.132472 0.510865
vt 0.131958 0.510893
vt 0.125000 0.510903
vt 0.142390 0.509618
vt 0.143310 0.509679
vt 0.141461 0.509578
vt 0.140536 0.509562
vt 0.139629 0.509569
vt 0.138749 0.509597
vt 0.137904 0.509645
vt 0.137099 0.509707
vt 0.136338 0.509782
vt 0.135620 0.509866
vt 0.134945 0.509953
vt 0.134311 0.510038
vt 0.133716 0.510117
vt 0.133158 0.510186
vt 0.132632 0.510240
vt 0.132138 0.510275
vt 0.125000 0.510288
vt 0.142390 0.508843
vt 0.143310 0.508897
vt 0.141463 0.508813
vt 0.140543 0.508809
vt 0.139643 0.508829
vt 0.138771 0.508873
vt 0.137936 0.508936
vt 0.137143 0.509016
vt 0.136394 0.509109
vt 0.135691 0.509210
vt 0.135031 0.509315
vt 0.134414 0.509418
vt 0.133837 0.509513
vt 0.133297 0.509597
vt 0.132792 0.509663
vt 0.132319 0.509706
vt 0.125000 0.509722
vt 0.142390 0.508094
vt 0.143310 0.508137
vt 0.141466 0.508076
vt 0.140551 0.508086
vt 0.139657 0.508123
vt 0.138793 0.508183
vt 0.137968 0.508265
vt 0.137185 0.508363
vt 0.136448 0.508474
vt 0.135757 0.508594
vt 0.135112 0.508717
vt 0.134510 0.508838
vt 0.133950 0.508951
vt 0.133429 0.509052
vt 0.132945 0.509132
vt 0.132495 0.509186
vt 0.125000 0.509206
vt 0.142391 0.507371
vt 0.143310 0.507403
vt 0.141469 0.507368
vt 0.140558 0.507395
vt 0.139670 0.507449
vt 0.138813 0.507528
vt 0.137996 0.507628
vt 0.137222 0.507745
vt 0.136495 0.507875
vt 0.135815 0.508015
vt 0.135182 0.508157
vt 0.134594 0.508297
vt 0.134050 0.508429
vt 0.133549 0.508550
vt 0.133087 0.508648
vt 0.132662 0.508714
vt 0.125000 0.508739
vt 0.142391 0.506677
vt 0.143310 0.506694
vt 0.141472 0.506690
vt 0.140565 0.506734
vt 0.139681 0.506806
vt 0.138830 0.506904
vt 0.138019 0.507024
vt 0.137252 0.507161
vt 0.136532 0.507310
vt 0.135860 0.507469
vt 0.135237 0.507631
vt 0.134661 0.507791
vt 0.134131 0.507945
vt 0.133647 0.508087
vt 0.133207 0.508207
vt 0.132811 0.508294
vt 0.125000 0.508328
vt 0.142392 0.506011
vt 0.143310 0.506014
vt 0.141475 0.506041
vt 0.140570 0.506103
vt 0.139690 0.506194
vt 0.138842 0.506311
vt 0.138035 0.506450
vt 0.137272 0.506607
vt 0.136557 0.506776
vt 0.135891 0.506954
vt 0.135274 0.507136
vt 0.134705 0.507318
vt 0.134186 0.507494
vt 0.133714 0.507662
vt 0.133293 0.507811
vt 0.132929 0.507929
vt 0.125000 0.507980
vt 0.142393 0.500000
vt 0.143310 0.500000
vt 0.141477 0.500000
vt 0.140574 0.500000
vt 0.139695 0.500000
vt 0.138848 0.500000
vt 0.138042 0.500000
vt 0.137281 0.500000
vt 0.136568 0.500000
vt 0.135903 0.500000
vt 0.135288 0.500000
vt 0.134722 0.500000
vt 0.134206 0.500000
vt 0.133739 0.500000
vt 0.133328 0.500000
vt 0.132980 0.500000
vt 0.125000 0.507739
vt 0.606690 0.017411
vt 0.607590 0.017405
vt 0.607589 0.018310
vt 0.606690 0.016515
vt 0.607591 0.016496
vt 0.606690 0.015623
vt 0.607592 0.015591
vt 0.606690 0.014738
vt 0.607594 0.014692
vt 0.606690 0.013861
vt 0.607596 0.013805
vt 0.606690 0.012995
vt 0.607598 0.012931
vt 0.606690 0.012141
vt 0.607600 0.012074
vt 0.606690 0.011303
vt 0.607602 0.011235
vt 0.606690 0.010481
vt 0.607603 0.010416
vt 0.606690 0.009679
vt 0.607605 0.009620
vt 0.606690 0.008897
vt 0.607605 0.008847
vt 0.606690 0.008137
vt 0.607606 0.008099
vt 0.606690 0.007403
vt 0.607606 0.007378
vt 0.606690 0.006694
vt 0.607607 0.006684
vt 0.606690 0.006014
vt 0.607607 0.006018
vt 0.606690 0.000000
vt 0.607607 0.000000
vt 0.608495 0.017400
vt 0.608485 0.018310
vt 0.608503 0.016482
vt 0.608508 0.015564
vt 0.608513 0.014655
vt 0.608517 0.013759
vt 0.608520 0.012880
vt 0.608523 0.012020
vt 0.608525 0.011183
vt 0.608525 0.010370
vt 0.608525 0.009582
vt 0.608525 0.008820
vt 0.608524 0.008086
vt 0.608523 0.007380
vt 0.608523 0.006702
vt 0.608523 0.006054
vt 0.608523 0.000000
vt 0.609399 0.017397
vt 0.609377 0.018310
vt 0.609416 0.016472
vt 0.609428 0.015545
vt 0.609437 0.014628
vt 0.609443 0.013725
vt 0.609446 0.012842
vt 0.609448 0.011983
vt 0.609447 0.011150
vt 0.609445 0.010344
vt 0.609442 0.009566
vt 0.609438 0.008817
vt 0.609434 0.008098
vt 0.609430 0.007409
vt 0.609427 0.006749
vt 0.609426 0.006118
vt 0.609426 0.000000
vt 0.610297 0.017395
vt 0.610262 0.018310
vt 0.610324 0.016465
vt 0.610344 0.015532
vt 0.610357 0.014609
vt 0.610364 0.013702
vt 0.610367 0.012818
vt 0.610366 0.011962
vt 0.610361 0.011135
vt 0.610353 0.010338
vt 0.610344 0.009572
vt 0.610334 0.008837
vt 0.610324 0.008135
vt 0.610316 0.007463
vt 0.610309 0.006822
vt 0.610305 0.006210
vt 0.610305 0.000000
vt 0.611185 0.017393
vt 0.611139 0.018310
vt 0.611222 0.016460
vt 0.611248 0.015525
vt 0.611265 0.014598
vt 0.611272 0.013690
vt 0.611272 0.012808
vt 0.611266 0.011956
vt 0.611255 0.011137
vt 0.611239 0.010351
vt 0.611222 0.009598
vt 0.611204 0.008879
vt 0.611186 0.008194
vt 0.611171 0.007541
vt 0.611160 0.006919
vt 0.611153 0.006326
vt 0.611152 0.000000
vt 0.612061 0.017392
vt 0.612005 0.018310
vt 0.612104 0.016458
vt 0.612135 0.015521
vt 0.612153 0.014595
vt 0.612159 0.013689
vt 0.612154 0.012811
vt 0.612141 0.011966
vt 0.612121 0.011155
vt 0.612096 0.010381
vt 0.612068 0.009642
vt 0.612040 0.008940
vt 0.612013 0.008272
vt 0.611990 0.007638
vt 0.611972 0.007035
vt 0.611960 0.006462
vt 0.611958 0.000000
vt 0.612921 0.017391
vt 0.612859 0.018310
vt 0.612968 0.016457
vt 0.613000 0.015522
vt 0.613017 0.014598
vt 0.613018 0.013696
vt 0.613007 0.012824
vt 0.612985 0.011987
vt 0.612954 0.011187
vt 0.612917 0.010426
vt 0.612877 0.009703
vt 0.612837 0.009017
vt 0.612799 0.008367
vt 0.612766 0.007752
vt 0.612740 0.007169
vt 0.612724 0.006616
vt 0.612719 0.000000
vt 0.613762 0.017391
vt 0.613697 0.018310
vt 0.613811 0.016457
vt 0.613841 0.015525
vt 0.613853 0.014605
vt 0.613847 0.013710
vt 0.613826 0.012846
vt 0.613793 0.012018
vt 0.613750 0.011230
vt 0.613699 0.010483
vt 0.613645 0.009776
vt 0.613591 0.009107
vt 0.613540 0.008476
vt 0.613496 0.007879
vt 0.613462 0.007316
vt 0.613440 0.006782
vt 0.613432 0.000000
vt 0.614583 0.017390
vt 0.614519 0.018310
vt 0.614629 0.016459
vt 0.614654 0.015530
vt 0.614658 0.014616
vt 0.614642 0.013728
vt 0.614609 0.012873
vt 0.614562 0.012057
vt 0.614504 0.011282
vt 0.614438 0.010549
vt 0.614368 0.009858
vt 0.614299 0.009207
vt 0.614234 0.008594
vt 0.614179 0.008017
vt 0.614135 0.007472
vt 0.614107 0.006958
vt 0.614097 0.000000
vt 0.615382 0.017390
vt 0.615321 0.018310
vt 0.615422 0.016461
vt 0.615438 0.015536
vt 0.615431 0.014629
vt 0.615403 0.013749
vt 0.615355 0.012904
vt 0.615292 0.012099
vt 0.615218 0.011338
vt 0.615134 0.010620
vt 0.615047 0.009945
vt 0.614962 0.009311
vt 0.614883 0.008716
vt 0.614814 0.008158
vt 0.614760 0.007632
vt 0.614725 0.007138
vt 0.614712 0.000000
vt 0.616157 0.017390
vt 0.616103 0.018310
vt 0.616187 0.016463
vt 0.616191 0.015543
vt 0.616171 0.014643
vt 0.616127 0.013771
vt 0.616064 0.012936
vt 0.615984 0.012143
vt 0.615891 0.011394
vt 0.615790 0.010691
vt 0.615685 0.010031
vt 0.615582 0.009414
vt 0.615487 0.008837
vt 0.615403 0.008297
vt 0.615337 0.007792
vt 0.615294 0.007319
vt 0.615278 0.000000
vt 0.616906 0.017390
vt 0.616863 0.018310
vt 0.616924 0.016466
vt 0.616914 0.015551
vt 0.616877 0.014657
vt 0.616817 0.013793
vt 0.616735 0.012968
vt 0.616637 0.012185
vt 0.616526 0.011448
vt 0.616406 0.010757
vt 0.616283 0.010112
vt 0.616162 0.009510
vt 0.616049 0.008950
vt 0.615948 0.008429
vt 0.615868 0.007945
vt 0.615814 0.007495
vt 0.615794 0.000000
vt 0.617629 0.017391
vt 0.617597 0.018310
vt 0.617632 0.016469
vt 0.617605 0.015558
vt 0.617551 0.014670
vt 0.617472 0.013813
vt 0.617372 0.012996
vt 0.617255 0.012222
vt 0.617125 0.011495
vt 0.616985 0.010815
vt 0.616843 0.010182
vt 0.616703 0.009594
vt 0.616571 0.009050
vt 0.616450 0.008549
vt 0.616352 0.008087
vt 0.616286 0.007662
vt 0.616261 0.000000
vt 0.618323 0.017391
vt 0.618306 0.018310
vt 0.618310 0.016472
vt 0.618266 0.015565
vt 0.618194 0.014681
vt 0.618096 0.013830
vt 0.617976 0.013019
vt 0.617839 0.012252
vt 0.617690 0.011532
vt 0.617531 0.010860
vt 0.617369 0.010237
vt 0.617209 0.009661
vt 0.617055 0.009131
vt 0.616913 0.008647
vt 0.616793 0.008207
vt 0.616706 0.007811
vt 0.616672 0.000000
vt 0.618989 0.017392
vt 0.618986 0.018310
vt 0.618959 0.016475
vt 0.618897 0.015570
vt 0.618806 0.014690
vt 0.618689 0.013842
vt 0.618550 0.013035
vt 0.618393 0.012272
vt 0.618224 0.011557
vt 0.618046 0.010891
vt 0.617864 0.010274
vt 0.617682 0.009705
vt 0.617506 0.009186
vt 0.617338 0.008714
vt 0.617189 0.008293
vt 0.617071 0.007929
vt 0.617020 0.000000
vt 0.625000 0.017393
vt 0.625000 0.018310
vt 0.625000 0.016477
vt 0.625000 0.015574
vt 0.625000 0.014695
vt 0.625000 0.013848
vt 0.625000 0.013042
vt 0.625000 0.012281
vt 0.625000 0.011568
vt 0.625000 0.010903
vt 0.625000 0.010288
vt 0.625000 0.009722
vt 0.625000 0.009206
vt 0.625000 0.008739
vt 0.625000 0.008328
vt 0.625000 0.007980
vt 0.617261 0.000000
vt 0.607589 0.981690
vt 0.607595 0.982590
vt 0.606690 0.982589
vt 0.608485 0.981690
vt 0.608504 0.982591
vt 0.609377 0.981690
vt 0.609409 0.982592
vt 0.610262 0.981690
vt 0.610308 0.982594
vt 0.611139 0.981690
vt 0.611195 0.982596
vt 0.612005 0.981690
vt 0.612069 0.982598
vt 0.612859 0.981690
vt 0.612926 0.982600
vt 0.613697 0.981690
vt 0.613765 0.982602
vt 0.614519 0.981690
vt 0.614584 0.982603
vt 0.615321 0.981690
vt 0.615380 0.982605
vt 0.616103 0.981690
vt 0.616153 0.982605
vt 0.616863 0.981690
vt 0.616901 0.982606
vt 0.617597 0.981690
vt 0.617622 0.982606
vt 0.618306 0.981690
vt 0.618316 0.982607
vt 0.618986 0.981690
vt 0.618982 0.982607
vt 0.625000 0.981690
vt 0.625000 0.982607
vt 0.607600 0.983495
vt 0.606690 0.983485
vt 0.608518 0.983503
vt 0.609436 0.983508
vt 0.610345 0.983513
vt 0.611241 0.983517
vt 0.612121 0.983520
vt 0.612980 0.983523
vt 0.613816 0.983524
vt 0.614630 0.983525
vt 0.615418 0.983525
vt 0.616180 0.983525
vt 0.616914 0.983524
vt 0.617620 0.983523
vt 0.618298 0.983523
vt 0.618946 0.983523
vt 0.625000 0.983523
vt 0.607603 0.984399
vt 0.606690 0.984377
vt 0.608528 0.984416
vt 0.609455 0.984428
vt 0.610372 0.984437
vt 0.611275 0.984443
vt 0.612158 0.984446
vt 0.613017 0.984448
vt 0.613850 0.984447
vt 0.614656 0.984445
vt 0.615434 0.984442
vt 0.616183 0.984438
vt 0.616902 0.984434
vt 0.617591 0.984430
vt 0.618251 0.984427
vt 0.618882 0.984426
vt 0.625000 0.984426
vt 0.607605 0.985297
vt 0.606690 0.985262
vt 0.608535 0.985324
vt 0.609468 0.985344
vt 0.610391 0.985357
vt 0.611298 0.985364
vt 0.612182 0.985367
vt 0.613038 0.985366
vt 0.613865 0.985361
vt 0.614662 0.985353
vt 0.615428 0.985344
vt 0.616163 0.985334
vt 0.616865 0.985324
vt 0.617537 0.985316
vt 0.618178 0.985309
vt 0.618790 0.985305
vt 0.625000 0.985305
vt 0.607607 0.986185
vt 0.606690 0.986139
vt 0.608540 0.986222
vt 0.609475 0.986248
vt 0.610402 0.986265
vt 0.611310 0.986272
vt 0.612192 0.986272
vt 0.613044 0.986266
vt 0.613863 0.986255
vt 0.614649 0.986239
vt 0.615402 0.986222
vt 0.616121 0.986204
vt 0.616806 0.986186
vt 0.617459 0.986171
vt 0.618081 0.986160
vt 0.618674 0.986153
vt 0.625000 0.986152
vt 0.607608 0.987061
vt 0.606690 0.987005
vt 0.608542 0.987105
vt 0.609479 0.987135
vt 0.610405 0.987153
vt 0.611311 0.987159
vt 0.612189 0.987154
vt 0.613034 0.987141
vt 0.613845 0.987121
vt 0.614619 0.987096
vt 0.615358 0.987068
vt 0.616060 0.987040
vt 0.616728 0.987013
vt 0.617362 0.986990
vt 0.617965 0.986972
vt 0.618538 0.986960
vt 0.625000 0.986958
vt 0.607609 0.987921
vt 0.606690 0.987859
vt 0.608543 0.987968
vt 0.609478 0.988000
vt 0.610402 0.988017
vt 0.611304 0.988019
vt 0.612176 0.988007
vt 0.613013 0.987985
vt 0.613813 0.987954
vt 0.614574 0.987917
vt 0.615297 0.987877
vt 0.615983 0.987837
vt 0.616633 0.987799
vt 0.617248 0.987766
vt 0.617831 0.987740
vt 0.618384 0.987724
vt 0.625000 0.987719
vt 0.607609 0.988762
vt 0.606690 0.988697
vt 0.608543 0.988811
vt 0.609475 0.988841
vt 0.610395 0.988853
vt 0.611290 0.988847
vt 0.612154 0.988826
vt 0.612982 0.988793
vt 0.613770 0.988750
vt 0.614517 0.988699
vt 0.615224 0.988645
vt 0.615893 0.988591
vt 0.616524 0.988540
vt 0.617121 0.988496
vt 0.617684 0.988462
vt 0.618218 0.988440
vt 0.625000 0.988432
vt 0.607610 0.989583
vt 0.606690 0.989519
vt 0.608541 0.989629
vt 0.609470 0.989654
vt 0.610384 0.989658
vt 0.611272 0.989642
vt 0.612127 0.989610
vt 0.612943 0.989562
vt 0.613718 0.989504
vt 0.614451 0.989438
vt 0.615142 0.989368
vt 0.615793 0.989299
vt 0.616406 0.989234
vt 0.616983 0.989179
vt 0.617528 0.989135
vt 0.618042 0.989107
vt 0.625000 0.989097
vt 0.607610 0.990382
vt 0.606690 0.990321
vt 0.608539 0.990422
vt 0.609464 0.990438
vt 0.610371 0.990431
vt 0.611251 0.990402
vt 0.612096 0.990355
vt 0.612901 0.990293
vt 0.613662 0.990218
vt 0.614380 0.990134
vt 0.615055 0.990047
vt 0.615689 0.989962
vt 0.616284 0.989883
vt 0.616842 0.989814
vt 0.617368 0.989760
vt 0.617862 0.989725
vt 0.625000 0.989712
vt 0.607610 0.991157
vt 0.606690 0.991103
vt 0.608537 0.991187
vt 0.609457 0.991191
vt 0.610357 0.991171
vt 0.611229 0.991127
vt 0.612064 0.991064
vt 0.612857 0.990984
vt 0.613606 0.990891
vt 0.614309 0.990790
vt 0.614969 0.990685
vt 0.615586 0.990582
vt 0.616163 0.990487
vt 0.616703 0.990403
vt 0.617208 0.990337
vt 0.617681 0.990294
vt 0.625000 0.990278
vt 0.607610 0.991906
vt 0.606690 0.991863
vt 0.608534 0.991924
vt 0.609449 0.991914
vt 0.610343 0.991877
vt 0.611207 0.991817
vt 0.612032 0.991735
vt 0.612815 0.991637
vt 0.613552 0.991526
vt 0.614243 0.991406
vt 0.614888 0.991283
vt 0.615490 0.991162
vt 0.616050 0.991049
vt 0.616571 0.990948
vt 0.617055 0.990868
vt 0.617505 0.990814
vt 0.625000 0.990794
vt 0.607609 0.992629
vt 0.606690 0.992597
vt 0.608531 0.992632
vt 0.609442 0.992605
vt 0.610330 0.992551
vt 0.611187 0.992472
vt 0.612004 0.992372
vt 0.612778 0.992255
vt 0.613505 0.992125
vt 0.614185 0.991985
vt 0.614819 0.991843
vt 0.615406 0.991703
vt 0.615950 0.991571
vt 0.616451 0.991450
vt 0.616913 0.991352
vt 0.617338 0.991286
vt 0.625000 0.991261
vt 0.607609 0.993323
vt 0.606690 0.993306
vt 0.608528 0.993310
vt 0.609435 0.993266
vt 0.610319 0.993194
vt 0.611170 0.993096
vt 0.611981 0.992976
vt 0.612748 0.992839
vt 0.613468 0.992690
vt 0.614140 0.992531
vt 0.614763 0.992369
vt 0.615339 0.992209
vt 0.615869 0.992055
vt 0.616353 0.991913
vt 0.616793 0.991793
vt 0.617189 0.991706
vt 0.625000 0.991672
vt 0.607608 0.993989
vt 0.606690 0.993986
vt 0.608525 0.993959
vt 0.609430 0.993897
vt 0.610310 0.993806
vt 0.611158 0.993689
vt 0.611965 0.993550
vt 0.612728 0.993393
vt 0.613443 0.993224
vt 0.614109 0.993046
vt 0.614726 0.992864
vt 0.615295 0.992682
vt 0.615815 0.992506
vt 0.616286 0.992338
vt 0.616706 0.992189
vt 0.617071 0.992071
vt 0.625000 0.992020
vt 0.607607 1.000000
vt 0.606690 1.000000
vt 0.608523 1.000000
vt 0.609426 1.000000
vt 0.610305 1.000000
vt 0.611152 1.000000
vt 0.611958 1.000000
vt 0.612719 1.000000
vt 0.613432 1.000000
vt 0.614097 1.000000
vt 0.614712 1.000000
vt 0.615278 1.000000
vt 0.615794 1.000000
vt 0.616261 1.000000
vt 0.616672 1.000000
vt 0.617020 1.000000
vt 0.625000 0.992261
vt 0.857589 0.731690
vt 0.857595 0.732590
vt 0.856690 0.732589
vt 0.858485 0.731690
vt 0.858504 0.732591
vt 0.859377 0.731690
vt 0.859409 0.732592
vt 0.860262 0.731690
vt 0.860308 0.732594
vt 0.861139 0.731690
vt 0.861195 0.732596
vt 0.862005 0.731690
vt 0.862069 0.732598
vt 0.862859 0.731690
vt 0.862926 0.732600
vt 0.863697 0.731690
vt 0.863765 0.732602
vt 0.864519 0.731690
vt 0.864584 0.732603
vt 0.865321 0.731690
vt 0.865380 0.732605
vt 0.866103 0.731690
vt 0.866153 0.732605
vt 0.866863 0.731690
vt 0.866901 0.732606
vt 0.867597 0.731690
vt 0.867622 0.732606
vt 0.868306 0.731690
vt 0.868316 0.732607
vt 0.868986 0.731690
vt 0.868982 0.732607
vt 0.875000 0.731690
vt 0.875000 0.732607
vt 0.857600 0.733495
vt 0.856690 0.733485
vt 0.858518 0.733503
vt 0.859436 0.733508
vt 0.860345 0.733513
vt 0.861241 0.733517
vt 0.862120 0.733520
vt 0.862980 0.733523
vt 0.863817 0.733524
vt 0.864630 0.733525
vt 0.865418 0.733525
vt 0.866180 0.733525
vt 0.866914 0.733524
vt 0.867620 0.733523
vt 0.868298 0.733523
vt 0.868946 0.733523
vt 0.875000 0.733523
vt 0.857603 0.734399
vt 0.856690 0.734377
vt 0.858528 0.734416
vt 0.859455 0.734428
vt 0.860372 0.734437
vt 0.861275 0.734443
vt 0.862158 0.734446
vt 0.863017 0.734448
vt 0.863850 0.734447
vt 0.864656 0.734445
vt 0.865434 0.734442
vt 0.866183 0.734438
vt 0.866902 0.734434
vt 0.867591 0.734430
vt 0.868251 0.734427
vt 0.868882 0.734426
vt 0.875000 0.734426
vt 0.857605 0.735297
vt 0.856690 0.735262
vt 0.858535 0.735324
vt 0.859468 0.735344
vt 0.860391 0.735357
vt 0.861298 0.735364
vt 0.862182 0.735367
vt 0.863038 0.735366
vt 0.863865 0.735361
vt 0.864662 0.735353
vt 0.865428 0.735344
vt 0.866163 0.735334
vt 0.866865 0.735324
vt 0.867537 0.735316
vt 0.868178 0.735309
vt 0.868790 0.735305
vt 0.875000 0.735305
vt 0.857607 0.736185
vt 0.856690 0.736139
vt 0.858540 0.736222
vt 0.859475 0.736248
vt 0.860402 0.736265
vt 0.861310 0.736272
vt 0.862192 0.736272
vt 0.863044 0.736266
vt 0.863863 0.736255
vt 0.864649 0.736239
vt 0.865402 0.736222
vt 0.866121 0.736204
vt 0.866806 0.736186
vt 0.867459 0.736171
vt 0.868081 0.736160
vt 0.868674 0.736153
vt 0.875000 0.736152
vt 0.857608 0.737061
vt 0.856690 0.737005
vt 0.858542 0.737105
vt 0.859479 0.737135
vt 0.860405 0.737153
vt 0.861311 0.737159
vt 0.862189 0.737154
vt 0.863034 0.737141
vt 0.863845 0.737121
vt 0.864619 0.737096
vt 0.865358 0.737068
vt 0.866060 0.737040
vt 0.866728 0.737013
vt 0.867362 0.736990
vt 0.867965 0.736972
vt 0.868538 0.736960
vt 0.875000 0.736958
vt 0.857609 0.737921
vt 0.856690 0.737859
vt 0.858543 0.737968
vt 0.859478 0.738000
vt 0.860402 0.738017
vt 0.861304 0.738019
vt 0.862176 0.738007
vt 0.863013 0.737985
vt 0.863813 0.737954
vt 0.864574 0.737917
vt 0.865297 0.737877
vt 0.865983 0.737837
vt 0.866633 0.737799
vt 0.867248 0.737766
vt 0.867831 0.737740
vt 0.868384 0.737724
vt 0.875000 0.737719
vt 0.857609 0.738762
vt 0.856690 0.738697
vt 0.858543 0.738811
vt 0.859475 0.738841
vt 0.860395 0.738853
vt 0.861290 0.738847
vt 0.862154 0.738826
vt 0.862982 0.738793
vt 0.863770 0.738750
vt 0.864517 0.738699
vt 0.865224 0.738645
vt 0.865893 0.738591
vt 0.866524 0.738540
vt 0.867121 0.738496
vt 0.867684 0.738462
vt 0.868218 0.738440
vt 0.875000 0.738433
vt 0.857610 0.739583
vt 0.856690 0.739519
vt 0.858541 0.739629
vt 0.859470 0.739654
vt 0.860384 0.739658
vt 0.861272 0.739642
vt 0.862127 0.739609
vt 0.862943 0.739562
vt 0.863718 0.739504
vt 0.864451 0.739438
vt 0.865142 0.739368
vt 0.865793 0.739299
vt 0.866406 0.739234
vt 0.866983 0.739179
vt 0.867528 0.739135
vt 0.868042 0.739107
vt 0.875000 0.739097
vt 0.857610 0.740382
vt 0.856690 0.740321
vt 0.858539 0.740422
vt 0.859464 0.740438
vt 0.860371 0.740431
vt 0.861251 0.740402
vt 0.862096 0.740355
vt 0.862901 0.740293
vt 0.863662 0.740218
vt 0.864380 0.740134
vt 0.865055 0.740047
vt 0.865689 0.739962
vt 0.866284 0.739883
vt 0.866842 0.739814
vt 0.867368 0.739760
vt 0.867862 0.739725
vt 0.875000 0.739712
vt 0.857610 0.741157
vt 0.856690 0.741103
vt 0.858537 0.741187
vt 0.859457 0.741191
vt 0.860357 0.741171
vt 0.861229 0.741127
vt 0.862064 0.741064
vt 0.862857 0.740984
vt 0.863606 0.740891
vt 0.864309 0.740790
vt 0.864969 0.740685
vt 0.865586 0.740582
vt 0.866163 0.740487
vt 0.866703 0.740403
vt 0.867208 0.740337
vt 0.867681 0.740294
vt 0.875000 0.740278
vt 0.857610 0.741906
vt 0.856690 0.741863
vt 0.858534 0.741924
vt 0.859449 0.741914
vt 0.860343 0.741877
vt 0.861207 0.741817
vt 0.862032 0.741735
vt 0.862815 0.741637
vt 0.863553 0.741526
vt 0.864243 0.741406
vt 0.864889 0.741283
vt 0.865490 0.741162
vt 0.866050 0.741049
vt 0.866571 0.740948
vt 0.867055 0.740868
vt 0.867505 0.740814
vt 0.875000 0.740794
vt 0.857609 0.742629
vt 0.856690 0.742597
vt 0.858531 0.742632
vt 0.859442 0.742605
vt 0.860330 0.742551
vt 0.861187 0.742472
vt 0.862004 0.742372
vt 0.862778 0.742255
vt 0.863505 0.742125
vt 0.864185 0.741985
vt 0.864818 0.741843
vt 0.865406 0.741703
vt 0.865950 0.741571
vt 0.866451 0.741450
vt 0.866913 0.741352
vt 0.867338 0.741286
vt 0.875000 0.741261
vt 0.857609 0.743323
vt 0.856690 0.743306
vt 0.858528 0.743310
vt 0.859435 0.743266
vt 0.860319 0.743194
vt 0.861170 0.743096
vt 0.861981 0.742976
vt 0.862748 0.742839
vt 0.863468 0.742690
vt 0.864140 0.742531
vt 0.864763 0.742369
vt 0.865339 0.742209
vt 0.865869 0.742055
vt 0.866353 0.741913
vt 0.866793 0.741793
vt 0.867189 0.741706
vt 0.875000 0.741672
vt 0.857608 0.743989
vt 0.856690 0.743986
vt 0.858525 0.743959
vt 0.859430 0.743897
vt 0.860310 0.743806
vt 0.861158 0.743689
vt 0.861965 0.743550
vt 0.862728 0.743393
vt 0.863443 0.743224
vt 0.864109 0.743046
vt 0.864726 0.742864
vt 0.865295 0.742682
vt 0.865815 0.742506
vt 0.866286 0.742338
vt 0.866707 0.742189
vt 0.867071 0.742071
vt 0.875000 0.742020
vt 0.857607 0.750000
vt 0.856690 0.750000
vt 0.858523 0.750000
vt 0.859426 0.750000
vt 0.860305 0.750000
vt 0.861152 0.750000
vt 0.861958 0.750000
vt 0.862719 0.750000
vt 0.863432 0.750000
vt 0.864097 0.750000
vt 0.864712 0.750000
vt 0.865278 0.750000
vt 0.865794 0.750000
vt 0.866261 0.750000
vt 0.866672 0.750000
vt 0.867020 0.750000
vt 0.875000 0.742261
vt 0.143310 0.732589
vt 0.142410 0.732595
vt 0.142411 0.731690
vt 0.143310 0.733485
vt 0.142409 0.733504
vt 0.143310 0.734377
vt 0.142408 0.734409
vt 0.143310 0.735262
vt 0.142406 0.735308
vt 0.143310 0.736139
vt 0.142404 0.736195
vt 0.143310 0.737005
vt 0.142402 0.737069
vt 0.143310 0.737859
vt 0.142400 0.737926
vt 0.143310 0.738697
vt 0.142398 0.738765
vt 0.143310 0.739519
vt 0.142397 0.739584
vt 0.143310 0.740321
vt 0.142395 0.740381
vt 0.143310 0.741103
vt 0.142395 0.741153
vt 0.143310 0.741863
vt 0.142394 0.741901
vt 0.143310 0.742597
vt 0.142394 0.742622
vt 0.143310 0.743306
vt 0.142393 0.743316
vt 0.143310 0.743986
vt 0.142393 0.743982
vt 0.143310 0.750000
vt 0.142393 0.750000
vt 0.141505 0.732600
vt 0.141515 0.731690
vt 0.141497 0.733518
vt 0.141492 0.734436
vt 0.141487 0.735345
vt 0.141483 0.736241
vt 0.141480 0.737120
vt 0.141477 0.737980
vt 0.141475 0.738816
vt 0.141475 0.739630
vt 0.141475 0.740418
vt 0.141475 0.741180
vt 0.141476 0.741914
vt 0.141477 0.742620
vt 0.141477 0.743298
vt 0.141477 0.743946
vt 0.141477 0.750000
vt 0.140601 0.732603
vt 0.140623 0.731690
vt 0.140584 0.733528
vt 0.140572 0.734455
vt 0.140563 0.735372
vt 0.140557 0.736275
vt 0.140554 0.737158
vt 0.140552 0.738017
vt 0.140553 0.738850
vt 0.140555 0.739656
vt 0.140558 0.740434
vt 0.140562 0.741183
vt 0.140566 0.741902
vt 0.140570 0.742591
vt 0.140573 0.743251
vt 0.140574 0.743882
vt 0.140574 0.750000
vt 0.139703 0.732605
vt 0.139738 0.731690
vt 0.139676 0.733535
vt 0.139656 0.734468
vt 0.139643 0.735391
vt 0.139636 0.736298
vt 0.139633 0.737182
vt 0.139634 0.738038
vt 0.139639 0.738865
vt 0.139647 0.739662
vt 0.139656 0.740428
vt 0.139666 0.741163
vt 0.139676 0.741865
vt 0.139685 0.742537
vt 0.139691 0.743178
vt 0.139695 0.743790
vt 0.139695 0.750000
vt 0.138815 0.732607
vt 0.138861 0.731690
vt 0.138778 0.733540
vt 0.138752 0.734475
vt 0.138735 0.735402
vt 0.138728 0.736310
vt 0.138728 0.737192
vt 0.138734 0.738044
vt 0.138746 0.738863
vt 0.138761 0.739649
vt 0.138778 0.740402
vt 0.138796 0.741121
vt 0.138814 0.741806
vt 0.138829 0.742459
vt 0.138840 0.743081
vt 0.138847 0.743674
vt 0.138848 0.750000
vt 0.137939 0.732608
vt 0.137995 0.731690
vt 0.137896 0.733542
vt 0.137865 0.734479
vt 0.137847 0.735405
vt 0.137841 0.736311
vt 0.137846 0.737189
vt 0.137859 0.738034
vt 0.137879 0.738845
vt 0.137904 0.739619
vt 0.137932 0.740358
vt 0.137960 0.741060
vt 0.137987 0.741728
vt 0.138010 0.742362
vt 0.138028 0.742965
vt 0.138040 0.743538
vt 0.138042 0.750000
vt 0.137079 0.732609
vt 0.137141 0.731690
vt 0.137032 0.733543
vt 0.137000 0.734478
vt 0.136983 0.735402
vt 0.136981 0.736304
vt 0.136993 0.737176
vt 0.137015 0.738013
vt 0.137046 0.738813
vt 0.137082 0.739574
vt 0.137123 0.740297
vt 0.137163 0.740983
vt 0.137201 0.741633
vt 0.137234 0.742248
vt 0.137260 0.742831
vt 0.137276 0.743384
vt 0.137281 0.750000
vt 0.136238 0.732609
vt 0.136303 0.731690
vt 0.136190 0.733543
vt 0.136159 0.734475
vt 0.136147 0.735394
vt 0.136153 0.736290
vt 0.136174 0.737154
vt 0.136207 0.737982
vt 0.136250 0.738770
vt 0.136301 0.739517
vt 0.136355 0.740224
vt 0.136409 0.740893
vt 0.136460 0.741524
vt 0.136504 0.742121
vt 0.136538 0.742684
vt 0.136560 0.743218
vt 0.136568 0.750000
vt 0.135417 0.732610
vt 0.135481 0.731690
vt 0.135371 0.733541
vt 0.135346 0.734470
vt 0.135342 0.735384
vt 0.135358 0.736272
vt 0.135391 0.737127
vt 0.135438 0.737943
vt 0.135496 0.738718
vt 0.135562 0.739451
vt 0.135632 0.740142
vt 0.135701 0.740793
vt 0.135766 0.741406
vt 0.135821 0.741983
vt 0.135865 0.742528
vt 0.135893 0.743042
vt 0.135903 0.750000
vt 0.134618 0.732610
vt 0.134679 0.731690
vt 0.134578 0.733539
vt 0.134562 0.734464
vt 0.134569 0.735371
vt 0.134598 0.736251
vt 0.134645 0.737096
vt 0.134707 0.737901
vt 0.134782 0.738662
vt 0.134866 0.739380
vt 0.134953 0.740055
vt 0.135038 0.740689
vt 0.135117 0.741284
vt 0.135186 0.741842
vt 0.135240 0.742368
vt 0.135275 0.742862
vt 0.135288 0.750000
vt 0.133843 0.732610
vt 0.133897 0.731690
vt 0.133813 0.733537
vt 0.133809 0.734457
vt 0.133829 0.735357
vt 0.133873 0.736229
vt 0.133936 0.737064
vt 0.134016 0.737857
vt 0.134109 0.738606
vt 0.134210 0.739309
vt 0.134315 0.739969
vt 0.134418 0.740586
vt 0.134513 0.741163
vt 0.134597 0.741703
vt 0.134663 0.742208
vt 0.134706 0.742681
vt 0.134722 0.750000
vt 0.133094 0.732610
vt 0.133137 0.731690
vt 0.133076 0.733534
vt 0.133086 0.734449
vt 0.133123 0.735343
vt 0.133183 0.736207
vt 0.133265 0.737032
vt 0.133363 0.737815
vt 0.133474 0.738552
vt 0.133594 0.739243
vt 0.133717 0.739889
vt 0.133838 0.740490
vt 0.133951 0.741050
vt 0.134052 0.741571
vt 0.134132 0.742055
vt 0.134186 0.742505
vt 0.134206 0.750000
vt 0.132371 0.732609
vt 0.132403 0.731690
vt 0.132368 0.733531
vt 0.132395 0.734442
vt 0.132449 0.735330
vt 0.132528 0.736187
vt 0.132628 0.737004
vt 0.132745 0.737778
vt 0.132875 0.738505
vt 0.133015 0.739185
vt 0.133157 0.739818
vt 0.133297 0.740406
vt 0.133429 0.740950
vt 0.133550 0.741451
vt 0.133648 0.741913
vt 0.133714 0.742338
vt 0.133739 0.750000
vt 0.131677 0.732609
vt 0.131694 0.731690
vt 0.131690 0.733528
vt 0.131734 0.734435
vt 0.131806 0.735319
vt 0.131904 0.736170
vt 0.132024 0.736981
vt 0.132161 0.737748
vt 0.132310 0.738468
vt 0.132469 0.739140
vt 0.132631 0.739763
vt 0.132791 0.740339
vt 0.132945 0.740869
vt 0.133087 0.741353
vt 0.133207 0.741793
vt 0.133294 0.742189
vt 0.133328 0.750000
vt 0.131011 0.732608
vt 0.131014 0.731690
vt 0.131041 0.733525
vt 0.131103 0.734430
vt 0.131194 0.735310
vt 0.131311 0.736158
vt 0.131450 0.736965
vt 0.131607 0.737728
vt 0.131776 0.738443
vt 0.131954 0.739109
vt 0.132136 0.739726
vt 0.132318 0.740295
vt 0.132494 0.740815
vt 0.132662 0.741286
vt 0.132811 0.741707
vt 0.132929 0.742071
vt 0.132980 0.750000
vt 0.125000 0.732607
vt 0.125000 0.731690
vt 0.125000 0.733523
vt 0.125000 0.734426
vt 0.125000 0.735305
vt 0.125000 0.736152
vt 0.125000 0.736958
vt 0.125000 0.737719
vt 0.125000 0.738433
vt 0.125000 0.739097
vt 0.125000 0.739712
vt 0.125000 0.740278
vt 0.125000 0.740794
vt 0.125000 0.741261
vt 0.125000 0.741672
vt 0.125000 0.742020
vt 0.132739 0.750000
vt 0.393310 0.982589
vt 0.392410 0.982595
vt 0.392411 0.981690
vt 0.393310 0.983485
vt 0.392409 0.983504
vt 0.393310 0.984377
vt 0.392408 0.984409
vt 0.393310 0.985262
vt 0.392406 0.985308
vt 0.393310 0.986139
vt 0.392404 0.986195
vt 0.393310 0.987005
vt 0.392402 0.987069
vt 0.393310 0.987859
vt 0.392400 0.987926
vt 0.393310 0.988697
vt 0.392398 0.988765
vt 0.393310 0.989519
vt 0.392397 0.989584
vt 0.393310 0.990321
vt 0.392395 0.990381
vt 0.393310 0.991103
vt 0.392395 0.991153
vt 0.393310 0.991863
vt 0.392394 0.991901
vt 0.393310 0.992597
vt 0.392394 0.992622
vt 0.393310 0.993306
vt 0.392393 0.993316
vt 0.393310 0.993986
vt 0.392393 0.993982
vt 0.393310 1.000000
vt 0.392393 1.000000
vt 0.391505 0.982600
vt 0.391515 0.981690
vt 0.391497 0.983518
vt 0.391492 0.984436
vt 0.391487 0.985345
vt 0.391483 0.986241
vt 0.391480 0.987120
vt 0.391477 0.987980
vt 0.391475 0.988816
vt 0.391475 0.989630
vt 0.391475 0.990418
vt 0.391475 0.991180
vt 0.391476 0.991914
vt 0.391477 0.992620
vt 0.391477 0.993298
vt 0.391477 0.993946
vt 0.391477 1.000000
vt 0.390601 0.982603
vt 0.390623 0.981690
vt 0.390584 0.983528
vt 0.390572 0.984455
vt 0.390563 0.985372
vt 0.390557 0.986275
vt 0.390554 0.987158
vt 0.390552 0.988017
vt 0.390553 0.988850
vt 0.390555 0.989656
vt 0.390558 0.990434
vt 0.390562 0.991183
vt 0.390566 0.991902
vt 0.390570 0.992591
vt 0.390573 0.993251
vt 0.390574 0.993882
vt 0.390574 1.000000
vt 0.389703 0.982605
vt 0.389738 0.981690
vt 0.389676 0.983535
vt 0.389656 0.984468
vt 0.389643 0.985391
vt 0.389636 0.986298
vt 0.389633 0.987182
vt 0.389634 0.988038
vt 0.389639 0.988865
vt 0.389647 0.989662
vt 0.389656 0.990428
vt 0.389666 0.991163
vt 0.389676 0.991865
vt 0.389684 0.992537
vt 0.389691 0.993178
vt 0.389695 0.993790
vt 0.389695 1.000000
vt 0.388815 0.982607
vt 0.388861 0.981690
vt 0.388778 0.983540
vt 0.388752 0.984475
vt 0.388735 0.985402
vt 0.388728 0.986310
vt 0.388728 0.987192
vt 0.388734 0.988044
vt 0.388745 0.988863
vt 0.388761 0.989649
vt 0.388778 0.990402
vt 0.388796 0.991121
vt 0.388814 0.991806
vt 0.388829 0.992459
vt 0.388840 0.993081
vt 0.388847 0.993674
vt 0.388848 1.000000
vt 0.387939 0.982608
vt 0.387995 0.981690
vt 0.387896 0.983542
vt 0.387865 0.984479
vt 0.387847 0.985405
vt 0.387841 0.986311
vt 0.387846 0.987189
vt 0.387859 0.988034
vt 0.387879 0.988845
vt 0.387904 0.989619
vt 0.387932 0.990358
vt 0.387960 0.991060
vt 0.387987 0.991728
vt 0.388010 0.992362
vt 0.388028 0.992965
vt 0.388040 0.993538
vt 0.388042 1.000000
vt 0.387079 0.982609
vt 0.387141 0.981690
vt 0.387032 0.983543
vt 0.387000 0.984478
vt 0.386983 0.985402
vt 0.386981 0.986304
vt 0.386993 0.987176
vt 0.387015 0.988013
vt 0.387046 0.988813
vt 0.387082 0.989574
vt 0.387123 0.990297
vt 0.387163 0.990983
vt 0.387201 0.991633
vt 0.387234 0.992248
vt 0.387260 0.992831
vt 0.387276 0.993384
vt 0.387281 1.000000
vt 0.386238 0.982609
vt 0.386303 0.981690
vt 0.386190 0.983543
vt 0.386159 0.984475
vt 0.386147 0.985394
vt 0.386153 0.986290
vt 0.386174 0.987154
vt 0.386207 0.987982
vt 0.386250 0.988770
vt 0.386301 0.989517
vt 0.386355 0.990224
vt 0.386409 0.990893
vt 0.386460 0.991524
vt 0.386504 0.992121
vt 0.386538 0.992684
vt 0.386560 0.993218
vt 0.386568 1.000000
vt 0.385417 0.982610
vt 0.385481 0.981690
vt 0.385371 0.983541
vt 0.385346 0.984470
vt 0.385342 0.985384
vt 0.385358 0.986272
vt 0.385391 0.987127
vt 0.385438 0.987943
vt 0.385496 0.988718
vt 0.385562 0.989451
vt 0.385632 0.990142
vt 0.385701 0.990793
vt 0.385766 0.991406
vt 0.385821 0.991983
vt 0.385865 0.992528
vt 0.385893 0.993042
vt 0.385903 1.000000
vt 0.384618 0.982610
vt 0.384679 0.981690
vt 0.384578 0.983539
vt 0.384562 0.984464
vt 0.384569 0.985371
vt 0.384597 0.986251
vt 0.384645 0.987096
vt 0.384708 0.987901
vt 0.384782 0.988662
vt 0.384866 0.989380
vt 0.384953 0.990055
vt 0.385038 0.990689
vt 0.385117 0.991284
vt 0.385186 0.991842
vt 0.385240 0.992367
vt 0.385275 0.992862
vt 0.385288 1.000000
vt 0.383843 0.982610
vt 0.383897 0.981690
vt 0.383813 0.983537
vt 0.383809 0.984457
vt 0.383829 0.985357
vt 0.383873 0.986229
vt 0.383936 0.987064
vt 0.384016 0.987857
vt 0.384109 0.988606
vt 0.384210 0.989309
vt 0.384315 0.989969
vt 0.384418 0.990586
vt 0.384513 0.991163
vt 0.384597 0.991703
vt 0.384663 0.992208
vt 0.384706 0.992681
vt 0.384722 1.000000
vt 0.383094 0.982610
vt 0.383137 0.981690
vt 0.383076 0.983534
vt 0.383086 0.984449
vt 0.383123 0.985343
vt 0.383183 0.986207
vt 0.383265 0.987032
vt 0.383363 0.987815
vt 0.383474 0.988552
vt 0.383594 0.989243
vt 0.383717 0.989888
vt 0.383838 0.990490
vt 0.383951 0.991050
vt 0.384052 0.991571
vt 0.384132 0.992055
vt 0.384186 0.992505
vt 0.384206 1.000000
vt 0.382371 0.982609
vt 0.382403 0.981690
vt 0.382368 0.983531
vt 0.382395 0.984442
vt 0.382449 0.985330
vt 0.382528 0.986187
vt 0.382628 0.987004
vt 0.382745 0.987778
vt 0.382875 0.988505
vt 0.383015 0.989185
vt 0.383157 0.989818
vt 0.383297 0.990406
vt 0.383429 0.990950
vt 0.383550 0.991451
vt 0.383648 0.991913
vt 0.383714 0.992338
vt 0.383739 1.000000
vt 0.381677 0.982609
vt 0.381694 0.981690
vt 0.381690 0.983528
vt 0.381734 0.984435
vt 0.381806 0.985319
vt 0.381904 0.986170
vt 0.382024 0.986981
vt 0.382161 0.987748
vt 0.382310 0.988468
vt 0.382469 0.989140
vt 0.382631 0.989763
vt 0.382791 0.990339
vt 0.382945 0.990869
vt 0.383087 0.991353
vt 0.383207 0.991793
vt 0.383294 0.992189
vt 0.383328 1.000000
vt 0.381011 0.982608
vt 0.381014 0.981690
vt 0.381041 0.983525
vt 0.381103 0.984430
vt 0.381194 0.985310
vt 0.381311 0.986158
vt 0.381450 0.986965
vt 0.381607 0.987728
vt 0.381776 0.988443
vt 0.381954 0.989109
vt 0.382136 0.989726
vt 0.382318 0.990295
vt 0.382494 0.990815
vt 0.382662 0.991286
vt 0.382811 0.991706
vt 0.382929 0.992071
vt 0.382980 1.000000
vt 0.375000 0.982607
vt 0.375000 0.981690
vt 0.375000 0.983523
vt 0.375000 0.984426
vt 0.375000 0.985305
vt 0.375000 0.986152
vt 0.375000 0.986958
vt 0.375000 0.987719
vt 0.375000 0.988432
vt 0.375000 0.989097
vt 0.375000 0.989712
vt 0.375000 0.990278
vt 0.375000 0.990794
vt 0.375000 0.991261
vt 0.375000 0.991672
vt 0.375000 0.992020
vt 0.382739 1.000000
vt 0.392411 0.018310
vt 0.392405 0.017410
vt 0.393310 0.017411
vt 0.391515 0.018310
vt 0.391496 0.017409
vt 0.390623 0.018310
vt 0.390591 0.017408
vt 0.389738 0.018310
vt 0.389692 0.017406
vt 0.388861 0.018310
vt 0.388805 0.017404
vt 0.387995 0.018310
vt 0.387931 0.017402
vt 0.387141 0.018310
vt 0.387074 0.017400
vt 0.386303 0.018310
vt 0.386235 0.017398
vt 0.385481 0.018310
vt 0.385416 0.017397
vt 0.384679 0.018310
vt 0.384620 0.017395
vt 0.383897 0.018310
vt 0.383847 0.017395
vt 0.383137 0.018310
vt 0.383099 0.017394
vt 0.382403 0.018310
vt 0.382378 0.017394
vt 0.381694 0.018310
vt 0.381684 0.017393
vt 0.381014 0.018310
vt 0.381018 0.017393
vt 0.375000 0.018310
vt 0.375000 0.017393
vt 0.392400 0.016505
vt 0.393310 0.016515
vt 0.391482 0.016497
vt 0.390564 0.016492
vt 0.389655 0.016487
vt 0.388759 0.016483
vt 0.387880 0.016480
vt 0.387020 0.016477
vt 0.386184 0.016476
vt 0.385370 0.016475
vt 0.384582 0.016475
vt 0.383820 0.016475
vt 0.383086 0.016476
vt 0.382380 0.016477
vt 0.381702 0.016477
vt 0.381054 0.016477
vt 0.375000 0.016477
vt 0.392397 0.015601
vt 0.393310 0.015623
vt 0.391472 0.015584
vt 0.390545 0.015572
vt 0.389628 0.015563
vt 0.388725 0.015557
vt 0.387842 0.015554
vt 0.386983 0.015552
vt 0.386150 0.015553
vt 0.385344 0.015555
vt 0.384566 0.015558
vt 0.383817 0.015562
vt 0.383098 0.015566
vt 0.382409 0.015570
vt 0.381749 0.015573
vt 0.381118 0.015574
vt 0.375000 0.015574
vt 0.392395 0.014703
vt 0.393310 0.014738
vt 0.391465 0.014676
vt 0.390532 0.014656
vt 0.389609 0.014643
vt 0.388702 0.014636
vt 0.387818 0.014633
vt 0.386962 0.014634
vt 0.386135 0.014639
vt 0.385338 0.014647
vt 0.384572 0.014656
vt 0.383837 0.014666
vt 0.383135 0.014676
vt 0.382463 0.014685
vt 0.381822 0.014691
vt 0.381210 0.014695
vt 0.375000 0.014695
vt 0.392393 0.013815
vt 0.393310 0.013861
vt 0.391460 0.013778
vt 0.390525 0.013752
vt 0.389598 0.013735
vt 0.388690 0.013728
vt 0.387808 0.013728
vt 0.386956 0.013734
vt 0.386137 0.013745
vt 0.385351 0.013761
vt 0.384598 0.013778
vt 0.383879 0.013796
vt 0.383194 0.013814
vt 0.382541 0.013829
vt 0.381919 0.013840
vt 0.381326 0.013847
vt 0.375000 0.013848
vt 0.392392 0.012939
vt 0.393310 0.012995
vt 0.391458 0.012896
vt 0.390521 0.012865
vt 0.389595 0.012847
vt 0.388689 0.012841
vt 0.387811 0.012846
vt 0.386966 0.012859
vt 0.386155 0.012879
vt 0.385381 0.012904
vt 0.384642 0.012932
vt 0.383940 0.012960
vt 0.383272 0.012987
vt 0.382638 0.013010
vt 0.382035 0.013028
vt 0.381462 0.013040
vt 0.375000 0.013042
vt 0.392391 0.012079
vt 0.393310 0.012141
vt 0.391457 0.012032
vt 0.390522 0.012000
vt 0.389598 0.011983
vt 0.388696 0.011981
vt 0.387824 0.011993
vt 0.386987 0.012015
vt 0.386187 0.012046
vt 0.385426 0.012082
vt 0.384703 0.012123
vt 0.384017 0.012163
vt 0.383367 0.012201
vt 0.382752 0.012234
vt 0.382169 0.012260
vt 0.381616 0.012276
vt 0.375000 0.012281
vt 0.392391 0.011238
vt 0.393310 0.011303
vt 0.391457 0.011189
vt 0.390525 0.011159
vt 0.389605 0.011147
vt 0.388710 0.011153
vt 0.387846 0.011174
vt 0.387018 0.011207
vt 0.386230 0.011250
vt 0.385483 0.011301
vt 0.384776 0.011355
vt 0.384107 0.011409
vt 0.383476 0.011460
vt 0.382879 0.011504
vt 0.382316 0.011538
vt 0.381782 0.011560
vt 0.375000 0.011568
vt 0.392390 0.010417
vt 0.393310 0.010481
vt 0.391459 0.010371
vt 0.390530 0.010346
vt 0.389616 0.010342
vt 0.388728 0.010358
vt 0.387873 0.010391
vt 0.387057 0.010438
vt 0.386282 0.010496
vt 0.385549 0.010562
vt 0.384858 0.010632
vt 0.384207 0.010701
vt 0.383594 0.010766
vt 0.383017 0.010821
vt 0.382472 0.010865
vt 0.381958 0.010893
vt 0.375000 0.010903
vt 0.392390 0.009618
vt 0.393310 0.009679
vt 0.391461 0.009578
vt 0.390536 0.009562
vt 0.389629 0.009569
vt 0.388749 0.009598
vt 0.387904 0.009645
vt 0.387099 0.009707
vt 0.386338 0.009782
vt 0.385620 0.009866
vt 0.384945 0.009953
vt 0.384311 0.010038
vt 0.383716 0.010117
vt 0.383158 0.010186
vt 0.382632 0.010240
vt 0.382138 0.010275
vt 0.375000 0.010288
vt 0.392390 0.008843
vt 0.393310 0.008897
vt 0.391463 0.008813
vt 0.390543 0.008809
vt 0.389643 0.008829
vt 0.388771 0.008873
vt 0.387936 0.008936
vt 0.387143 0.009016
vt 0.386394 0.009109
vt 0.385691 0.009210
vt 0.385031 0.009315
vt 0.384414 0.009418
vt 0.383837 0.009513
vt 0.383297 0.009597
vt 0.382792 0.009663
vt 0.382319 0.009706
vt 0.375000 0.009722
vt 0.392390 0.008094
vt 0.393310 0.008137
vt 0.391466 0.008076
vt 0.390551 0.008086
vt 0.389657 0.008123
vt 0.388793 0.008183
vt 0.387968 0.008265
vt 0.387185 0.008363
vt 0.386448 0.008474
vt 0.385757 0.008594
vt 0.385112 0.008717
vt 0.384510 0.008838
vt 0.383950 0.008951
vt 0.383429 0.009052
vt 0.382945 0.009132
vt 0.382495 0.009186
vt 0.375000 0.009206
vt 0.392391 0.007371
vt 0.393310 0.007403
vt 0.391469 0.007368
vt 0.390558 0.007395
vt 0.389670 0.007449
vt 0.388813 0.007528
vt 0.387996 0.007628
vt 0.387222 0.007745
vt 0.386495 0.007875
vt 0.385815 0.008015
vt 0.385182 0.008157
vt 0.384594 0.008297
vt 0.384050 0.008429
vt 0.383549 0.008550
vt 0.383087 0.008648
vt 0.382662 0.008714
vt 0.375000 0.008739
vt 0.392391 0.006677
vt 0.393310 0.006694
vt 0.391472 0.006690
vt 0.390565 0.006734
vt 0.389681 0.006806
vt 0.388830 0.006904
vt 0.388019 0.007024
vt 0.387252 0.007161
vt 0.386532 0.007310
vt 0.385860 0.007469
vt 0.385237 0.007631
vt 0.384661 0.007791
vt 0.384131 0.007945
vt 0.383647 0.008087
vt 0.383207 0.008207
vt 0.382811 0.008294
vt 0.375000 0.008328
vt 0.392392 0.006011
vt 0.393310 0.006014
vt 0.391475 0.006041
vt 0.390570 0.006103
vt 0.389690 0.006194
vt 0.388842 0.006311
vt 0.388035 0.006450
vt 0.387272 0.006607
vt 0.386557 0.006776
vt 0.385891 0.006954
vt 0.385274 0.007136
vt 0.384705 0.007318
vt 0.384186 0.007494
vt 0.383714 0.007662
vt 0.383293 0.007811
vt 0.382929 0.007929
vt 0.375000 0.007980
vt 0.392393 0.000000
vt 0.393310 0.000000
vt 0.391477 0.000000
vt 0.390574 0.000000
vt 0.389695 0.000000
vt 0.388848 0.000000
vt 0.388042 0.000000
vt 0.387281 0.000000
vt 0.386568 0.000000
vt 0.385903 0.000000
vt 0.385288 0.000000
vt 0.384722 0.000000
vt 0.384206 0.000000
vt 0.383739 0.000000
vt 0.383328 0.000000
vt 0.382980 0.000000
vt 0.375000 0.007739
s 0
usemtl Material
f 4088/1/1 818/2/1 2454/3/1 5720/4/1
f 5722/5/2 4903/6/2 3270/7/2 4086/8/2
f 2453/9/3 1637/10/3 4904/11/3 5721/12/3
f 2/13/4 3271/14/4 4905/15/4 1636/16/4
f 820/17/5 3/18/5 1635/19/5 2452/20/5
f 1/21/6 4/22/6 21/23/6 20/24/6
f 4/22/7 5/25/7 22/26/7 21/23/7
f 5/25/8 6/27/8 23/28/8 22/26/8
f 6/27/9 7/29/9 24/30/9 23/28/9
f 7/29/10 8/31/10 25/32/10 24/30/10
f 8/31/11 9/33/11 26/34/11 25/32/11
f 9/33/12 10/35/12 27/36/12 26/34/12
f 10/35/13 11/37/13 28/38/13 27/36/13
f 11/37/14 12/39/14 29/40/14 28/38/14
f 12/39/15 13/41/15 30/42/15 29/40/15
f 13/41/16 14/43/16 31/44/16 30/42/16
f 14/43/17 15/45/17 32/46/17 31/44/17
f 15/45/18 16/47/18 33/48/18 32/46/18
f 16/47/19 17/49/19 34/50/19 33/48/19
f 17/49/20 18/51/20 35/52/20 34/50/20
f 18/51/21 19/53/21 36/54/21 35/52/21
f 20/24/22 21/23/22 38/55/22 37/56/22
f 21/23/23 22/26/23 39/57/23 38/55/23
f 22/26/24 23/28/24 40/58/24 39/57/24
f 23/28/25 24/30/25 41/59/25 40/58/25
f 24/30/26 25/32/26 42/60/26 41/59/26
f 25/32/27 26/34/27 43/61/27 42/60/27
f 26/34/28 27/36/28 44/62/28 43/61/28
f 27/36/29 28/38/29 45/63/29 44/62/29
f 28/38/30 29/40/30 46/64/30 45/63/30
f 29/40/31 30/42/31 47/65/31 46/64/31
f 30/42/32 31/44/32 48/66/32 47/65/32
f 31/44/33 32/46/33 49/67/33 48/66/33
f 32/46/34 33/48/34 50/68/34 49/67/34
f 33/48/35 34/50/35 51/69/35 50/68/35
f 34/50/36 35/52/36 52/70/36 51/69/36
f 35/52/37 36/54/37 53/71/37 52/70/37
f 37/56/38 38/55/38 55/72/38 54/73/38
f 38/55/39 39/57/39 56/74/39 55/72/39
f 39/57/40 40/58/40 57/75/40 56/74/40
f 40/58/41 41/59/41 58/76/41 57/75/41
f 41/59/42 42/60/42 59/77/42 58/76/42
f 42/60/43 43/61/43 60/78/43 59/77/43
f 43/61/44 44/62/44 61/79/44 60/78/44
f 44/62/45 45/63/45 62/80/45 61/79/45
f 45/63/46 46/64/46 63/81/46 62/80/46
f 46/64/47 47/65/47 64/82/47 63/81/47
f 47/65/48 48/66/48 65/83/48 64/82/48
f 48/66/49 49/67/49 66/84/49 65/83/49
f 49/67/50 50/68/50 67/85/50 66/84/50
f 50/68/51 51/69/51 68/86/51 67/85/51
f 51/69/52 52/70/52 69/87/52 68/86/52
f 52/70/53 53/71/53 70/88/53 69/87/53
f 54/73/54 55/72/54 72/89/54 71/90/54
f 55/72/55 56/74/55 73/91/55 72/89/55
f 56/74/56 57/75/56 74/92/56 73/91/56
f 57/75/57 58/76/57 75/93/57 74/92/57
f 58/76/58 59/77/58 76/94/58 75/93/58
f 59/77/59 60/78/59 77/95/59 76/94/59
f 60/78/60 61/79/60 78/96/60 77/95/60
f 61/79/61 62/80/61 79/97/61 78/96/61
f 62/80/62 63/81/62 80/98/62 79/97/62
f 63/81/63 64/82/63 81/99/63 80/98/63
f 64/82/64 65/83/64 82/100/64 81/99/64
f 65/83/65 66/84/65 83/101/65 82/100/65
f 66/84/66 67/85/66 84/102/66 83/101/66
f 67/85/67 68/86/67 85/103/67 84/102/67
f 68/86/68 69/87/68 86/104/68 85/103/68
f 69/87/69 70/88/69 87/105/69 86/104/69
f 71/90/70 72/89/70 89/106/70 88/107/70
f 72/89/71 73/91/71 90/108/71 89/106/71
f 73/91/72 74/92/72 91/109/72 90/108/72
f 74/92/73 75/93/73 92/110/73 91/109/73
f 75/93/74 76/94/74 93/111/74 92/110/74
f 76/94/75 77/95/75 94/112/75 93/111/75
f 77/95/76 78/96/76 95/113/76 94/112/76
f 78/96/77 79/97/77 96/114/77 95/113/77
f 79/97/78 80/98/78 97/115/78 96/114/78
f 80/98/79 81/99/79 98/116/79 97/115/79
f 81/99/80 82/100/80 99/117/80 98/116/80
f 82/100/81 83/101/81 100/118/81 99/117/81
f 83/101/82 84/102/82 101/119/82 100/118/82
f 84/102/83 85/103/83 102/120/83 101/119/83
f 85/103/84 86/104/84 103/121/84 102/120/84
f 86/104/85 87/105/85 104/122/85 103/121/85
f 88/107/86 89/106/86 106/123/86 105/124/86
f 89/106/87 90/108/87 107/125/87 106/123/87
f 90/108/88 91/109/88 108/126/88 107/125/88
f 91/109/89 92/110/89 109/127/89 108/126/89
f 92/110/90 93/111/90 110/128/90 109/127/90
f 93/111/91 94/112/91 111/129/91 110/128/91
f 94/112/92 95/113/92 112/130/92 111/129/92
f 95/113/93 96/114/93 113/131/93 112/130/93
f 96/114/94 97/115/94 114/132/94 113/131/94
f 97/115/95 98/116/95 115/133/95 114/132/95
f 98/116/96 99/117/96 116/134/96 115/133/96
f 99/117/97 100/118/97 117/135/97 116/134/97
f 100/118/98 101/119/98 118/136/98 117/135/98
f 101/119/99 102/120/99 119/137/99 118/136/99
f 102/120/100 103/121/100 120/138/100 119/137/100
f 103/121/101 104/122/101 121/139/101 120/138/101
f 105/124/102 106/123/102 123/140/102 122/141/102
f 106/123/103 107/125/103 124/142/103 123/140/103
f 107/125/104 108/126/104 125/143/104 124/142/104
f 108/126/105 109/127/105 126/144/105 125/143/105
f 109/127/106 110/128/106 127/145/106 126/144/106
f 110/128/107 111/129/107 128/146/107 127/145/107
f 111/129/108 112/130/108 129/147/108 128/146/108
f 112/130/109 113/131/109 130/148/109 129/147/109
f 113/131/110 114/132/110 131/149/110 130/148/110
f 114/132/111 115/133/111 132/150/111 131/149/111
f 115/133/112 116/134/112 133/151/112 132/150/112
f 116/134/113 117/135/113 134/152/113 133/151/113
f 117/135/114 118/136/114 135/153/114 134/152/114
f 118/136/115 119/137/115 136/154/115 135/153/115
f 119/137/116 120/138/116 137/155/116 136/154/116
f 120/138/117 121/139/117 138/156/117 137/155/117
f 122/141/118 123/140/118 140/157/118 139/158/118
f 123/140/119 124/142/119 141/159/119 140/157/119
f 124/142/120 125/143/120 142/160/120 141/159/120
f 125/143/121 126/144/121 143/161/121 142/160/121
f 126/144/122 127/145/122 144/162/122 143/161/122
f 127/145/123 128/146/123 145/163/123 144/162/123
f 128/146/124 129/147/124 146/164/124 145/163/124
f 129/147/125 130/148/125 147/165/125 146/164/125
f 130/148/126 131/149/126 148/166/126 147/165/126
f 131/149/127 132/150/127 149/167/127 148/166/127
f 132/150/128 133/151/128 150/168/128 149/167/128
f 133/151/129 134/152/129 151/169/129 150/168/129
f 134/152/130 135/153/130 152/170/130 151/169/130
f 135/153/131 136/154/131 153/171/131 152/170/131
f 136/154/132 137/155/132 154/172/132 153/171/132
f 137/155/133 138/156/133 155/173/133 154/172/133
f 139/158/134 140/157/134 157/174/134 156/175/134
f 140/157/135 141/159/135 158/176/135 157/174/135
f 141/159/136 142/160/136 159/177/136 158/176/136
f 142/160/137 143/161/137 160/178/137 159/177/137
f 143/161/138 144/162/138 161/179/138 160/178/138
f 144/162/139 145/163/139 162/180/139 161/179/139
f 145/163/140 146/164/140 163/181/140 162/180/140
f 146/164/141 147/165/141 164/182/141 163/181/141
f 147/165/142 148/166/142 165/183/142 164/182/142
f 148/166/143 149/167/143 166/184/143 165/183/143
f 149/167/144 150/168/144 167/185/144 166/184/144
f 150/168/145 151/169/145 168/186/145 167/185/145
f 151/169/146 152/170/146 169/187/146 168/186/146
f 152/170/147 153/171/147 170/188/147 169/187/147
f 153/171/148 154/172/148 171/189/148 170/188/148
f 154/172/149 155/173/149 172/190/149 171/189/149
f 156/175/150 157/174/150 174/191/150 173/192/150
f 157/174/151 158/176/151 175/193/151 174/191/151
f 158/176/152 159/177/152 176/194/152 175/193/152
f 159/177/153 160/178/153 177/195/153 176/194/153
f 160/178/154 161/179/154 178/196/154 177/195/154
f 161/179/155 162/180/155 179/197/155 178/196/155
f 162/180/156 163/181/156 180/198/156 179/197/156
f 163/181/157 164/182/157 181/199/157 180/198/157
f 164/182/158 165/183/158 182/200/158 181/199/158
f 165/183/159 166/184/159 183/201/159 182/200/159
f 166/184/160 167/185/160 184/202/160 183/201/160
f 167/185/161 168/186/161 185/203/161 184/202/161
f 168/186/162 169/187/162 186/204/162 185/203/162
f 169/187/163 170/188/163 187/205/163 186/204/163
f 170/188/164 171/189/164 188/206/164 187/205/164
f 171/189/165 172/190/165 189/207/165 188/206/165
f 173/192/166 174/191/166 191/208/166 190/209/166
f 174/191/167 175/193/167 192/210/167 191/208/167
f 175/193/168 176/194/168 193/211/168 192/210/168
f 176/194/169 177/195/169 194/212/169 193/211/169
f 177/195/170 178/196/170 195/213/170 194/212/170
f 178/196/171 179/197/171 196/214/171 195/213/171
f 179/197/172 180/198/172 197/215/172 196/214/172
f 180/198/173 181/199/173 198/216/173 197/215/173
f 181/199/174 182/200/174 199/217/174 198/216/174
f 182/200/175 183/201/175 200/218/175 199/217/175
f 183/201/176 184/202/176 201/219/176 200/218/176
f 184/202/177 185/203/177 202/220/177 201/219/177
f 185/203/178 186/204/178 203/221/178 202/220/178
f 186/204/179 187/205/179 204/222/179 203/221/179
f 187/205/180 188/206/180 205/223/180 204/222/180
f 188/206/181 189/207/181 206/224/181 205/223/181
f 190/209/182 191/208/182 208/225/182 207/226/182
f 191/208/183 192/210/183 209/227/183 208/225/183
f 192/210/184 193/211/184 210/228/184 209/227/184
f 193/211/185 194/212/185 211/229/185 210/228/185
f 194/212/186 195/213/186 212/230/186 211/229/186
f 195/213/187 196/214/187 213/231/187 212/230/187
f 196/214/188 197/215/188 214/232/188 213/231/188
f 197/215/189 198/216/189 215/233/189 214/232/189
f 198/216/190 199/217/190 216/234/190 215/233/190
f 199/217/191 200/218/191 217/235/191 216/234/191
f 200/218/192 201/219/192 218/236/192 217/235/192
f 201/219/193 202/220/193 219/237/193 218/236/193
f 202/220/194 203/221/194 220/238/194 219/237/194
f 203/221/195 204/222/195 221/239/195 220/238/195
f 204/222/196 205/223/196 222/240/196 221/239/196
f 205/223/197 206/224/197 223/241/197 222/240/197
f 207/226/198 208/225/198 225/242/198 224/243/198
f 208/225/199 209/227/199 226/244/199 225/242/199
f 209/227/200 210/228/200 227/245/200 226/244/200
f 210/228/201 211/229/201 228/246/201 227/245/201
f 211/229/202 212/230/202 229/247/202 228/246/202
f 212/230/203 213/231/203 230/248/203 229/247/203
f 213/231/204 214/232/204 231/249/204 230/248/204
f 214/232/205 215/233/205 232/250/205 231/249/205
f 215/233/206 216/234/206 233/251/206 232/250/206
f 216/234/207 217/235/207 234/252/207 233/251/207
f 217/235/208 218/236/208 235/253/208 234/252/208
f 218/236/209 219/237/209 236/254/209 235/253/209
f 219/237/210 220/238/210 237/255/210 236/254/210
f 220/238/211 221/239/211 238/256/211 237/255/211
f 221/239/212 222/240/212 239/257/212 238/256/212
f 222/240/213 223/241/213 240/258/213 239/257/213
f 224/243/214 225/242/214 242/259/214 241/260/214
f 225/242/215 226/244/215 243/261/215 242/259/215
f 226/244/216 227/245/216 244/262/216 243/261/216
f 227/245/217 228/246/217 245/263/217 244/262/217
f 228/246/218 229/247/218 246/264/218 245/263/218
f 229/247/219 230/248/219 247/265/219 246/264/219
f 230/248/220 231/249/220 248/266/220 247/265/220
f 231/249/221 232/250/221 249/267/221 248/266/221
f 232/250/222 233/251/222 250/268/222 249/267/222
f 233/251/223 234/252/223 251/269/223 250/268/223
f 234/252/224 235/253/224 252/270/224 251/269/224
f 235/253/225 236/254/225 253/271/225 252/270/225
f 236/254/226 237/255/226 254/272/226 253/271/226
f 237/255/227 238/256/227 255/273/227 254/272/227
f 238/256/228 239/257/228 256/274/228 255/273/228
f 239/257/229 240/258/229 257/275/229 256/274/229
f 241/260/230 242/259/230 259/276/230 258/277/230
f 242/259/231 243/261/231 260/278/231 259/276/231
f 243/261/232 244/262/232 261/279/232 260/278/232
f 244/262/233 245/263/233 262/280/233 261/279/233
f 245/263/234 246/264/234 263/281/234 262/280/234
f 246/264/235 247/265/235 264/282/235 263/281/235
f 247/265/236 248/266/236 265/283/236 264/282/236
f 248/266/237 249/267/237 266/284/237 265/283/237
f 249/267/238 250/268/238 267/285/238 266/284/238
f 250/268/239 251/269/239 268/286/239 267/285/239
f 251/269/240 252/270/240 269/287/240 268/286/240
f 252/270/241 253/271/241 270/288/241 269/287/241
f 253/271/242 254/272/242 271/289/242 270/288/242
f 254/272/243 255/273/243 272/290/243 271/289/243
f 255/273/244 256/274/244 273/291/244 272/290/244
f 256/274/245 257/275/245 274/292/245 273/291/245
f 258/277/246 259/276/246 579/293/246 562/294/246
f 259/276/247 260/278/247 596/295/247 579/293/247
f 260/278/248 261/279/248 613/296/248 596/295/248
f 261/279/249 262/280/249 630/297/249 613/296/249
f 262/280/250 263/281/250 647/298/250 630/297/250
f 263/281/251 264/282/251 664/299/251 647/298/251
f 264/282/252 265/283/252 681/300/252 664/299/252
f 265/283/253 266/284/253 698/301/253 681/300/253
f 266/284/254 267/285/254 715/302/254 698/301/254
f 267/285/255 268/286/255 732/303/255 715/302/255
f 268/286/256 269/287/256 749/304/256 732/303/256
f 269/287/257 270/288/257 766/305/257 749/304/257
f 270/288/258 271/289/258 783/306/258 766/305/258
f 271/289/259 272/290/259 800/307/259 783/306/259
f 272/290/260 273/291/260 817/308/260 800/307/260
f 273/291/261 274/292/261 275/309/261 817/308/261
f 2/13/262 276/310/262 293/311/262 292/312/262
f 276/310/263 277/313/263 294/314/263 293/311/263
f 277/313/264 278/315/264 295/316/264 294/314/264
f 278/315/265 279/317/265 296/318/265 295/316/265
f 279/317/266 280/319/266 297/320/266 296/318/266
f 280/319/267 281/321/267 298/322/267 297/320/267
f 281/321/268 282/323/268 299/324/268 298/322/268
f 282/323/269 283/325/269 300/326/269 299/324/269
f 283/325/270 284/327/270 301/328/270 300/326/270
f 284/327/271 285/329/271 302/330/271 301/328/271
f 285/329/272 286/331/272 303/332/272 302/330/272
f 286/331/273 287/333/273 304/334/273 303/332/273
f 287/333/274 288/335/274 305/336/274 304/334/274
f 288/335/275 289/337/275 306/338/275 305/336/275
f 289/337/276 290/339/276 307/340/276 306/338/276
f 290/339/277 291/341/277 308/342/277 307/340/277
f 292/312/278 293/311/278 310/343/278 309/344/278
f 293/311/279 294/314/279 311/345/279 310/343/279
f 294/314/280 295/316/280 312/346/280 311/345/280
f 295/316/281 296/318/281 313/347/281 312/346/281
f 296/318/282 297/320/282 314/348/282 313/347/282
f 297/320/283 298/322/283 315/349/283 314/348/283
f 298/322/284 299/324/284 316/350/284 315/349/284
f 299/324/285 300/326/285 317/351/285 316/350/285
f 300/326/286 301/328/286 318/352/286 317/351/286
f 301/328/287 302/330/287 319/353/287 318/352/287
f 302/330/288 303/332/288 320/354/288 319/353/288
f 303/332/289 304/334/289 321/355/289 320/354/289
f 304/334/290 305/336/290 322/356/290 321/355/290
f 305/336/291 306/338/291 323/357/291 322/356/291
f 306/338/292 307/340/292 324/358/292 323/357/292
f 307/340/293 308/342/293 325/359/293 324/358/293
f 309/344/294 310/343/294 327/360/294 326/361/294
f 310/343/295 311/345/295 328/362/295 327/360/295
f 311/345/296 312/346/296 329/363/296 328/362/296
f 312/346/297 313/347/297 330/364/297 329/363/297
f 313/347/298 314/348/298 331/365/298 330/364/298
f 314/348/299 315/349/299 332/366/299 331/365/299
f 315/349/300 316/350/300 333/367/300 332/366/300
f 316/350/301 317/351/301 334/368/301 333/367/301
f 317/351/302 318/352/302 335/369/302 334/368/302
f 318/352/303 319/353/303 336/370/303 335/369/303
f 319/353/304 320/354/304 337/371/304 336/370/304
f 320/354/305 321/355/305 338/372/305 337/371/305
f 321/355/306 322/356/306 339/373/306 338/372/306
f 322/356/307 323/357/307 340/374/307 339/373/307
f 323/357/308 324/358/308 341/375/308 340/374/308
f 324/358/309 325/359/309 342/376/309 341/375/309
f 326/361/310 327/360/310 344/377/310 343/378/310
f 327/360/311 328/362/311 345/379/311 344/377/311
f 328/362/312 329/363/312 346/380/312 345/379/312
f 329/363/313 330/364/313 347/381/313 346/380/313
f 330/364/314 331/365/314 348/382/314 347/381/314
f 331/365/315 332/366/315 349/383/315 348/382/315
f 332/366/316 333/367/316 350/384/316 349/383/316
f 333/367/317 334/368/317 351/385/317 350/384/317
f 334/368/318 335/369/318 352/386/318 351/385/318
f 335/369/319 336/370/319 353/387/319 352/386/319
f 336/370/320 337/371/320 354/388/320 353/387/320
f 337/371/321 338/372/321 355/389/321 354/388/321
f 338/372/322 339/373/322 356/390/322 355/389/322
f 339/373/323 340/374/323 357/391/323 356/390/323
f 340/374/324 341/375/324 358/392/324 357/391/324
f 341/375/325 342/376/325 359/393/325 358/392/325
f 343/378/326 344/377/326 361/394/326 360/395/326
f 344/377/327 345/379/327 362/396/327 361/394/327
f 345/379/328 346/380/328 363/397/328 362/396/328
f 346/380/329 347/381/329 364/398/329 363/397/329
f 347/381/330 348/382/330 365/399/330 364/398/330
f 348/382/331 349/383/331 366/400/331 365/399/331
f 349/383/332 350/384/332 367/401/332 366/400/332
f 350/384/333 351/385/333 368/402/333 367/401/333
f 351/385/334 352/386/334 369/403/334 368/402/334
f 352/386/335 353/387/335 370/404/335 369/403/335
f 353/387/336 354/388/336 371/405/336 370/404/336
f 354/388/337 355/389/337 372/406/337 371/405/337
f 355/389/338 356/390/338 373/407/338 372/406/338
f 356/390/339 357/391/339 374/408/339 373/407/339
f 357/391/340 358/392/340 375/409/340 374/408/340
f 358/392/341 359/393/341 376/410/341 375/409/341
f 360/395/342 361/394/342 378/411/342 377/412/342
f 361/394/343 362/396/343 379/413/343 378/411/343
f 362/396/344 363/397/344 380/414/344 379/413/344
f 363/397/345 364/398/345 381/415/345 380/414/345
f 364/398/346 365/399/346 382/416/346 381/415/346
f 365/399/347 366/400/347 383/417/347 382/416/347
f 366/400/348 367/401/348 384/418/348 383/417/348
f 367/401/349 368/402/349 385/419/349 384/418/349
f 368/402/350 369/403/350 386/420/350 385/419/350
f 369/403/351 370/404/351 387/421/351 386/420/351
f 370/404/352 371/405/352 388/422/352 387/421/352
f 371/405/353 372/406/353 389/423/353 388/422/353
f 372/406/354 373/407/354 390/424/354 389/423/354
f 373/407/355 374/408/355 391/425/355 390/424/355
f 374/408/356 375/409/356 392/426/356 391/425/356
f 375/409/357 376/410/357 393/427/357 392/426/357
f 377/412/358 378/411/358 395/428/358 394/429/358
f 378/411/359 379/413/359 396/430/359 395/428/359
f 379/413/360 380/414/360 397/431/360 396/430/360
f 380/414/361 381/415/361 398/432/361 397/431/361
f 381/415/362 382/416/362 399/433/362 398/432/362
f 382/416/363 383/417/363 400/434/363 399/433/363
f 383/417/364 384/418/364 401/435/364 400/434/364
f 384/418/365 385/419/365 402/436/365 401/435/365
f 385/419/366 386/420/366 403/437/366 402/436/366
f 386/420/367 387/421/367 404/438/367 403/437/367
f 387/421/368 388/422/368 405/439/368 404/438/368
f 388/422/369 389/423/369 406/440/369 405/439/369
f 389/423/370 390/424/370 407/441/370 406/440/370
f 390/424/371 391/425/371 408/442/371 407/441/371
f 391/425/372 392/426/372 409/443/372 408/442/372
f 392/426/373 393/427/373 410/444/373 409/443/373
f 394/429/374 395/428/374 412/445/374 411/446/374
f 395/428/375 396/430/375 413/447/375 412/445/375
f 396/430/376 397/431/376 414/448/376 413/447/376
f 397/431/377 398/432/377 415/449/377 414/448/377
f 398/432/378 399/433/378 416/450/378 415/449/378
f 399/433/379 400/434/379 417/451/379 416/450/379
f 400/434/380 401/435/380 418/452/380 417/451/380
f 401/435/381 402/436/381 419/453/381 418/452/381
f 402/436/382 403/437/382 420/454/382 419/453/382
f 403/437/383 404/438/383 421/455/383 420/454/383
f 404/438/384 405/439/384 422/456/384 421/455/384
f 405/439/385 406/440/385 423/457/385 422/456/385
f 406/440/386 407/441/386 424/458/386 423/457/386
f 407/441/387 408/442/387 425/459/387 424/458/387
f 408/442/388 409/443/388 426/460/388 425/459/388
f 409/443/389 410/444/389 427/461/389 426/460/389
f 411/446/390 412/445/390 429/462/390 428/463/390
f 412/445/391 413/447/391 430/464/391 429/462/391
f 413/447/392 414/448/392 431/465/392 430/464/392
f 414/448/393 415/449/393 432/466/393 431/465/393
f 415/449/394 416/450/394 433/467/394 432/466/394
f 416/450/395 417/451/395 434/468/395 433/467/395
f 417/451/396 418/452/396 435/469/396 434/468/396
f 418/452/397 419/453/397 436/470/397 435/469/397
f 419/453/398 420/454/398 437/471/398 436/470/398
f 420/454/399 421/455/399 438/472/399 437/471/399
f 421/455/400 422/456/400 439/473/400 438/472/400
f 422/456/401 423/457/401 440/474/401 439/473/401
f 423/457/402 424/458/402 441/475/402 440/474/402
f 424/458/403 425/459/403 442/476/403 441/475/403
f 425/459/404 426/460/404 443/477/404 442/476/404
f 426/460/405 427/461/405 444/478/405 443/477/405
f 428/463/406 429/462/406 446/479/406 445/480/406
f 429/462/407 430/464/407 447/481/407 446/479/407
f 430/464/408 431/465/408 448/482/408 447/481/408
f 431/465/409 432/466/409 449/483/409 448/482/409
f 432/466/410 433/467/410 450/484/410 449/483/410
f 433/467/411 434/468/411 451/485/411 450/484/411
f 434/468/412 435/469/412 452/486/412 451/485/412
f 435/469/413 436/470/413 453/487/413 452/486/413
f 436/470/414 437/471/414 454/488/414 453/487/414
f 437/471/415 438/472/415 455/489/415 454/488/415
f 438/472/416 439/473/416 456/490/416 455/489/416
f 439/473/417 440/474/417 457/491/417 456/490/417
f 440/474/418 441/475/418 458/492/418 457/491/418
f 441/475/419 442/476/419 459/493/419 458/492/419
f 442/476/420 443/477/420 460/494/420 459/493/420
f 443/477/421 444/478/421 461/495/421 460/494/421
f 445/480/422 446/479/422 463/496/422 462/497/422
f 446/479/423 447/481/423 464/498/423 463/496/423
f 447/481/424 448/482/424 465/499/424 464/498/424
f 448/482/425 449/483/425 466/500/425 465/499/425
f 449/483/426 450/484/426 467/501/426 466/500/426
f 450/484/427 451/485/427 468/502/427 467/501/427
f 451/485/428 452/486/428 469/503/428 468/502/428
f 452/486/429 453/487/429 470/504/429 469/503/429
f 453/487/430 454/488/430 471/505/430 470/504/430
f 454/488/431 455/489/431 472/506/431 471/505/431
f 455/489/432 456/490/432 473/507/432 472/506/432
f 456/490/433 457/491/433 474/508/433 473/507/433
f 457/491/434 458/492/434 475/509/434 474/508/434
f 458/492/435 459/493/435 476/510/435 475/509/435
f 459/493/436 460/494/436 477/511/436 476/510/436
f 460/494/437 461/495/437 478/512/437 477/511/437
f 462/497/438 463/496/438 480/513/438 479/514/438
f 463/496/439 464/498/439 481/515/439 480/513/439
f 464/498/440 465/499/440 482/516/440 481/515/440
f 465/499/441 466/500/441 483/517/441 482/516/441
f 466/500/442 467/501/442 484/518/442 483/517/442
f 467/501/443 468/502/443 485/519/443 484/518/443
f 468/502/444 469/503/444 486/520/444 485/519/444
f 469/503/445 470/504/445 487/521/445 486/520/445
f 470/504/446 471/505/446 488/522/446 487/521/446
f 471/505/447 472/506/447 489/523/447 488/522/447
f 472/506/448 473/507/448 490/524/448 489/523/448
f 473/507/449 474/508/449 491/525/449 490/524/449
f 474/508/450 475/509/450 492/526/450 491/525/450
f 475/509/451 476/510/451 493/527/451 492/526/451
f 476/510/452 477/511/452 494/528/452 493/527/452
f 477/511/453 478/512/453 495/529/453 494/528/453
f 479/514/454 480/513/454 497/530/454 496/531/454
f 480/513/455 481/515/455 498/532/455 497/530/455
f 481/515/456 482/516/456 499/533/456 498/532/456
f 482/516/457 483/517/457 500/534/457 499/533/457
f 483/517/458 484/518/458 501/535/458 500/534/458
f 484/518/459 485/519/459 502/536/459 501/535/459
f 485/519/460 486/520/460 503/537/460 502/536/460
f 486/520/461 487/521/461 504/538/461 503/537/461
f 487/521/462 488/522/462 505/539/462 504/538/462
f 488/522/463 489/523/463 506/540/463 505/539/463
f 489/523/464 490/524/464 507/541/464 506/540/464
f 490/524/465 491/525/465 508/542/465 507/541/465
f 491/525/466 492/526/466 509/543/466 508/542/466
f 492/526/467 493/527/467 510/544/467 509/543/467
f 493/527/468 494/528/468 511/545/468 510/544/468
f 494/528/469 495/529/469 512/546/469 511/545/469
f 496/531/470 497/530/470 514/547/470 513/548/470
f 497/530/471 498/532/471 515/549/471 514/547/471
f 498/532/472 499/533/472 516/550/472 515/549/472
f 499/533/473 500/534/473 517/551/473 516/550/473
f 500/534/474 501/535/474 518/552/474 517/551/474
f 501/535/475 502/536/475 519/553/475 518/552/475
f 502/536/476 503/537/476 520/554/476 519/553/476
f 503/537/477 504/538/477 521/555/477 520/554/477
f 504/538/478 505/539/478 522/556/478 521/555/478
f 505/539/479 506/540/479 523/557/479 522/556/479
f 506/540/480 507/541/480 524/558/480 523/557/480
f 507/541/481 508/542/481 525/559/481 524/558/481
f 508/542/482 509/543/482 526/560/482 525/559/482
f 509/543/483 510/544/483 527/561/483 526/560/483
f 510/544/484 511/545/484 528/562/484 527/561/484
f 511/545/485 512/546/485 529/563/485 528/562/485
f 513/548/486 514/547/486 531/564/486 530/565/486
f 514/547/487 515/549/487 532/566/487 531/564/487
f 515/549/488 516/550/488 533/567/488 532/566/488
f 516/550/489 517/551/489 534/568/489 533/567/489
f 517/551/490 518/552/490 535/569/490 534/568/490
f 518/552/491 519/553/491 536/570/491 535/569/491
f 519/553/492 520/554/492 537/571/492 536/570/492
f 520/554/493 521/555/493 538/572/493 537/571/493
f 521/555/494 522/556/494 539/573/494 538/572/494
f 522/556/495 523/557/495 540/574/495 539/573/495
f 523/557/496 524/558/496 541/575/496 540/574/496
f 524/558/497 525/559/497 542/576/497 541/575/497
f 525/559/498 526/560/498 543/577/498 542/576/498
f 526/560/499 527/561/499 544/578/499 543/577/499
f 527/561/500 528/562/500 545/579/500 544/578/500
f 528/562/501 529/563/501 546/580/501 545/579/501
f 530/565/502 531/564/502 36/581/502 19/582/502
f 531/564/503 532/566/503 53/583/503 36/581/503
f 532/566/504 533/567/504 70/584/504 53/583/504
f 533/567/505 534/568/505 87/585/505 70/584/505
f 534/568/506 535/569/506 104/586/506 87/585/506
f 535/569/507 536/570/507 121/587/507 104/586/507
f 536/570/508 537/571/508 138/588/508 121/587/508
f 537/571/509 538/572/509 155/589/509 138/588/509
f 538/572/510 539/573/510 172/590/510 155/589/510
f 539/573/511 540/574/511 189/591/511 172/590/511
f 540/574/512 541/575/512 206/592/512 189/591/512
f 541/575/513 542/576/513 223/593/513 206/592/513
f 542/576/514 543/577/514 240/594/514 223/593/514
f 543/577/515 544/578/515 257/595/515 240/594/515
f 544/578/516 545/579/516 274/596/516 257/595/516
f 545/579/517 546/580/517 275/309/517 274/596/517
f 3/18/518 547/597/518 564/598/518 563/599/518
f 547/597/519 548/600/519 565/601/519 564/598/519
f 548/600/520 549/602/520 566/603/520 565/601/520
f 549/602/521 550/604/521 567/605/521 566/603/521
f 550/604/522 551/606/522 568/607/522 567/605/522
f 551/606/523 552/608/523 569/609/523 568/607/523
f 552/608/524 553/610/524 570/611/524 569/609/524
f 553/610/525 554/612/525 571/613/525 570/611/525
f 554/612/526 555/614/526 572/615/526 571/613/526
f 555/614/527 556/616/527 573/617/527 572/615/527
f 556/616/528 557/618/528 574/619/528 573/617/528
f 557/618/529 558/620/529 575/621/529 574/619/529
f 558/620/530 559/622/530 576/623/530 575/621/530
f 559/622/531 560/624/531 577/625/531 576/623/531
f 560/624/532 561/626/532 578/627/532 577/625/532
f 561/626/533 562/294/533 579/293/533 578/627/533
f 563/599/534 564/598/534 581/628/534 580/629/534
f 564/598/535 565/601/535 582/630/535 581/628/535
f 565/601/536 566/603/536 583/631/536 582/630/536
f 566/603/537 567/605/537 584/632/537 583/631/537
f 567/605/538 568/607/538 585/633/538 584/632/538
f 568/607/539 569/609/539 586/634/539 585/633/539
f 569/609/540 570/611/540 587/635/540 586/634/540
f 570/611/541 571/613/541 588/636/541 587/635/541
f 571/613/542 572/615/542 589/637/542 588/636/542
f 572/615/543 573/617/543 590/638/543 589/637/543
f 573/617/544 574/619/544 591/639/544 590/638/544
f 574/619/545 575/621/545 592/640/545 591/639/545
f 575/621/546 576/623/546 593/641/546 592/640/546
f 576/623/547 577/625/547 594/642/547 593/641/547
f 577/625/548 578/627/548 595/643/548 594/642/548
f 578/627/549 579/293/549 596/295/549 595/643/549
f 580/629/550 581/628/550 598/644/550 597/645/550
f 581/628/551 582/630/551 599/646/551 598/644/551
f 582/630/552 583/631/552 600/647/552 599/646/552
f 583/631/553 584/632/553 601/648/553 600/647/553
f 584/632/554 585/633/554 602/649/554 601/648/554
f 585/633/555 586/634/555 603/650/555 602/649/555
f 586/634/556 587/635/556 604/651/556 603/650/556
f 587/635/557 588/636/557 605/652/557 604/651/557
f 588/636/558 589/637/558 606/653/558 605/652/558
f 589/637/559 590/638/559 607/654/559 606/653/559
f 590/638/560 591/639/560 608/655/560 607/654/560
f 591/639/561 592/640/561 609/656/561 608/655/561
f 592/640/562 593/641/562 610/657/562 609/656/562
f 593/641/563 594/642/563 611/658/563 610/657/563
f 594/642/564 595/643/564 612/659/564 611/658/564
f 595/643/565 596/295/565 613/296/565 612/659/565
f 597/645/566 598/644/566 615/660/566 614/661/566
f 598/644/567 599/646/567 616/662/567 615/660/567
f 599/646/568 600/647/568 617/663/568 616/662/568
f 600/647/569 601/648/569 618/664/569 617/663/569
f 601/648/570 602/649/570 619/665/570 618/664/570
f 602/649/571 603/650/571 620/666/571 619/665/571
f 603/650/572 604/651/572 621/667/572 620/666/572
f 604/651/573 605/652/573 622/668/573 621/667/573
f 605/652/574 606/653/574 623/669/574 622/668/574
f 606/653/575 607/654/575 624/670/575 623/669/575
f 607/654/576 608/655/576 625/671/576 624/670/576
f 608/655/577 609/656/577 626/672/577 625/671/577
f 609/656/578 610/657/578 627/673/578 626/672/578
f 610/657/579 611/658/579 628/674/579 627/673/579
f 611/658/580 612/659/580 629/675/580 628/674/580
f 612/659/581 613/296/581 630/297/581 629/675/581
f 614/661/582 615/660/582 632/676/582 631/677/582
f 615/660/583 616/662/583 633/678/583 632/676/583
f 616/662/584 617/663/584 634/679/584 633/678/584
f 617/663/585 618/664/585 635/680/585 634/679/585
f 618/664/586 619/665/586 636/681/586 635/680/586
f 619/665/587 620/666/587 637/682/587 636/681/587
f 620/666/588 621/667/588 638/683/588 637/682/588
f 621/667/589 622/668/589 639/684/589 638/683/589
f 622/668/590 623/669/590 640/685/590 639/684/590
f 623/669/591 624/670/591 641/686/591 640/685/591
f 624/670/592 625/671/592 642/687/592 641/686/592
f 625/671/593 626/672/593 643/688/593 642/687/593
f 626/672/594 627/673/594 644/689/594 643/688/594
f 627/673/595 628/674/595 645/690/595 644/689/595
f 628/674/596 629/675/596 646/691/596 645/690/596
f 629/675/597 630/297/597 647/298/597 646/691/597
f 631/677/598 632/676/598 649/692/598 648/693/598
f 632/676/599 633/678/599 650/694/599 649/692/599
f 633/678/600 634/679/600 651/695/600 650/694/600
f 634/679/601 635/680/601 652/696/601 651/695/601
f 635/680/602 636/681/602 653/697/602 652/696/602
f 636/681/603 637/682/603 654/698/603 653/697/603
f 637/682/604 638/683/604 655/699/604 654/698/604
f 638/683/605 639/684/605 656/700/605 655/699/605
f 639/684/606 640/685/606 657/701/606 656/700/606
f 640/685/607 641/686/607 658/702/607 657/701/607
f 641/686/608 642/687/608 659/703/608 658/702/608
f 642/687/609 643/688/609 660/704/609 659/703/609
f 643/688/610 644/689/610 661/705/610 660/704/610
f 644/689/611 645/690/611 662/706/611 661/705/611
f 645/690/612 646/691/612 663/707/612 662/706/612
f 646/691/613 647/298/613 664/299/613 663/707/613
f 648/693/614 649/692/614 666/708/614 665/709/614
f 649/692/615 650/694/615 667/710/615 666/708/615
f 650/694/616 651/695/616 668/711/616 667/710/616
f 651/695/617 652/696/617 669/712/617 668/711/617
f 652/696/618 653/697/618 670/713/618 669/712/618
f 653/697/619 654/698/619 671/714/619 670/713/619
f 654/698/620 655/699/620 672/715/620 671/714/620
f 655/699/621 656/700/621 673/716/621 672/715/621
f 656/700/622 657/701/622 674/717/622 673/716/622
f 657/701/623 658/702/623 675/718/623 674/717/623
f 658/702/624 659/703/624 676/719/624 675/718/624
f 659/703/625 660/704/625 677/720/625 676/719/625
f 660/704/626 661/705/626 678/721/626 677/720/626
f 661/705/627 662/706/627 679/722/627 678/721/627
f 662/706/628 663/707/628 680/723/628 679/722/628
f 663/707/629 664/299/629 681/300/629 680/723/629
f 665/709/630 666/708/630 683/724/630 682/725/630
f 666/708/631 667/710/631 684/726/631 683/724/631
f 667/710/632 668/711/632 685/727/632 684/726/632
f 668/711/633 669/712/633 686/728/633 685/727/633
f 669/712/634 670/713/634 687/729/634 686/728/634
f 670/713/635 671/714/635 688/730/635 687/729/635
f 671/714/636 672/715/636 689/731/636 688/730/636
f 672/715/637 673/716/637 690/732/637 689/731/637
f 673/716/638 674/717/638 691/733/638 690/732/638
f 674/717/639 675/718/639 692/734/639 691/733/639
f 675/718/640 676/719/640 693/735/640 692/734/640
f 676/719/641 677/720/641 694/736/641 693/735/641
f 677/720/642 678/721/642 695/737/642 694/736/642
f 678/721/643 679/722/643 696/738/643 695/737/643
f 679/722/644 680/723/644 697/739/644 696/738/644
f 680/723/645 681/300/645 698/301/645 697/739/645
f 682/725/646 683/724/646 700/740/646 699/741/646
f 683/724/647 684/726/647 701/742/647 700/740/647
f 684/726/648 685/727/648 702/743/648 701/742/648
f 685/727/649 686/728/649 703/744/649 702/743/649
f 686/728/650 687/729/650 704/745/650 703/744/650
f 687/729/651 688/730/651 705/746/651 704/745/651
f 688/730/652 689/731/652 706/747/652 705/746/652
f 689/731/653 690/732/653 707/748/653 706/747/653
f 690/732/654 691/733/654 708/749/654 707/748/654
f 691/733/655 692/734/655 709/750/655 708/749/655
f 692/734/656 693/735/656 710/751/656 709/750/656
f 693/735/657 694/736/657 711/752/657 710/751/657
f 694/736/658 695/737/658 712/753/658 711/752/658
f 695/737/659 696/738/659 713/754/659 712/753/659
f 696/738/660 697/739/660 714/755/660 713/754/660
f 697/739/661 698/301/661 715/302/661 714/755/661
f 699/741/662 700/740/662 717/756/662 716/757/662
f 700/740/663 701/742/663 718/758/663 717/756/663
f 701/742/664 702/743/664 719/759/664 718/758/664
f 702/743/665 703/744/665 720/760/665 719/759/665
f 703/744/666 704/745/666 721/761/666 720/760/666
f 704/745/667 705/746/667 722/762/667 721/761/667
f 705/746/668 706/747/668 723/763/668 722/762/668
f 706/747/669 707/748/669 724/764/669 723/763/669
f 707/748/670 708/749/670 725/765/670 724/764/670
f 708/749/671 709/750/671 726/766/671 725/765/671
f 709/750/672 710/751/672 727/767/672 726/766/672
f 710/751/673 711/752/673 728/768/673 727/767/673
f 711/752/674 712/753/674 729/769/674 728/768/674
f 712/753/675 713/754/675 730/770/675 729/769/675
f 713/754/676 714/755/676 731/771/676 730/770/676
f 714/755/677 715/302/677 732/303/677 731/771/677
f 716/757/678 717/756/678 734/772/678 733/773/678
f 717/756/679 718/758/679 735/774/679 734/772/679
f 718/758/680 719/759/680 736/775/680 735/774/680
f 719/759/681 720/760/681 737/776/681 736/775/681
f 720/760/682 721/761/682 738/777/682 737/776/682
f 721/761/683 722/762/683 739/778/683 738/777/683
f 722/762/684 723/763/684 740/779/684 739/778/684
f 723/763/685 724/764/685 741/780/685 740/779/685
f 724/764/686 725/765/686 742/781/686 741/780/686
f 725/765/687 726/766/687 743/782/687 742/781/687
f 726/766/688 727/767/688 744/783/688 743/782/688
f 727/767/689 728/768/689 745/784/689 744/783/689
f 728/768/690 729/769/690 746/785/690 745/784/690
f 729/769/691 730/770/691 747/786/691 746/785/691
f 730/770/692 731/771/692 748/787/692 747/786/692
f 731/771/693 732/303/693 749/304/693 748/787/693
f 733/773/694 734/772/694 751/788/694 750/789/694
f 734/772/695 735/774/695 752/790/695 751/788/695
f 735/774/696 736/775/696 753/791/696 752/790/696
f 736/775/697 737/776/697 754/792/697 753/791/697
f 737/776/698 738/777/698 755/793/698 754/792/698
f 738/777/699 739/778/699 756/794/699 755/793/699
f 739/778/700 740/779/700 757/795/700 756/794/700
f 740/779/701 741/780/701 758/796/701 757/795/701
f 741/780/702 742/781/702 759/797/702 758/796/702
f 742/781/703 743/782/703 760/798/703 759/797/703
f 743/782/704 744/783/704 761/799/704 760/798/704
f 744/783/705 745/784/705 762/800/705 761/799/705
f 745/784/706 746/785/706 763/801/706 762/800/706
f 746/785/707 747/786/707 764/802/707 763/801/707
f 747/786/708 748/787/708 765/803/708 764/802/708
f 748/787/709 749/304/709 766/305/709 765/803/709
f 750/789/710 751/788/710 768/804/710 767/805/710
f 751/788/711 752/790/711 769/806/711 768/804/711
f 752/790/712 753/791/712 770/807/712 769/806/712
f 753/791/713 754/792/713 771/808/713 770/807/713
f 754/792/714 755/793/714 772/809/714 771/808/714
f 755/793/715 756/794/715 773/810/715 772/809/715
f 756/794/716 757/795/716 774/811/716 773/810/716
f 757/795/717 758/796/717 775/812/717 774/811/717
f 758/796/718 759/797/718 776/813/718 775/812/718
f 759/797/719 760/798/719 777/814/719 776/813/719
f 760/798/720 761/799/720 778/815/720 777/814/720
f 761/799/721 762/800/721 779/816/721 778/815/721
f 762/800/722 763/801/722 780/817/722 779/816/722
f 763/801/723 764/802/723 781/818/723 780/817/723
f 764/802/724 765/803/724 782/819/724 781/818/724
f 765/803/725 766/305/725 783/306/725 782/819/725
f 767/805/726 768/804/726 785/820/726 784/821/726
f 768/804/727 769/806/727 786/822/727 785/820/727
f 769/806/728 770/807/728 787/823/728 786/822/728
f 770/807/729 771/808/729 788/824/729 787/823/729
f 771/808/730 772/809/730 789/825/730 788/824/730
f 772/809/731 773/810/731 790/826/731 789/825/731
f 773/810/732 774/811/732 791/827/732 790/826/732
f 774/811/733 775/812/733 792/828/733 791/827/733
f 775/812/734 776/813/734 793/829/734 792/828/734
f 776/813/735 777/814/735 794/830/735 793/829/735
f 777/814/736 778/815/736 795/831/736 794/830/736
f 778/815/737 779/816/737 796/832/737 795/831/737
f 779/816/738 780/817/738 797/833/738 796/832/738
f 780/817/739 781/818/739 798/834/739 797/833/739
f 781/818/740 782/819/740 799/835/740 798/834/740
f 782/819/741 783/306/741 800/307/741 799/835/741
f 784/821/742 785/820/742 802/836/742 801/837/742
f 785/820/743 786/822/743 803/838/743 802/836/743
f 786/822/744 787/823/744 804/839/744 803/838/744
f 787/823/745 788/824/745 805/840/745 804/839/745
f 788/824/746 789/825/746 806/841/746 805/840/746
f 789/825/747 790/826/747 807/842/747 806/841/747
f 790/826/748 791/827/748 808/843/748 807/842/748
f 791/827/749 792/828/749 809/844/749 808/843/749
f 792/828/750 793/829/750 810/845/750 809/844/750
f 793/829/751 794/830/751 811/846/751 810/845/751
f 794/830/752 795/831/752 812/847/752 811/846/752
f 795/831/753 796/832/753 813/848/753 812/847/753
f 796/832/754 797/833/754 814/849/754 813/848/754
f 797/833/755 798/834/755 815/850/755 814/849/755
f 798/834/756 799/835/756 816/851/756 815/850/756
f 799/835/757 800/307/757 817/308/757 816/851/757
f 801/837/758 802/836/758 308/342/758 291/341/758
f 802/836/759 803/838/759 325/359/759 308/342/759
f 803/838/760 804/839/760 342/376/760 325/359/760
f 804/839/761 805/840/761 359/393/761 342/376/761
f 805/840/762 806/841/762 376/410/762 359/393/762
f 806/841/763 807/842/763 393/427/763 376/410/763
f 807/842/764 808/843/764 410/444/764 393/427/764
f 808/843/765 809/844/765 427/461/765 410/444/765
f 809/844/766 810/845/766 444/478/766 427/461/766
f 810/845/767 811/846/767 461/495/767 444/478/767
f 811/846/768 812/847/768 478/512/768 461/495/768
f 812/847/769 813/848/769 495/529/769 478/512/769
f 813/848/770 814/849/770 512/546/770 495/529/770
f 814/849/771 815/850/771 529/563/771 512/546/771
f 815/850/772 816/851/772 546/580/772 529/563/772
f 816/851/773 817/308/773 275/309/773 546/580/773
f 818/2/774 821/852/774 838/853/774 837/854/774
f 821/852/775 822/855/775 839/856/775 838/853/775
f 822/855/776 823/857/776 840/858/776 839/856/776
f 823/857/777 824/859/777 841/860/777 840/858/777
f 824/859/778 825/861/778 842/862/778 841/860/778
f 825/861/779 826/863/779 843/864/779 842/862/779
f 826/863/780 827/865/780 844/866/780 843/864/780
f 827/865/781 828/867/781 845/868/781 844/866/781
f 828/867/782 829/869/782 846/870/782 845/868/782
f 829/869/783 830/871/783 847/872/783 846/870/783
f 830/871/784 831/873/784 848/874/784 847/872/784
f 831/873/785 832/875/785 849/876/785 848/874/785
f 832/875/786 833/877/786 850/878/786 849/876/786
f 833/877/787 834/879/787 851/880/787 850/878/787
f 834/879/788 835/881/788 852/882/788 851/880/788
f 835/881/789 836/883/789 853/884/789 852/882/789
f 837/854/790 838/853/790 855/885/790 854/886/790
f 838/853/791 839/856/791 856/887/791 855/885/791
f 839/856/792 840/858/792 857/888/792 856/887/792
f 840/858/793 841/860/793 858/889/793 857/888/793
f 841/860/794 842/862/794 859/890/794 858/889/794
f 842/862/795 843/864/795 860/891/795 859/890/795
f 843/864/796 844/866/796 861/892/796 860/891/796
f 844/866/797 845/868/797 862/893/797 861/892/797
f 845/868/798 846/870/798 863/894/798 862/893/798
f 846/870/799 847/872/799 864/895/799 863/894/799
f 847/872/800 848/874/800 865/896/800 864/895/800
f 848/874/801 849/876/801 866/897/801 865/896/801
f 849/876/802 850/878/802 867/898/802 866/897/802
f 850/878/803 851/880/803 868/899/803 867/898/803
f 851/880/804 852/882/804 869/900/804 868/899/804
f 852/882/805 853/884/805 870/901/805 869/900/805
f 854/886/806 855/885/806 872/902/806 871/903/806
f 855/885/807 856/887/807 873/904/807 872/902/807
f 856/887/808 857/888/808 874/905/808 873/904/808
f 857/888/809 858/889/809 875/906/809 874/905/809
f 858/889/810 859/890/810 876/907/810 875/906/810
f 859/890/811 860/891/811 877/908/811 876/907/811
f 860/891/812 861/892/812 878/909/812 877/908/812
f 861/892/813 862/893/813 879/910/813 878/909/813
f 862/893/814 863/894/814 880/911/814 879/910/814
f 863/894/815 864/895/815 881/912/815 880/911/815
f 864/895/816 865/896/816 882/913/816 881/912/816
f 865/896/817 866/897/817 883/914/817 882/913/817
f 866/897/818 867/898/818 884/915/818 883/914/818
f 867/898/819 868/899/819 885/916/819 884/915/819
f 868/899/820 869/900/820 886/917/820 885/916/820
f 869/900/821 870/901/821 887/918/821 886/917/821
f 871/903/822 872/902/822 889/919/822 888/920/822
f 872/902/823 873/904/823 890/921/823 889/919/823
f 873/904/824 874/905/824 891/922/824 890/921/824
f 874/905/825 875/906/825 892/923/825 891/922/825
f 875/906/826 876/907/826 893/924/826 892/923/826
f 876/907/827 877/908/827 894/925/827 893/924/827
f 877/908/828 878/909/828 895/926/828 894/925/828
f 878/909/829 879/910/829 896/927/829 895/926/829
f 879/910/830 880/911/830 897/928/830 896/927/830
f 880/911/831 881/912/831 898/929/831 897/928/831
f 881/912/832 882/913/832 899/930/832 898/929/832
f 882/913/833 883/914/833 900/931/833 899/930/833
f 883/914/834 884/915/834 901/932/834 900/931/834
f 884/915/835 885/916/835 902/933/835 901/932/835
f 885/916/836 886/917/836 903/934/836 902/933/836
f 886/917/837 887/918/837 904/935/837 903/934/837
f 888/920/838 889/919/838 906/936/838 905/937/838
f 889/919/839 890/921/839 907/938/839 906/936/839
f 890/921/840 891/922/840 908/939/840 907/938/840
f 891/922/841 892/923/841 909/940/841 908/939/841
f 892/923/842 893/924/842 910/941/842 909/940/842
f 893/924/843 894/925/843 911/942/843 910/941/843
f 894/925/844 895/926/844 912/943/844 911/942/844
f 895/926/845 896/927/845 913/944/845 912/943/845
f 896/927/846 897/928/846 914/945/846 913/944/846
f 897/928/847 898/929/847 915/946/847 914/945/847
f 898/929/848 899/930/848 916/947/848 915/946/848
f 899/930/849 900/931/849 917/948/849 916/947/849
f 900/931/850 901/932/850 918/949/850 917/948/850
f 901/932/851 902/933/851 919/950/851 918/949/851
f 902/933/852 903/934/852 920/951/852 919/950/852
f 903/934/853 904/935/853 921/952/853 920/951/853
f 905/937/854 906/936/854 923/953/854 922/954/854
f 906/936/855 907/938/855 924/955/855 923/953/855
f 907/938/856 908/939/856 925/956/856 924/955/856
f 908/939/857 909/940/857 926/957/857 925/956/857
f 909/940/858 910/941/858 927/958/858 926/957/858
f 910/941/859 911/942/859 928/959/859 927/958/859
f 911/942/860 912/943/860 929/960/860 928/959/860
f 912/943/861 913/944/861 930/961/861 929/960/861
f 913/944/862 914/945/862 931/962/862 930/961/862
f 914/945/863 915/946/863 932/963/863 931/962/863
f 915/946/864 916/947/864 933/964/864 932/963/864
f 916/947/865 917/948/865 934/965/865 933/964/865
f 917/948/866 918/949/866 935/966/866 934/965/866
f 918/949/867 919/950/867 936/967/867 935/966/867
f 919/950/868 920/951/868 937/968/868 936/967/868
f 920/951/869 921/952/869 938/969/869 937/968/869
f 922/954/870 923/953/870 940/970/870 939/971/870
f 923/953/871 924/955/871 941/972/871 940/970/871
f 924/955/872 925/956/872 942/973/872 941/972/872
f 925/956/873 926/957/873 943/974/873 942/973/873
f 926/957/874 927/958/874 944/975/874 943/974/874
f 927/958/875 928/959/875 945/976/875 944/975/875
f 928/959/876 929/960/876 946/977/876 945/976/876
f 929/960/877 930/961/877 947/978/877 946/977/877
f 930/961/878 931/962/878 948/979/878 947/978/878
f 931/962/879 932/963/879 949/980/879 948/979/879
f 932/963/880 933/964/880 950/981/880 949/980/880
f 933/964/881 934/965/881 951/982/881 950/981/881
f 934/965/882 935/966/882 952/983/882 951/982/882
f 935/966/883 936/967/883 953/984/883 952/983/883
f 936/967/884 937/968/884 954/985/884 953/984/884
f 937/968/885 938/969/885 955/986/885 954/985/885
f 939/971/886 940/970/886 957/987/886 956/988/886
f 940/970/887 941/972/887 958/989/887 957/987/887
f 941/972/888 942/973/888 959/990/888 958/989/888
f 942/973/889 943/974/889 960/991/889 959/990/889
f 943/974/890 944/975/890 961/992/890 960/991/890
f 944/975/891 945/976/891 962/993/891 961/992/891
f 945/976/892 946/977/892 963/994/892 962/993/892
f 946/977/893 947/978/893 964/995/893 963/994/893
f 947/978/894 948/979/894 965/996/894 964/995/894
f 948/979/895 949/980/895 966/997/895 965/996/895
f 949/980/896 950/981/896 967/998/896 966/997/896
f 950/981/897 951/982/897 968/999/897 967/998/897
f 951/982/898 952/983/898 969/1000/898 968/999/898
f 952/983/899 953/984/899 970/1001/899 969/1000/899
f 953/984/900 954/985/900 971/1002/900 970/1001/900
f 954/985/901 955/986/901 972/1003/901 971/1002/901
f 956/988/902 957/987/902 974/1004/902 973/1005/902
f 957/987/903 958/989/903 975/1006/903 974/1004/903
f 958/989/904 959/990/904 976/1007/904 975/1006/904
f 959/990/905 960/991/905 977/1008/905 976/1007/905
f 960/991/906 961/992/906 978/1009/906 977/1008/906
f 961/992/907 962/993/907 979/1010/907 978/1009/907
f 962/993/908 963/994/908 980/1011/908 979/1010/908
f 963/994/909 964/995/909 981/1012/909 980/1011/909
f 964/995/910 965/996/910 982/1013/910 981/1012/910
f 965/996/911 966/997/911 983/1014/911 982/1013/911
f 966/997/912 967/998/912 984/1015/912 983/1014/912
f 967/998/913 968/999/913 985/1016/913 984/1015/913
f 968/999/914 969/1000/914 986/1017/914 985/1016/914
f 969/1000/915 970/1001/915 987/1018/915 986/1017/915
f 970/1001/916 971/1002/916 988/1019/916 987/1018/916
f 971/1002/917 972/1003/917 989/1020/917 988/1019/917
f 973/1005/918 974/1004/918 991/1021/918 990/1022/918
f 974/1004/919 975/1006/919 992/1023/919 991/1021/919
f 975/1006/920 976/1007/920 993/1024/920 992/1023/920
f 976/1007/921 977/1008/921 994/1025/921 993/1024/921
f 977/1008/922 978/1009/922 995/1026/922 994/1025/922
f 978/1009/923 979/1010/923 996/1027/923 995/1026/923
f 979/1010/924 980/1011/924 997/1028/924 996/1027/924
f 980/1011/925 981/1012/925 998/1029/925 997/1028/925
f 981/1012/926 982/1013/926 999/1030/926 998/1029/926
f 982/1013/927 983/1014/927 1000/1031/927 999/1030/927
f 983/1014/928 984/1015/928 1001/1032/928 1000/1031/928
f 984/1015/929 985/1016/929 1002/1033/929 1001/1032/929
f 985/1016/930 986/1017/930 1003/1034/930 1002/1033/930
f 986/1017/931 987/1018/931 1004/1035/931 1003/1034/931
f 987/1018/932 988/1019/932 1005/1036/932 1004/1035/932
f 988/1019/933 989/1020/933 1006/1037/933 1005/1036/933
f 990/1022/934 991/1021/934 1008/1038/934 1007/1039/934
f 991/1021/935 992/1023/935 1009/1040/935 1008/1038/935
f 992/1023/936 993/1024/936 1010/1041/936 1009/1040/936
f 993/1024/937 994/1025/937 1011/1042/937 1010/1041/937
f 994/1025/938 995/1026/938 1012/1043/938 1011/1042/938
f 995/1026/939 996/1027/939 1013/1044/939 1012/1043/939
f 996/1027/940 997/1028/940 1014/1045/940 1013/1044/940
f 997/1028/941 998/1029/941 1015/1046/941 1014/1045/941
f 998/1029/942 999/1030/942 1016/1047/942 1015/1046/942
f 999/1030/943 1000/1031/943 1017/1048/943 1016/1047/943
f 1000/1031/944 1001/1032/944 1018/1049/944 1017/1048/944
f 1001/1032/945 1002/1033/945 1019/1050/945 1018/1049/945
f 1002/1033/946 1003/1034/946 1020/1051/946 1019/1050/946
f 1003/1034/947 1004/1035/947 1021/1052/947 1020/1051/947
f 1004/1035/948 1005/1036/948 1022/1053/948 1021/1052/948
f 1005/1036/949 1006/1037/949 1023/1054/949 1022/1053/949
f 1007/1039/950 1008/1038/950 1025/1055/950 1024/1056/950
f 1008/1038/951 1009/1040/951 1026/1057/951 1025/1055/951
f 1009/1040/952 1010/1041/952 1027/1058/952 1026/1057/952
f 1010/1041/953 1011/1042/953 1028/1059/953 1027/1058/953
f 1011/1042/954 1012/1043/954 1029/1060/954 1028/1059/954
f 1012/1043/955 1013/1044/955 1030/1061/955 1029/1060/955
f 1013/1044/956 1014/1045/956 1031/1062/956 1030/1061/956
f 1014/1045/957 1015/1046/957 1032/1063/957 1031/1062/957
f 1015/1046/958 1016/1047/958 1033/1064/958 1032/1063/958
f 1016/1047/959 1017/1048/959 1034/1065/959 1033/1064/959
f 1017/1048/960 1018/1049/960 1035/1066/960 1034/1065/960
f 1018/1049/961 1019/1050/961 1036/1067/961 1035/1066/961
f 1019/1050/962 1020/1051/962 1037/1068/962 1036/1067/962
f 1020/1051/963 1021/1052/963 1038/1069/963 1037/1068/963
f 1021/1052/964 1022/1053/964 1039/1070/964 1038/1069/964
f 1022/1053/965 1023/1054/965 1040/1071/965 1039/1070/965
f 1024/1056/966 1025/1055/966 1042/1072/966 1041/1073/966
f 1025/1055/967 1026/1057/967 1043/1074/967 1042/1072/967
f 1026/1057/968 1027/1058/968 1044/1075/968 1043/1074/968
f 1027/1058/969 1028/1059/969 1045/1076/969 1044/1075/969
f 1028/1059/970 1029/1060/970 1046/1077/970 1045/1076/970
f 1029/1060/971 1030/1061/971 1047/1078/971 1046/1077/971
f 1030/1061/972 1031/1062/972 1048/1079/972 1047/1078/972
f 1031/1062/973 1032/1063/973 1049/1080/973 1048/1079/973
f 1032/1063/974 1033/1064/974 1050/1081/974 1049/1080/974
f 1033/1064/975 1034/1065/975 1051/1082/975 1050/1081/975
f 1034/1065/976 1035/1066/976 1052/1083/976 1051/1082/976
f 1035/1066/977 1036/1067/977 1053/1084/977 1052/1083/977
f 1036/1067/978 1037/1068/978 1054/1085/978 1053/1084/978
f 1037/1068/979 1038/1069/979 1055/1086/979 1054/1085/979
f 1038/1069/980 1039/1070/980 1056/1087/980 1055/1086/980
f 1039/1070/981 1040/1071/981 1057/1088/981 1056/1087/981
f 1041/1073/982 1042/1072/982 1059/1089/982 1058/1090/982
f 1042/1072/983 1043/1074/983 1060/1091/983 1059/1089/983
f 1043/1074/984 1044/1075/984 1061/1092/984 1060/1091/984
f 1044/1075/985 1045/1076/985 1062/1093/985 1061/1092/985
f 1045/1076/986 1046/1077/986 1063/1094/986 1062/1093/986
f 1046/1077/987 1047/1078/987 1064/1095/987 1063/1094/987
f 1047/1078/988 1048/1079/988 1065/1096/988 1064/1095/988
f 1048/1079/989 1049/1080/989 1066/1097/989 1065/1096/989
f 1049/1080/990 1050/1081/990 1067/1098/990 1066/1097/990
f 1050/1081/991 1051/1082/991 1068/1099/991 1067/1098/991
f 1051/1082/992 1052/1083/992 1069/1100/992 1068/1099/992
f 1052/1083/993 1053/1084/993 1070/1101/993 1069/1100/993
f 1053/1084/994 1054/1085/994 1071/1102/994 1070/1101/994
f 1054/1085/995 1055/1086/995 1072/1103/995 1071/1102/995
f 1055/1086/996 1056/1087/996 1073/1104/996 1072/1103/996
f 1056/1087/997 1057/1088/997 1074/1105/997 1073/1104/997
f 1058/1090/998 1059/1089/998 1076/1106/998 1075/1107/998
f 1059/1089/999 1060/1091/999 1077/1108/999 1076/1106/999
f 1060/1091/1000 1061/1092/1000 1078/1109/1000 1077/1108/1000
f 1061/1092/1001 1062/1093/1001 1079/1110/1001 1078/1109/1001
f 1062/1093/1002 1063/1094/1002 1080/1111/1002 1079/1110/1002
f 1063/1094/1003 1064/1095/1003 1081/1112/1003 1080/1111/1003
f 1064/1095/1004 1065/1096/1004 1082/1113/1004 1081/1112/1004
f 1065/1096/1005 1066/1097/1005 1083/1114/1005 1082/1113/1005
f 1066/1097/1006 1067/1098/1006 1084/1115/1006 1083/1114/1006
f 1067/1098/1007 1068/1099/1007 1085/1116/1007 1084/1115/1007
f 1068/1099/1008 1069/1100/1008 1086/1117/1008 1085/1116/1008
f 1069/1100/1009 1070/1101/1009 1087/1118/1009 1086/1117/1009
f 1070/1101/1010 1071/1102/1010 1088/1119/1010 1087/1118/1010
f 1071/1102/1011 1072/1103/1011 1089/1120/1011 1088/1119/1011
f 1072/1103/1012 1073/1104/1012 1090/1121/1012 1089/1120/1012
f 1073/1104/1013 1074/1105/1013 1091/1122/1013 1090/1121/1013
f 1075/1107/1014 1076/1106/1014 1396/1123/1014 1379/1124/1014
f 1076/1106/1015 1077/1108/1015 1413/1125/1015 1396/1123/1015
f 1077/1108/1016 1078/1109/1016 1430/1126/1016 1413/1125/1016
f 1078/1109/1017 1079/1110/1017 1447/1127/1017 1430/1126/1017
f 1079/1110/1018 1080/1111/1018 1464/1128/1018 1447/1127/1018
f 1080/1111/1019 1081/1112/1019 1481/1129/1019 1464/1128/1019
f 1081/1112/1020 1082/1113/1020 1498/1130/1020 1481/1129/1020
f 1082/1113/1021 1083/1114/1021 1515/1131/1021 1498/1130/1021
f 1083/1114/1022 1084/1115/1022 1532/1132/1022 1515/1131/1022
f 1084/1115/1023 1085/1116/1023 1549/1133/1023 1532/1132/1023
f 1085/1116/1024 1086/1117/1024 1566/1134/1024 1549/1133/1024
f 1086/1117/1025 1087/1118/1025 1583/1135/1025 1566/1134/1025
f 1087/1118/1026 1088/1119/1026 1600/1136/1026 1583/1135/1026
f 1088/1119/1027 1089/1120/1027 1617/1137/1027 1600/1136/1027
f 1089/1120/1028 1090/1121/1028 1634/1138/1028 1617/1137/1028
f 1090/1121/1029 1091/1122/1029 1092/1139/1029 1634/1138/1029
f 819/1140/1030 1093/1141/1030 1110/1142/1030 1109/1143/1030
f 1093/1141/1031 1094/1144/1031 1111/1145/1031 1110/1142/1031
f 1094/1144/1032 1095/1146/1032 1112/1147/1032 1111/1145/1032
f 1095/1146/1033 1096/1148/1033 1113/1149/1033 1112/1147/1033
f 1096/1148/1034 1097/1150/1034 1114/1151/1034 1113/1149/1034
f 1097/1150/1035 1098/1152/1035 1115/1153/1035 1114/1151/1035
f 1098/1152/1036 1099/1154/1036 1116/1155/1036 1115/1153/1036
f 1099/1154/1037 1100/1156/1037 1117/1157/1037 1116/1155/1037
f 1100/1156/1038 1101/1158/1038 1118/1159/1038 1117/1157/1038
f 1101/1158/1039 1102/1160/1039 1119/1161/1039 1118/1159/1039
f 1102/1160/1040 1103/1162/1040 1120/1163/1040 1119/1161/1040
f 1103/1162/1041 1104/1164/1041 1121/1165/1041 1120/1163/1041
f 1104/1164/1042 1105/1166/1042 1122/1167/1042 1121/1165/1042
f 1105/1166/1043 1106/1168/1043 1123/1169/1043 1122/1167/1043
f 1106/1168/1044 1107/1170/1044 1124/1171/1044 1123/1169/1044
f 1107/1170/1045 1108/1172/1045 1125/1173/1045 1124/1171/1045
f 1109/1143/1046 1110/1142/1046 1127/1174/1046 1126/1175/1046
f 1110/1142/1047 1111/1145/1047 1128/1176/1047 1127/1174/1047
f 1111/1145/1048 1112/1147/1048 1129/1177/1048 1128/1176/1048
f 1112/1147/1049 1113/1149/1049 1130/1178/1049 1129/1177/1049
f 1113/1149/1050 1114/1151/1050 1131/1179/1050 1130/1178/1050
f 1114/1151/1051 1115/1153/1051 1132/1180/1051 1131/1179/1051
f 1115/1153/1052 1116/1155/1052 1133/1181/1052 1132/1180/1052
f 1116/1155/1053 1117/1157/1053 1134/1182/1053 1133/1181/1053
f 1117/1157/1054 1118/1159/1054 1135/1183/1054 1134/1182/1054
f 1118/1159/1055 1119/1161/1055 1136/1184/1055 1135/1183/1055
f 1119/1161/1056 1120/1163/1056 1137/1185/1056 1136/1184/1056
f 1120/1163/1057 1121/1165/1057 1138/1186/1057 1137/1185/1057
f 1121/1165/1058 1122/1167/1058 1139/1187/1058 1138/1186/1058
f 1122/1167/1059 1123/1169/1059 1140/1188/1059 1139/1187/1059
f 1123/1169/1060 1124/1171/1060 1141/1189/1060 1140/1188/1060
f 1124/1171/1061 1125/1173/1061 1142/1190/1061 1141/1189/1061
f 1126/1175/1062 1127/1174/1062 1144/1191/1062 1143/1192/1062
f 1127/1174/1063 1128/1176/1063 1145/1193/1063 1144/1191/1063
f 1128/1176/1064 1129/1177/1064 1146/1194/1064 1145/1193/1064
f 1129/1177/1065 1130/1178/1065 1147/1195/1065 1146/1194/1065
f 1130/1178/1066 1131/1179/1066 1148/1196/1066 1147/1195/1066
f 1131/1179/1067 1132/1180/1067 1149/1197/1067 1148/1196/1067
f 1132/1180/1068 1133/1181/1068 1150/1198/1068 1149/1197/1068
f 1133/1181/1069 1134/1182/1069 1151/1199/1069 1150/1198/1069
f 1134/1182/1070 1135/1183/1070 1152/1200/1070 1151/1199/1070
f 1135/1183/1071 1136/1184/1071 1153/1201/1071 1152/1200/1071
f 1136/1184/1072 1137/1185/1072 1154/1202/1072 1153/1201/1072
f 1137/1185/1073 1138/1186/1073 1155/1203/1073 1154/1202/1073
f 1138/1186/1074 1139/1187/1074 1156/1204/1074 1155/1203/1074
f 1139/1187/1075 1140/1188/1075 1157/1205/1075 1156/1204/1075
f 1140/1188/1076 1141/1189/1076 1158/1206/1076 1157/1205/1076
f 1141/1189/1077 1142/1190/1077 1159/1207/1077 1158/1206/1077
f 1143/1192/1078 1144/1191/1078 1161/1208/1078 1160/1209/1078
f 1144/1191/1079 1145/1193/1079 1162/1210/1079 1161/1208/1079
f 1145/1193/1080 1146/1194/1080 1163/1211/1080 1162/1210/1080
f 1146/1194/1081 1147/1195/1081 1164/1212/1081 1163/1211/1081
f 1147/1195/1082 1148/1196/1082 1165/1213/1082 1164/1212/1082
f 1148/1196/1083 1149/1197/1083 1166/1214/1083 1165/1213/1083
f 1149/1197/1084 1150/1198/1084 1167/1215/1084 1166/1214/1084
f 1150/1198/1085 1151/1199/1085 1168/1216/1085 1167/1215/1085
f 1151/1199/1086 1152/1200/1086 1169/1217/1086 1168/1216/1086
f 1152/1200/1087 1153/1201/1087 1170/1218/1087 1169/1217/1087
f 1153/1201/1088 1154/1202/1088 1171/1219/1088 1170/1218/1088
f 1154/1202/1089 1155/1203/1089 1172/1220/1089 1171/1219/1089
f 1155/1203/1090 1156/1204/1090 1173/1221/1090 1172/1220/1090
f 1156/1204/1091 1157/1205/1091 1174/1222/1091 1173/1221/1091
f 1157/1205/1092 1158/1206/1092 1175/1223/1092 1174/1222/1092
f 1158/1206/1093 1159/1207/1093 1176/1224/1093 1175/1223/1093
f 1160/1209/1094 1161/1208/1094 1178/1225/1094 1177/1226/1094
f 1161/1208/1095 1162/1210/1095 1179/1227/1095 1178/1225/1095
f 1162/1210/1096 1163/1211/1096 1180/1228/1096 1179/1227/1096
f 1163/1211/1097 1164/1212/1097 1181/1229/1097 1180/1228/1097
f 1164/1212/1098 1165/1213/1098 1182/1230/1098 1181/1229/1098
f 1165/1213/1099 1166/1214/1099 1183/1231/1099 1182/1230/1099
f 1166/1214/1100 1167/1215/1100 1184/1232/1100 1183/1231/1100
f 1167/1215/1101 1168/1216/1101 1185/1233/1101 1184/1232/1101
f 1168/1216/1102 1169/1217/1102 1186/1234/1102 1185/1233/1102
f 1169/1217/1103 1170/1218/1103 1187/1235/1103 1186/1234/1103
f 1170/1218/1104 1171/1219/1104 1188/1236/1104 1187/1235/1104
f 1171/1219/1105 1172/1220/1105 1189/1237/1105 1188/1236/1105
f 1172/1220/1106 1173/1221/1106 1190/1238/1106 1189/1237/1106
f 1173/1221/1107 1174/1222/1107 1191/1239/1107 1190/1238/1107
f 1174/1222/1108 1175/1223/1108 1192/1240/1108 1191/1239/1108
f 1175/1223/1109 1176/1224/1109 1193/1241/1109 1192/1240/1109
f 1177/1226/1110 1178/1225/1110 1195/1242/1110 1194/1243/1110
f 1178/1225/1111 1179/1227/1111 1196/1244/1111 1195/1242/1111
f 1179/1227/1112 1180/1228/1112 1197/1245/1112 1196/1244/1112
f 1180/1228/1113 1181/1229/1113 1198/1246/1113 1197/1245/1113
f 1181/1229/1114 1182/1230/1114 1199/1247/1114 1198/1246/1114
f 1182/1230/1115 1183/1231/1115 1200/1248/1115 1199/1247/1115
f 1183/1231/1116 1184/1232/1116 1201/1249/1116 1200/1248/1116
f 1184/1232/1117 1185/1233/1117 1202/1250/1117 1201/1249/1117
f 1185/1233/1118 1186/1234/1118 1203/1251/1118 1202/1250/1118
f 1186/1234/1119 1187/1235/1119 1204/1252/1119 1203/1251/1119
f 1187/1235/1120 1188/1236/1120 1205/1253/1120 1204/1252/1120
f 1188/1236/1121 1189/1237/1121 1206/1254/1121 1205/1253/1121
f 1189/1237/1122 1190/1238/1122 1207/1255/1122 1206/1254/1122
f 1190/1238/1123 1191/1239/1123 1208/1256/1123 1207/1255/1123
f 1191/1239/1124 1192/1240/1124 1209/1257/1124 1208/1256/1124
f 1192/1240/1125 1193/1241/1125 1210/1258/1125 1209/1257/1125
f 1194/1243/1126 1195/1242/1126 1212/1259/1126 1211/1260/1126
f 1195/1242/1127 1196/1244/1127 1213/1261/1127 1212/1259/1127
f 1196/1244/1128 1197/1245/1128 1214/1262/1128 1213/1261/1128
f 1197/1245/1129 1198/1246/1129 1215/1263/1129 1214/1262/1129
f 1198/1246/1130 1199/1247/1130 1216/1264/1130 1215/1263/1130
f 1199/1247/1131 1200/1248/1131 1217/1265/1131 1216/1264/1131
f 1200/1248/1132 1201/1249/1132 1218/1266/1132 1217/1265/1132
f 1201/1249/1133 1202/1250/1133 1219/1267/1133 1218/1266/1133
f 1202/1250/1134 1203/1251/1134 1220/1268/1134 1219/1267/1134
f 1203/1251/1135 1204/1252/1135 1221/1269/1135 1220/1268/1135
f 1204/1252/1136 1205/1253/1136 1222/1270/1136 1221/1269/1136
f 1205/1253/1137 1206/1254/1137 1223/1271/1137 1222/1270/1137
f 1206/1254/1138 1207/1255/1138 1224/1272/1138 1223/1271/1138
f 1207/1255/1139 1208/1256/1139 1225/1273/1139 1224/1272/1139
f 1208/1256/1140 1209/1257/1140 1226/1274/1140 1225/1273/1140
f 1209/1257/1141 1210/1258/1141 1227/1275/1141 1226/1274/1141
f 1211/1260/1142 1212/1259/1142 1229/1276/1142 1228/1277/1142
f 1212/1259/1143 1213/1261/1143 1230/1278/1143 1229/1276/1143
f 1213/1261/1144 1214/1262/1144 1231/1279/1144 1230/1278/1144
f 1214/1262/1145 1215/1263/1145 1232/1280/1145 1231/1279/1145
f 1215/1263/1146 1216/1264/1146 1233/1281/1146 1232/1280/1146
f 1216/1264/1147 1217/1265/1147 1234/1282/1147 1233/1281/1147
f 1217/1265/1148 1218/1266/1148 1235/1283/1148 1234/1282/1148
f 1218/1266/1149 1219/1267/1149 1236/1284/1149 1235/1283/1149
f 1219/1267/1150 1220/1268/1150 1237/1285/1150 1236/1284/1150
f 1220/1268/1151 1221/1269/1151 1238/1286/1151 1237/1285/1151
f 1221/1269/1152 1222/1270/1152 1239/1287/1152 1238/1286/1152
f 1222/1270/1153 1223/1271/1153 1240/1288/1153 1239/1287/1153
f 1223/1271/1154 1224/1272/1154 1241/1289/1154 1240/1288/1154
f 1224/1272/1155 1225/1273/1155 1242/1290/1155 1241/1289/1155
f 1225/1273/1156 1226/1274/1156 1243/1291/1156 1242/1290/1156
f 1226/1274/1157 1227/1275/1157 1244/1292/1157 1243/1291/1157
f 1228/1277/1158 1229/1276/1158 1246/1293/1158 1245/1294/1158
f 1229/1276/1159 1230/1278/1159 1247/1295/1159 1246/1293/1159
f 1230/1278/1160 1231/1279/1160 1248/1296/1160 1247/1295/1160
f 1231/1279/1161 1232/1280/1161 1249/1297/1161 1248/1296/1161
f 1232/1280/1162 1233/1281/1162 1250/1298/1162 1249/1297/1162
f 1233/1281/1163 1234/1282/1163 1251/1299/1163 1250/1298/1163
f 1234/1282/1164 1235/1283/1164 1252/1300/1164 1251/1299/1164
f 1235/1283/1165 1236/1284/1165 1253/1301/1165 1252/1300/1165
f 1236/1284/1166 1237/1285/1166 1254/1302/1166 1253/1301/1166
f 1237/1285/1167 1238/1286/1167 1255/1303/1167 1254/1302/1167
f 1238/1286/1168 1239/1287/1168 1256/1304/1168 1255/1303/1168
f 1239/1287/1169 1240/1288/1169 1257/1305/1169 1256/1304/1169
f 1240/1288/1170 1241/1289/1170 1258/1306/1170 1257/1305/1170
f 1241/1289/1171 1242/1290/1171 1259/1307/1171 1258/1306/1171
f 1242/1290/1172 1243/1291/1172 1260/1308/1172 1259/1307/1172
f 1243/1291/1173 1244/1292/1173 1261/1309/1173 1260/1308/1173
f 1245/1294/1174 1246/1293/1174 1263/1310/1174 1262/1311/1174
f 1246/1293/1175 1247/1295/1175 1264/1312/1175 1263/1310/1175
f 1247/1295/1176 1248/1296/1176 1265/1313/1176 1264/1312/1176
f 1248/1296/1177 1249/1297/1177 1266/1314/1177 1265/1313/1177
f 1249/1297/1178 1250/1298/1178 1267/1315/1178 1266/1314/1178
f 1250/1298/1179 1251/1299/1179 1268/1316/1179 1267/1315/1179
f 1251/1299/1180 1252/1300/1180 1269/1317/1180 1268/1316/1180
f 1252/1300/1181 1253/1301/1181 1270/1318/1181 1269/1317/1181
f 1253/1301/1182 1254/1302/1182 1271/1319/1182 1270/1318/1182
f 1254/1302/1183 1255/1303/1183 1272/1320/1183 1271/1319/1183
f 1255/1303/1184 1256/1304/1184 1273/1321/1184 1272/1320/1184
f 1256/1304/1185 1257/1305/1185 1274/1322/1185 1273/1321/1185
f 1257/1305/1186 1258/1306/1186 1275/1323/1186 1274/1322/1186
f 1258/1306/1187 1259/1307/1187 1276/1324/1187 1275/1323/1187
f 1259/1307/1188 1260/1308/1188 1277/1325/1188 1276/1324/1188
f 1260/1308/1189 1261/1309/1189 1278/1326/1189 1277/1325/1189
f 1262/1311/1190 1263/1310/1190 1280/1327/1190 1279/1328/1190
f 1263/1310/1191 1264/1312/1191 1281/1329/1191 1280/1327/1191
f 1264/1312/1192 1265/1313/1192 1282/1330/1192 1281/1329/1192
f 1265/1313/1193 1266/1314/1193 1283/1331/1193 1282/1330/1193
f 1266/1314/1194 1267/1315/1194 1284/1332/1194 1283/1331/1194
f 1267/1315/1195 1268/1316/1195 1285/1333/1195 1284/1332/1195
f 1268/1316/1196 1269/1317/1196 1286/1334/1196 1285/1333/1196
f 1269/1317/1197 1270/1318/1197 1287/1335/1197 1286/1334/1197
f 1270/1318/1198 1271/1319/1198 1288/1336/1198 1287/1335/1198
f 1271/1319/1199 1272/1320/1199 1289/1337/1199 1288/1336/1199
f 1272/1320/1200 1273/1321/1200 1290/1338/1200 1289/1337/1200
f 1273/1321/1201 1274/1322/1201 1291/1339/1201 1290/1338/1201
f 1274/1322/1202 1275/1323/1202 1292/1340/1202 1291/1339/1202
f 1275/1323/1203 1276/1324/1203 1293/1341/1203 1292/1340/1203
f 1276/1324/1204 1277/1325/1204 1294/1342/1204 1293/1341/1204
f 1277/1325/1205 1278/1326/1205 1295/1343/1205 1294/1342/1205
f 1279/1328/1206 1280/1327/1206 1297/1344/1206 1296/1345/1206
f 1280/1327/1207 1281/1329/1207 1298/1346/1207 1297/1344/1207
f 1281/1329/1208 1282/1330/1208 1299/1347/1208 1298/1346/1208
f 1282/1330/1209 1283/1331/1209 1300/1348/1209 1299/1347/1209
f 1283/1331/1210 1284/1332/1210 1301/1349/1210 1300/1348/1210
f 1284/1332/1211 1285/1333/1211 1302/1350/1211 1301/1349/1211
f 1285/1333/1212 1286/1334/1212 1303/1351/1212 1302/1350/1212
f 1286/1334/1213 1287/1335/1213 1304/1352/1213 1303/1351/1213
f 1287/1335/1214 1288/1336/1214 1305/1353/1214 1304/1352/1214
f 1288/1336/1215 1289/1337/1215 1306/1354/1215 1305/1353/1215
f 1289/1337/1216 1290/1338/1216 1307/1355/1216 1306/1354/1216
f 1290/1338/1217 1291/1339/1217 1308/1356/1217 1307/1355/1217
f 1291/1339/1218 1292/1340/1218 1309/1357/1218 1308/1356/1218
f 1292/1340/1219 1293/1341/1219 1310/1358/1219 1309/1357/1219
f 1293/1341/1220 1294/1342/1220 1311/1359/1220 1310/1358/1220
f 1294/1342/1221 1295/1343/1221 1312/1360/1221 1311/1359/1221
f 1296/1345/1222 1297/1344/1222 1314/1361/1222 1313/1362/1222
f 1297/1344/1223 1298/1346/1223 1315/1363/1223 1314/1361/1223
f 1298/1346/1224 1299/1347/1224 1316/1364/1224 1315/1363/1224
f 1299/1347/1225 1300/1348/1225 1317/1365/1225 1316/1364/1225
f 1300/1348/1226 1301/1349/1226 1318/1366/1226 1317/1365/1226
f 1301/1349/1227 1302/1350/1227 1319/1367/1227 1318/1366/1227
f 1302/1350/1228 1303/1351/1228 1320/1368/1228 1319/1367/1228
f 1303/1351/1229 1304/1352/1229 1321/1369/1229 1320/1368/1229
f 1304/1352/1230 1305/1353/1230 1322/1370/1230 1321/1369/1230
f 1305/1353/1231 1306/1354/1231 1323/1371/1231 1322/1370/1231
f 1306/1354/1232 1307/1355/1232 1324/1372/1232 1323/1371/1232
f 1307/1355/1233 1308/1356/1233 1325/1373/1233 1324/1372/1233
f 1308/1356/1234 1309/1357/1234 1326/1374/1234 1325/1373/1234
f 1309/1357/1235 1310/1358/1235 1327/1375/1235 1326/1374/1235
f 1310/1358/1236 1311/1359/1236 1328/1376/1236 1327/1375/1236
f 1311/1359/1237 1312/1360/1237 1329/1377/1237 1328/1376/1237
f 1313/1362/1238 1314/1361/1238 1331/1378/1238 1330/1379/1238
f 1314/1361/1239 1315/1363/1239 1332/1380/1239 1331/1378/1239
f 1315/1363/1240 1316/1364/1240 1333/1381/1240 1332/1380/1240
f 1316/1364/1241 1317/1365/1241 1334/1382/1241 1333/1381/1241
f 1317/1365/1242 1318/1366/1242 1335/1383/1242 1334/1382/1242
f 1318/1366/1243 1319/1367/1243 1336/1384/1243 1335/1383/1243
f 1319/1367/1244 1320/1368/1244 1337/1385/1244 1336/1384/1244
f 1320/1368/1245 1321/1369/1245 1338/1386/1245 1337/1385/1245
f 1321/1369/1246 1322/1370/1246 1339/1387/1246 1338/1386/1246
f 1322/1370/1247 1323/1371/1247 1340/1388/1247 1339/1387/1247
f 1323/1371/1248 1324/1372/1248 1341/1389/1248 1340/1388/1248
f 1324/1372/1249 1325/1373/1249 1342/1390/1249 1341/1389/1249
f 1325/1373/1250 1326/1374/1250 1343/1391/1250 1342/1390/1250
f 1326/1374/1251 1327/1375/1251 1344/1392/1251 1343/1391/1251
f 1327/1375/1252 1328/1376/1252 1345/1393/1252 1344/1392/1252
f 1328/1376/1253 1329/1377/1253 1346/1394/1253 1345/1393/1253
f 1330/1379/1254 1331/1378/1254 1348/1395/1254 1347/1396/1254
f 1331/1378/1255 1332/1380/1255 1349/1397/1255 1348/1395/1255
f 1332/1380/1256 1333/1381/1256 1350/1398/1256 1349/1397/1256
f 1333/1381/1257 1334/1382/1257 1351/1399/1257 1350/1398/1257
f 1334/1382/1258 1335/1383/1258 1352/1400/1258 1351/1399/1258
f 1335/1383/1259 1336/1384/1259 1353/1401/1259 1352/1400/1259
f 1336/1384/1260 1337/1385/1260 1354/1402/1260 1353/1401/1260
f 1337/1385/1261 1338/1386/1261 1355/1403/1261 1354/1402/1261
f 1338/1386/1262 1339/1387/1262 1356/1404/1262 1355/1403/1262
f 1339/1387/1263 1340/1388/1263 1357/1405/1263 1356/1404/1263
f 1340/1388/1264 1341/1389/1264 1358/1406/1264 1357/1405/1264
f 1341/1389/1265 1342/1390/1265 1359/1407/1265 1358/1406/1265
f 1342/1390/1266 1343/1391/1266 1360/1408/1266 1359/1407/1266
f 1343/1391/1267 1344/1392/1267 1361/1409/1267 1360/1408/1267
f 1344/1392/1268 1345/1393/1268 1362/1410/1268 1361/1409/1268
f 1345/1393/1269 1346/1394/1269 1363/1411/1269 1362/1410/1269
f 1347/1396/1270 1348/1395/1270 853/1412/1270 836/1413/1270
f 1348/1395/1271 1349/1397/1271 870/1414/1271 853/1412/1271
f 1349/1397/1272 1350/1398/1272 887/1415/1272 870/1414/1272
f 1350/1398/1273 1351/1399/1273 904/1416/1273 887/1415/1273
f 1351/1399/1274 1352/1400/1274 921/1417/1274 904/1416/1274
f 1352/1400/1275 1353/1401/1275 938/1418/1275 921/1417/1275
f 1353/1401/1276 1354/1402/1276 955/1419/1276 938/1418/1276
f 1354/1402/1277 1355/1403/1277 972/1420/1277 955/1419/1277
f 1355/1403/1278 1356/1404/1278 989/1421/1278 972/1420/1278
f 1356/1404/1279 1357/1405/1279 1006/1422/1279 989/1421/1279
f 1357/1405/1280 1358/1406/1280 1023/1423/1280 1006/1422/1280
f 1358/1406/1281 1359/1407/1281 1040/1424/1281 1023/1423/1281
f 1359/1407/1282 1360/1408/1282 1057/1425/1282 1040/1424/1282
f 1360/1408/1283 1361/1409/1283 1074/1426/1283 1057/1425/1283
f 1361/1409/1284 1362/1410/1284 1091/1427/1284 1074/1426/1284
f 1362/1410/1285 1363/1411/1285 1092/1139/1285 1091/1427/1285
f 820/17/1286 1364/1428/1286 1381/1429/1286 1380/1430/1286
f 1364/1428/1287 1365/1431/1287 1382/1432/1287 1381/1429/1287
f 1365/1431/1288 1366/1433/1288 1383/1434/1288 1382/1432/1288
f 1366/1433/1289 1367/1435/1289 1384/1436/1289 1383/1434/1289
f 1367/1435/1290 1368/1437/1290 1385/1438/1290 1384/1436/1290
f 1368/1437/1291 1369/1439/1291 1386/1440/1291 1385/1438/1291
f 1369/1439/1292 1370/1441/1292 1387/1442/1292 1386/1440/1292
f 1370/1441/1293 1371/1443/1293 1388/1444/1293 1387/1442/1293
f 1371/1443/1294 1372/1445/1294 1389/1446/1294 1388/1444/1294
f 1372/1445/1295 1373/1447/1295 1390/1448/1295 1389/1446/1295
f 1373/1447/1296 1374/1449/1296 1391/1450/1296 1390/1448/1296
f 1374/1449/1297 1375/1451/1297 1392/1452/1297 1391/1450/1297
f 1375/1451/1298 1376/1453/1298 1393/1454/1298 1392/1452/1298
f 1376/1453/1299 1377/1455/1299 1394/1456/1299 1393/1454/1299
f 1377/1455/1300 1378/1457/1300 1395/1458/1300 1394/1456/1300
f 1378/1457/1301 1379/1124/1301 1396/1123/1301 1395/1458/1301
f 1380/1430/1302 1381/1429/1302 1398/1459/1302 1397/1460/1302
f 1381/1429/1303 1382/1432/1303 1399/1461/1303 1398/1459/1303
f 1382/1432/1304 1383/1434/1304 1400/1462/1304 1399/1461/1304
f 1383/1434/1305 1384/1436/1305 1401/1463/1305 1400/1462/1305
f 1384/1436/1306 1385/1438/1306 1402/1464/1306 1401/1463/1306
f 1385/1438/1307 1386/1440/1307 1403/1465/1307 1402/1464/1307
f 1386/1440/1308 1387/1442/1308 1404/1466/1308 1403/1465/1308
f 1387/1442/1309 1388/1444/1309 1405/1467/1309 1404/1466/1309
f 1388/1444/1310 1389/1446/1310 1406/1468/1310 1405/1467/1310
f 1389/1446/1311 1390/1448/1311 1407/1469/1311 1406/1468/1311
f 1390/1448/1312 1391/1450/1312 1408/1470/1312 1407/1469/1312
f 1391/1450/1313 1392/1452/1313 1409/1471/1313 1408/1470/1313
f 1392/1452/1314 1393/1454/1314 1410/1472/1314 1409/1471/1314
f 1393/1454/1315 1394/1456/1315 1411/1473/1315 1410/1472/1315
f 1394/1456/1316 1395/1458/1316 1412/1474/1316 1411/1473/1316
f 1395/1458/1317 1396/1123/1317 1413/1125/1317 1412/1474/1317
f 1397/1460/1318 1398/1459/1318 1415/1475/1318 1414/1476/1318
f 1398/1459/1319 1399/1461/1319 1416/1477/1319 1415/1475/1319
f 1399/1461/1320 1400/1462/1320 1417/1478/1320 1416/1477/1320
f 1400/1462/1321 1401/1463/1321 1418/1479/1321 1417/1478/1321
f 1401/1463/1322 1402/1464/1322 1419/1480/1322 1418/1479/1322
f 1402/1464/1323 1403/1465/1323 1420/1481/1323 1419/1480/1323
f 1403/1465/1324 1404/1466/1324 1421/1482/1324 1420/1481/1324
f 1404/1466/1325 1405/1467/1325 1422/1483/1325 1421/1482/1325
f 1405/1467/1326 1406/1468/1326 1423/1484/1326 1422/1483/1326
f 1406/1468/1327 1407/1469/1327 1424/1485/1327 1423/1484/1327
f 1407/1469/1328 1408/1470/1328 1425/1486/1328 1424/1485/1328
f 1408/1470/1329 1409/1471/1329 1426/1487/1329 1425/1486/1329
f 1409/1471/1330 1410/1472/1330 1427/1488/1330 1426/1487/1330
f 1410/1472/1331 1411/1473/1331 1428/1489/1331 1427/1488/1331
f 1411/1473/1332 1412/1474/1332 1429/1490/1332 1428/1489/1332
f 1412/1474/1333 1413/1125/1333 1430/1126/1333 1429/1490/1333
f 1414/1476/1334 1415/1475/1334 1432/1491/1334 1431/1492/1334
f 1415/1475/1335 1416/1477/1335 1433/1493/1335 1432/1491/1335
f 1416/1477/1336 1417/1478/1336 1434/1494/1336 1433/1493/1336
f 1417/1478/1337 1418/1479/1337 1435/1495/1337 1434/1494/1337
f 1418/1479/1338 1419/1480/1338 1436/1496/1338 1435/1495/1338
f 1419/1480/1339 1420/1481/1339 1437/1497/1339 1436/1496/1339
f 1420/1481/1340 1421/1482/1340 1438/1498/1340 1437/1497/1340
f 1421/1482/1341 1422/1483/1341 1439/1499/1341 1438/1498/1341
f 1422/1483/1342 1423/1484/1342 1440/1500/1342 1439/1499/1342
f 1423/1484/1343 1424/1485/1343 1441/1501/1343 1440/1500/1343
f 1424/1485/1344 1425/1486/1344 1442/1502/1344 1441/1501/1344
f 1425/1486/1345 1426/1487/1345 1443/1503/1345 1442/1502/1345
f 1426/1487/1346 1427/1488/1346 1444/1504/1346 1443/1503/1346
f 1427/1488/1347 1428/1489/1347 1445/1505/1347 1444/1504/1347
f 1428/1489/1348 1429/1490/1348 1446/1506/1348 1445/1505/1348
f 1429/1490/1349 1430/1126/1349 1447/1127/1349 1446/1506/1349
f 1431/1492/1350 1432/1491/1350 1449/1507/1350 1448/1508/1350
f 1432/1491/1351 1433/1493/1351 1450/1509/1351 1449/1507/1351
f 1433/1493/1352 1434/1494/1352 1451/1510/1352 1450/1509/1352
f 1434/1494/1353 1435/1495/1353 1452/1511/1353 1451/1510/1353
f 1435/1495/1354 1436/1496/1354 1453/1512/1354 1452/1511/1354
f 1436/1496/1355 1437/1497/1355 1454/1513/1355 1453/1512/1355
f 1437/1497/1356 1438/1498/1356 1455/1514/1356 1454/1513/1356
f 1438/1498/1357 1439/1499/1357 1456/1515/1357 1455/1514/1357
f 1439/1499/1358 1440/1500/1358 1457/1516/1358 1456/1515/1358
f 1440/1500/1359 1441/1501/1359 1458/1517/1359 1457/1516/1359
f 1441/1501/1360 1442/1502/1360 1459/1518/1360 1458/1517/1360
f 1442/1502/1361 1443/1503/1361 1460/1519/1361 1459/1518/1361
f 1443/1503/1362 1444/1504/1362 1461/1520/1362 1460/1519/1362
f 1444/1504/1363 1445/1505/1363 1462/1521/1363 1461/1520/1363
f 1445/1505/1364 1446/1506/1364 1463/1522/1364 1462/1521/1364
f 1446/1506/1365 1447/1127/1365 1464/1128/1365 1463/1522/1365
f 1448/1508/1366 1449/1507/1366 1466/1523/1366 1465/1524/1366
f 1449/1507/1367 1450/1509/1367 1467/1525/1367 1466/1523/1367
f 1450/1509/1368 1451/1510/1368 1468/1526/1368 1467/1525/1368
f 1451/1510/1369 1452/1511/1369 1469/1527/1369 1468/1526/1369
f 1452/1511/1370 1453/1512/1370 1470/1528/1370 1469/1527/1370
f 1453/1512/1371 1454/1513/1371 1471/1529/1371 1470/1528/1371
f 1454/1513/1372 1455/1514/1372 1472/1530/1372 1471/1529/1372
f 1455/1514/1373 1456/1515/1373 1473/1531/1373 1472/1530/1373
f 1456/1515/1374 1457/1516/1374 1474/1532/1374 1473/1531/1374
f 1457/1516/1375 1458/1517/1375 1475/1533/1375 1474/1532/1375
f 1458/1517/1376 1459/1518/1376 1476/1534/1376 1475/1533/1376
f 1459/1518/1377 1460/1519/1377 1477/1535/1377 1476/1534/1377
f 1460/1519/1378 1461/1520/1378 1478/1536/1378 1477/1535/1378
f 1461/1520/1379 1462/1521/1379 1479/1537/1379 1478/1536/1379
f 1462/1521/1380 1463/1522/1380 1480/1538/1380 1479/1537/1380
f 1463/1522/1381 1464/1128/1381 1481/1129/1381 1480/1538/1381
f 1465/1524/1382 1466/1523/1382 1483/1539/1382 1482/1540/1382
f 1466/1523/1383 1467/1525/1383 1484/1541/1383 1483/1539/1383
f 1467/1525/1384 1468/1526/1384 1485/1542/1384 1484/1541/1384
f 1468/1526/1385 1469/1527/1385 1486/1543/1385 1485/1542/1385
f 1469/1527/1386 1470/1528/1386 1487/1544/1386 1486/1543/1386
f 1470/1528/1387 1471/1529/1387 1488/1545/1387 1487/1544/1387
f 1471/1529/1388 1472/1530/1388 1489/1546/1388 1488/1545/1388
f 1472/1530/1389 1473/1531/1389 1490/1547/1389 1489/1546/1389
f 1473/1531/1390 1474/1532/1390 1491/1548/1390 1490/1547/1390
f 1474/1532/1391 1475/1533/1391 1492/1549/1391 1491/1548/1391
f 1475/1533/1392 1476/1534/1392 1493/1550/1392 1492/1549/1392
f 1476/1534/1393 1477/1535/1393 1494/1551/1393 1493/1550/1393
f 1477/1535/1394 1478/1536/1394 1495/1552/1394 1494/1551/1394
f 1478/1536/1395 1479/1537/1395 1496/1553/1395 1495/1552/1395
f 1479/1537/1396 1480/1538/1396 1497/1554/1396 1496/1553/1396
f 1480/1538/1397 1481/1129/1397 1498/1130/1397 1497/1554/1397
f 1482/1540/1398 1483/1539/1398 1500/1555/1398 1499/1556/1398
f 1483/1539/1399 1484/1541/1399 1501/1557/1399 1500/1555/1399
f 1484/1541/1400 1485/1542/1400 1502/1558/1400 1501/1557/1400
f 1485/1542/1401 1486/1543/1401 1503/1559/1401 1502/1558/1401
f 1486/1543/1402 1487/1544/1402 1504/1560/1402 1503/1559/1402
f 1487/1544/1403 1488/1545/1403 1505/1561/1403 1504/1560/1403
f 1488/1545/1404 1489/1546/1404 1506/1562/1404 1505/1561/1404
f 1489/1546/1405 1490/1547/1405 1507/1563/1405 1506/1562/1405
f 1490/1547/1406 1491/1548/1406 1508/1564/1406 1507/1563/1406
f 1491/1548/1407 1492/1549/1407 1509/1565/1407 1508/1564/1407
f 1492/1549/1408 1493/1550/1408 1510/1566/1408 1509/1565/1408
f 1493/1550/1409 1494/1551/1409 1511/1567/1409 1510/1566/1409
f 1494/1551/1410 1495/1552/1410 1512/1568/1410 1511/1567/1410
f 1495/1552/1411 1496/1553/1411 1513/1569/1411 1512/1568/1411
f 1496/1553/1412 1497/1554/1412 1514/1570/1412 1513/1569/1412
f 1497/1554/1413 1498/1130/1413 1515/1131/1413 1514/1570/1413
f 1499/1556/1414 1500/1555/1414 1517/1571/1414 1516/1572/1414
f 1500/1555/1415 1501/1557/1415 1518/1573/1415 1517/1571/1415
f 1501/1557/1416 1502/1558/1416 1519/1574/1416 1518/1573/1416
f 1502/1558/1417 1503/1559/1417 1520/1575/1417 1519/1574/1417
f 1503/1559/1418 1504/1560/1418 1521/1576/1418 1520/1575/1418
f 1504/1560/1419 1505/1561/1419 1522/1577/1419 1521/1576/1419
f 1505/1561/1420 1506/1562/1420 1523/1578/1420 1522/1577/1420
f 1506/1562/1421 1507/1563/1421 1524/1579/1421 1523/1578/1421
f 1507/1563/1422 1508/1564/1422 1525/1580/1422 1524/1579/1422
f 1508/1564/1423 1509/1565/1423 1526/1581/1423 1525/1580/1423
f 1509/1565/1424 1510/1566/1424 1527/1582/1424 1526/1581/1424
f 1510/1566/1425 1511/1567/1425 1528/1583/1425 1527/1582/1425
f 1511/1567/1426 1512/1568/1426 1529/1584/1426 1528/1583/1426
f 1512/1568/1427 1513/1569/1427 1530/1585/1427 1529/1584/1427
f 1513/1569/1428 1514/1570/1428 1531/1586/1428 1530/1585/1428
f 1514/1570/1429 1515/1131/1429 1532/1132/1429 1531/1586/1429
f 1516/1572/1430 1517/1571/1430 1534/1587/1430 1533/1588/1430
f 1517/1571/1431 1518/1573/1431 1535/1589/1431 1534/1587/1431
f 1518/1573/1432 1519/1574/1432 1536/1590/1432 1535/1589/1432
f 1519/1574/1433 1520/1575/1433 1537/1591/1433 1536/1590/1433
f 1520/1575/1434 1521/1576/1434 1538/1592/1434 1537/1591/1434
f 1521/1576/1435 1522/1577/1435 1539/1593/1435 1538/1592/1435
f 1522/1577/1436 1523/1578/1436 1540/1594/1436 1539/1593/1436
f 1523/1578/1437 1524/1579/1437 1541/1595/1437 1540/1594/1437
f 1524/1579/1438 1525/1580/1438 1542/1596/1438 1541/1595/1438
f 1525/1580/1439 1526/1581/1439 1543/1597/1439 1542/1596/1439
f 1526/1581/1440 1527/1582/1440 1544/1598/1440 1543/1597/1440
f 1527/1582/1441 1528/1583/1441 1545/1599/1441 1544/1598/1441
f 1528/1583/1442 1529/1584/1442 1546/1600/1442 1545/1599/1442
f 1529/1584/1443 1530/1585/1443 1547/1601/1443 1546/1600/1443
f 1530/1585/1444 1531/1586/1444 1548/1602/1444 1547/1601/1444
f 1531/1586/1445 1532/1132/1445 1549/1133/1445 1548/1602/1445
f 1533/1588/1446 1534/1587/1446 1551/1603/1446 1550/1604/1446
f 1534/1587/1447 1535/1589/1447 1552/1605/1447 1551/1603/1447
f 1535/1589/1448 1536/1590/1448 1553/1606/1448 1552/1605/1448
f 1536/1590/1449 1537/1591/1449 1554/1607/1449 1553/1606/1449
f 1537/1591/1450 1538/1592/1450 1555/1608/1450 1554/1607/1450
f 1538/1592/1451 1539/1593/1451 1556/1609/1451 1555/1608/1451
f 1539/1593/1452 1540/1594/1452 1557/1610/1452 1556/1609/1452
f 1540/1594/1453 1541/1595/1453 1558/1611/1453 1557/1610/1453
f 1541/1595/1454 1542/1596/1454 1559/1612/1454 1558/1611/1454
f 1542/1596/1455 1543/1597/1455 1560/1613/1455 1559/1612/1455
f 1543/1597/1456 1544/1598/1456 1561/1614/1456 1560/1613/1456
f 1544/1598/1457 1545/1599/1457 1562/1615/1457 1561/1614/1457
f 1545/1599/1458 1546/1600/1458 1563/1616/1458 1562/1615/1458
f 1546/1600/1459 1547/1601/1459 1564/1617/1459 1563/1616/1459
f 1547/1601/1460 1548/1602/1460 1565/1618/1460 1564/1617/1460
f 1548/1602/1461 1549/1133/1461 1566/1134/1461 1565/1618/1461
f 1550/1604/1462 1551/1603/1462 1568/1619/1462 1567/1620/1462
f 1551/1603/1463 1552/1605/1463 1569/1621/1463 1568/1619/1463
f 1552/1605/1464 1553/1606/1464 1570/1622/1464 1569/1621/1464
f 1553/1606/1465 1554/1607/1465 1571/1623/1465 1570/1622/1465
f 1554/1607/1466 1555/1608/1466 1572/1624/1466 1571/1623/1466
f 1555/1608/1467 1556/1609/1467 1573/1625/1467 1572/1624/1467
f 1556/1609/1468 1557/1610/1468 1574/1626/1468 1573/1625/1468
f 1557/1610/1469 1558/1611/1469 1575/1627/1469 1574/1626/1469
f 1558/1611/1470 1559/1612/1470 1576/1628/1470 1575/1627/1470
f 1559/1612/1471 1560/1613/1471 1577/1629/1471 1576/1628/1471
f 1560/1613/1472 1561/1614/1472 1578/1630/1472 1577/1629/1472
f 1561/1614/1473 1562/1615/1473 1579/1631/1473 1578/1630/1473
f 1562/1615/1474 1563/1616/1474 1580/1632/1474 1579/1631/1474
f 1563/1616/1475 1564/1617/1475 1581/1633/1475 1580/1632/1475
f 1564/1617/1476 1565/1618/1476 1582/1634/1476 1581/1633/1476
f 1565/1618/1477 1566/1134/1477 1583/1135/1477 1582/1634/1477
f 1567/1620/1478 1568/1619/1478 1585/1635/1478 1584/1636/1478
f 1568/1619/1479 1569/1621/1479 1586/1637/1479 1585/1635/1479
f 1569/1621/1480 1570/1622/1480 1587/1638/1480 1586/1637/1480
f 1570/1622/1481 1571/1623/1481 1588/1639/1481 1587/1638/1481
f 1571/1623/1482 1572/1624/1482 1589/1640/1482 1588/1639/1482
f 1572/1624/1483 1573/1625/1483 1590/1641/1483 1589/1640/1483
f 1573/1625/1484 1574/1626/1484 1591/1642/1484 1590/1641/1484
f 1574/1626/1485 1575/1627/1485 1592/1643/1485 1591/1642/1485
f 1575/1627/1486 1576/1628/1486 1593/1644/1486 1592/1643/1486
f 1576/1628/1487 1577/1629/1487 1594/1645/1487 1593/1644/1487
f 1577/1629/1488 1578/1630/1488 1595/1646/1488 1594/1645/1488
f 1578/1630/1489 1579/1631/1489 1596/1647/1489 1595/1646/1489
f 1579/1631/1490 1580/1632/1490 1597/1648/1490 1596/1647/1490
f 1580/1632/1491 1581/1633/1491 1598/1649/1491 1597/1648/1491
f 1581/1633/1492 1582/1634/1492 1599/1650/1492 1598/1649/1492
f 1582/1634/1493 1583/1135/1493 1600/1136/1493 1599/1650/1493
f 1584/1636/1494 1585/1635/1494 1602/1651/1494 1601/1652/1494
f 1585/1635/1495 1586/1637/1495 1603/1653/1495 1602/1651/1495
f 1586/1637/1496 1587/1638/1496 1604/1654/1496 1603/1653/1496
f 1587/1638/1497 1588/1639/1497 1605/1655/1497 1604/1654/1497
f 1588/1639/1498 1589/1640/1498 1606/1656/1498 1605/1655/1498
f 1589/1640/1499 1590/1641/1499 1607/1657/1499 1606/1656/1499
f 1590/1641/1500 1591/1642/1500 1608/1658/1500 1607/1657/1500
f 1591/1642/1501 1592/1643/1501 1609/1659/1501 1608/1658/1501
f 1592/1643/1502 1593/1644/1502 1610/1660/1502 1609/1659/1502
f 1593/1644/1503 1594/1645/1503 1611/1661/1503 1610/1660/1503
f 1594/1645/1504 1595/1646/1504 1612/1662/1504 1611/1661/1504
f 1595/1646/1505 1596/1647/1505 1613/1663/1505 1612/1662/1505
f 1596/1647/1506 1597/1648/1506 1614/1664/1506 1613/1663/1506
f 1597/1648/1507 1598/1649/1507 1615/1665/1507 1614/1664/1507
f 1598/1649/1508 1599/1650/1508 1616/1666/1508 1615/1665/1508
f 1599/1650/1509 1600/1136/1509 1617/1137/1509 1616/1666/1509
f 1601/1652/1510 1602/1651/1510 1619/1667/1510 1618/1668/1510
f 1602/1651/1511 1603/1653/1511 1620/1669/1511 1619/1667/1511
f 1603/1653/1512 1604/1654/1512 1621/1670/1512 1620/1669/1512
f 1604/1654/1513 1605/1655/1513 1622/1671/1513 1621/1670/1513
f 1605/1655/1514 1606/1656/1514 1623/1672/1514 1622/1671/1514
f 1606/1656/1515 1607/1657/1515 1624/1673/1515 1623/1672/1515
f 1607/1657/1516 1608/1658/1516 1625/1674/1516 1624/1673/1516
f 1608/1658/1517 1609/1659/1517 1626/1675/1517 1625/1674/1517
f 1609/1659/1518 1610/1660/1518 1627/1676/1518 1626/1675/1518
f 1610/1660/1519 1611/1661/1519 1628/1677/1519 1627/1676/1519
f 1611/1661/1520 1612/1662/1520 1629/1678/1520 1628/1677/1520
f 1612/1662/1521 1613/1663/1521 1630/1679/1521 1629/1678/1521
f 1613/1663/1522 1614/1664/1522 1631/1680/1522 1630/1679/1522
f 1614/1664/1523 1615/1665/1523 1632/1681/1523 1631/1680/1523
f 1615/1665/1524 1616/1666/1524 1633/1682/1524 1632/1681/1524
f 1616/1666/1525 1617/1137/1525 1634/1138/1525 1633/1682/1525
f 1618/1668/1526 1619/1667/1526 1125/1173/1526 1108/1172/1526
f 1619/1667/1527 1620/1669/1527 1142/1190/1527 1125/1173/1527
f 1620/1669/1528 1621/1670/1528 1159/1207/1528 1142/1190/1528
f 1621/1670/1529 1622/1671/1529 1176/1224/1529 1159/1207/1529
f 1622/1671/1530 1623/1672/1530 1193/1241/1530 1176/1224/1530
f 1623/1672/1531 1624/1673/1531 1210/1258/1531 1193/1241/1531
f 1624/1673/1532 1625/1674/1532 1227/1275/1532 1210/1258/1532
f 1625/1674/1533 1626/1675/1533 1244/1292/1533 1227/1275/1533
f 1626/1675/1534 1627/1676/1534 1261/1309/1534 1244/1292/1534
f 1627/1676/1535 1628/1677/1535 1278/1326/1535 1261/1309/1535
f 1628/1677/1536 1629/1678/1536 1295/1343/1536 1278/1326/1536
f 1629/1678/1537 1630/1679/1537 1312/1360/1537 1295/1343/1537
f 1630/1679/1538 1631/1680/1538 1329/1377/1538 1312/1360/1538
f 1631/1680/1539 1632/1681/1539 1346/1394/1539 1329/1377/1539
f 1632/1681/1540 1633/1682/1540 1363/1411/1540 1346/1394/1540
f 1633/1682/1541 1634/1138/1541 1092/1139/1541 1363/1411/1541
f 1635/19/1542 1638/1683/1542 1655/1684/1542 1654/1685/1542
f 1638/1683/1543 1639/1686/1543 1656/1687/1543 1655/1684/1543
f 1639/1686/1544 1640/1688/1544 1657/1689/1544 1656/1687/1544
f 1640/1688/1545 1641/1690/1545 1658/1691/1545 1657/1689/1545
f 1641/1690/1546 1642/1692/1546 1659/1693/1546 1658/1691/1546
f 1642/1692/1547 1643/1694/1547 1660/1695/1547 1659/1693/1547
f 1643/1694/1548 1644/1696/1548 1661/1697/1548 1660/1695/1548
f 1644/1696/1549 1645/1698/1549 1662/1699/1549 1661/1697/1549
f 1645/1698/1550 1646/1700/1550 1663/1701/1550 1662/1699/1550
f 1646/1700/1551 1647/1702/1551 1664/1703/1551 1663/1701/1551
f 1647/1702/1552 1648/1704/1552 1665/1705/1552 1664/1703/1552
f 1648/1704/1553 1649/1706/1553 1666/1707/1553 1665/1705/1553
f 1649/1706/1554 1650/1708/1554 1667/1709/1554 1666/1707/1554
f 1650/1708/1555 1651/1710/1555 1668/1711/1555 1667/1709/1555
f 1651/1710/1556 1652/1712/1556 1669/1713/1556 1668/1711/1556
f 1652/1712/1557 1653/1714/1557 1670/1715/1557 1669/1713/1557
f 1654/1685/1558 1655/1684/1558 1672/1716/1558 1671/1717/1558
f 1655/1684/1559 1656/1687/1559 1673/1718/1559 1672/1716/1559
f 1656/1687/1560 1657/1689/1560 1674/1719/1560 1673/1718/1560
f 1657/1689/1561 1658/1691/1561 1675/1720/1561 1674/1719/1561
f 1658/1691/1562 1659/1693/1562 1676/1721/1562 1675/1720/1562
f 1659/1693/1563 1660/1695/1563 1677/1722/1563 1676/1721/1563
f 1660/1695/1564 1661/1697/1564 1678/1723/1564 1677/1722/1564
f 1661/1697/1565 1662/1699/1565 1679/1724/1565 1678/1723/1565
f 1662/1699/1566 1663/1701/1566 1680/1725/1566 1679/1724/1566
f 1663/1701/1567 1664/1703/1567 1681/1726/1567 1680/1725/1567
f 1664/1703/1568 1665/1705/1568 1682/1727/1568 1681/1726/1568
f 1665/1705/1569 1666/1707/1569 1683/1728/1569 1682/1727/1569
f 1666/1707/1570 1667/1709/1570 1684/1729/1570 1683/1728/1570
f 1667/1709/1571 1668/1711/1571 1685/1730/1571 1684/1729/1571
f 1668/1711/1572 1669/1713/1572 1686/1731/1572 1685/1730/1572
f 1669/1713/1573 1670/1715/1573 1687/1732/1573 1686/1731/1573
f 1671/1717/1574 1672/1716/1574 1689/1733/1574 1688/1734/1574
f 1672/1716/1575 1673/1718/1575 1690/1735/1575 1689/1733/1575
f 1673/1718/1576 1674/1719/1576 1691/1736/1576 1690/1735/1576
f 1674/1719/1577 1675/1720/1577 1692/1737/1577 1691/1736/1577
f 1675/1720/1578 1676/1721/1578 1693/1738/1578 1692/1737/1578
f 1676/1721/1579 1677/1722/1579 1694/1739/1579 1693/1738/1579
f 1677/1722/1580 1678/1723/1580 1695/1740/1580 1694/1739/1580
f 1678/1723/1581 1679/1724/1581 1696/1741/1581 1695/1740/1581
f 1679/1724/1582 1680/1725/1582 1697/1742/1582 1696/1741/1582
f 1680/1725/1583 1681/1726/1583 1698/1743/1583 1697/1742/1583
f 1681/1726/1584 1682/1727/1584 1699/1744/1584 1698/1743/1584
f 1682/1727/1585 1683/1728/1585 1700/1745/1585 1699/1744/1585
f 1683/1728/1586 1684/1729/1586 1701/1746/1586 1700/1745/1586
f 1684/1729/1587 1685/1730/1587 1702/1747/1587 1701/1746/1587
f 1685/1730/1588 1686/1731/1588 1703/1748/1588 1702/1747/1588
f 1686/1731/1589 1687/1732/1589 1704/1749/1589 1703/1748/1589
f 1688/1734/1590 1689/1733/1590 1706/1750/1590 1705/1751/1590
f 1689/1733/1591 1690/1735/1591 1707/1752/1591 1706/1750/1591
f 1690/1735/1592 1691/1736/1592 1708/1753/1592 1707/1752/1592
f 1691/1736/1593 1692/1737/1593 1709/1754/1593 1708/1753/1593
f 1692/1737/1594 1693/1738/1594 1710/1755/1594 1709/1754/1594
f 1693/1738/1595 1694/1739/1595 1711/1756/1595 1710/1755/1595
f 1694/1739/1596 1695/1740/1596 1712/1757/1596 1711/1756/1596
f 1695/1740/1597 1696/1741/1597 1713/1758/1597 1712/1757/1597
f 1696/1741/1598 1697/1742/1598 1714/1759/1598 1713/1758/1598
f 1697/1742/1599 1698/1743/1599 1715/1760/1599 1714/1759/1599
f 1698/1743/1600 1699/1744/1600 1716/1761/1600 1715/1760/1600
f 1699/1744/1601 1700/1745/1601 1717/1762/1601 1716/1761/1601
f 1700/1745/1602 1701/1746/1602 1718/1763/1602 1717/1762/1602
f 1701/1746/1603 1702/1747/1603 1719/1764/1603 1718/1763/1603
f 1702/1747/1604 1703/1748/1604 1720/1765/1604 1719/1764/1604
f 1703/1748/1605 1704/1749/1605 1721/1766/1605 1720/1765/1605
f 1705/1751/1606 1706/1750/1606 1723/1767/1606 1722/1768/1606
f 1706/1750/1607 1707/1752/1607 1724/1769/1607 1723/1767/1607
f 1707/1752/1608 1708/1753/1608 1725/1770/1608 1724/1769/1608
f 1708/1753/1609 1709/1754/1609 1726/1771/1609 1725/1770/1609
f 1709/1754/1610 1710/1755/1610 1727/1772/1610 1726/1771/1610
f 1710/1755/1611 1711/1756/1611 1728/1773/1611 1727/1772/1611
f 1711/1756/1612 1712/1757/1612 1729/1774/1612 1728/1773/1612
f 1712/1757/1613 1713/1758/1613 1730/1775/1613 1729/1774/1613
f 1713/1758/1614 1714/1759/1614 1731/1776/1614 1730/1775/1614
f 1714/1759/1615 1715/1760/1615 1732/1777/1615 1731/1776/1615
f 1715/1760/1616 1716/1761/1616 1733/1778/1616 1732/1777/1616
f 1716/1761/1617 1717/1762/1617 1734/1779/1617 1733/1778/1617
f 1717/1762/1618 1718/1763/1618 1735/1780/1618 1734/1779/1618
f 1718/1763/1619 1719/1764/1619 1736/1781/1619 1735/1780/1619
f 1719/1764/1620 1720/1765/1620 1737/1782/1620 1736/1781/1620
f 1720/1765/1621 1721/1766/1621 1738/1783/1621 1737/1782/1621
f 1722/1768/1622 1723/1767/1622 1740/1784/1622 1739/1785/1622
f 1723/1767/1623 1724/1769/1623 1741/1786/1623 1740/1784/1623
f 1724/1769/1624 1725/1770/1624 1742/1787/1624 1741/1786/1624
f 1725/1770/1625 1726/1771/1625 1743/1788/1625 1742/1787/1625
f 1726/1771/1626 1727/1772/1626 1744/1789/1626 1743/1788/1626
f 1727/1772/1627 1728/1773/1627 1745/1790/1627 1744/1789/1627
f 1728/1773/1628 1729/1774/1628 1746/1791/1628 1745/1790/1628
f 1729/1774/1629 1730/1775/1629 1747/1792/1629 1746/1791/1629
f 1730/1775/1630 1731/1776/1630 1748/1793/1630 1747/1792/1630
f 1731/1776/1631 1732/1777/1631 1749/1794/1631 1748/1793/1631
f 1732/1777/1632 1733/1778/1632 1750/1795/1632 1749/1794/1632
f 1733/1778/1633 1734/1779/1633 1751/1796/1633 1750/1795/1633
f 1734/1779/1634 1735/1780/1634 1752/1797/1634 1751/1796/1634
f 1735/1780/1635 1736/1781/1635 1753/1798/1635 1752/1797/1635
f 1736/1781/1636 1737/1782/1636 1754/1799/1636 1753/1798/1636
f 1737/1782/1637 1738/1783/1637 1755/1800/1637 1754/1799/1637
f 1739/1785/1638 1740/1784/1638 1757/1801/1638 1756/1802/1638
f 1740/1784/1639 1741/1786/1639 1758/1803/1639 1757/1801/1639
f 1741/1786/1640 1742/1787/1640 1759/1804/1640 1758/1803/1640
f 1742/1787/1641 1743/1788/1641 1760/1805/1641 1759/1804/1641
f 1743/1788/1642 1744/1789/1642 1761/1806/1642 1760/1805/1642
f 1744/1789/1643 1745/1790/1643 1762/1807/1643 1761/1806/1643
f 1745/1790/1644 1746/1791/1644 1763/1808/1644 1762/1807/1644
f 1746/1791/1645 1747/1792/1645 1764/1809/1645 1763/1808/1645
f 1747/1792/1646 1748/1793/1646 1765/1810/1646 1764/1809/1646
f 1748/1793/1647 1749/1794/1647 1766/1811/1647 1765/1810/1647
f 1749/1794/1648 1750/1795/1648 1767/1812/1648 1766/1811/1648
f 1750/1795/1649 1751/1796/1649 1768/1813/1649 1767/1812/1649
f 1751/1796/1650 1752/1797/1650 1769/1814/1650 1768/1813/1650
f 1752/1797/1651 1753/1798/1651 1770/1815/1651 1769/1814/1651
f 1753/1798/1652 1754/1799/1652 1771/1816/1652 1770/1815/1652
f 1754/1799/1653 1755/1800/1653 1772/1817/1653 1771/1816/1653
f 1756/1802/1654 1757/1801/1654 1774/1818/1654 1773/1819/1654
f 1757/1801/1655 1758/1803/1655 1775/1820/1655 1774/1818/1655
f 1758/1803/1656 1759/1804/1656 1776/1821/1656 1775/1820/1656
f 1759/1804/1657 1760/1805/1657 1777/1822/1657 1776/1821/1657
f 1760/1805/1658 1761/1806/1658 1778/1823/1658 1777/1822/1658
f 1761/1806/1659 1762/1807/1659 1779/1824/1659 1778/1823/1659
f 1762/1807/1660 1763/1808/1660 1780/1825/1660 1779/1824/1660
f 1763/1808/1661 1764/1809/1661 1781/1826/1661 1780/1825/1661
f 1764/1809/1662 1765/1810/1662 1782/1827/1662 1781/1826/1662
f 1765/1810/1663 1766/1811/1663 1783/1828/1663 1782/1827/1663
f 1766/1811/1664 1767/1812/1664 1784/1829/1664 1783/1828/1664
f 1767/1812/1665 1768/1813/1665 1785/1830/1665 1784/1829/1665
f 1768/1813/1666 1769/1814/1666 1786/1831/1666 1785/1830/1666
f 1769/1814/1667 1770/1815/1667 1787/1832/1667 1786/1831/1667
f 1770/1815/1668 1771/1816/1668 1788/1833/1668 1787/1832/1668
f 1771/1816/1669 1772/1817/1669 1789/1834/1669 1788/1833/1669
f 1773/1819/1670 1774/1818/1670 1791/1835/1670 1790/1836/1670
f 1774/1818/1671 1775/1820/1671 1792/1837/1671 1791/1835/1671
f 1775/1820/1672 1776/1821/1672 1793/1838/1672 1792/1837/1672
f 1776/1821/1673 1777/1822/1673 1794/1839/1673 1793/1838/1673
f 1777/1822/1674 1778/1823/1674 1795/1840/1674 1794/1839/1674
f 1778/1823/1675 1779/1824/1675 1796/1841/1675 1795/1840/1675
f 1779/1824/1676 1780/1825/1676 1797/1842/1676 1796/1841/1676
f 1780/1825/1677 1781/1826/1677 1798/1843/1677 1797/1842/1677
f 1781/1826/1678 1782/1827/1678 1799/1844/1678 1798/1843/1678
f 1782/1827/1679 1783/1828/1679 1800/1845/1679 1799/1844/1679
f 1783/1828/1680 1784/1829/1680 1801/1846/1680 1800/1845/1680
f 1784/1829/1681 1785/1830/1681 1802/1847/1681 1801/1846/1681
f 1785/1830/1682 1786/1831/1682 1803/1848/1682 1802/1847/1682
f 1786/1831/1683 1787/1832/1683 1804/1849/1683 1803/1848/1683
f 1787/1832/1684 1788/1833/1684 1805/1850/1684 1804/1849/1684
f 1788/1833/1685 1789/1834/1685 1806/1851/1685 1805/1850/1685
f 1790/1836/1686 1791/1835/1686 1808/1852/1686 1807/1853/1686
f 1791/1835/1687 1792/1837/1687 1809/1854/1687 1808/1852/1687
f 1792/1837/1688 1793/1838/1688 1810/1855/1688 1809/1854/1688
f 1793/1838/1689 1794/1839/1689 1811/1856/1689 1810/1855/1689
f 1794/1839/1690 1795/1840/1690 1812/1857/1690 1811/1856/1690
f 1795/1840/1691 1796/1841/1691 1813/1858/1691 1812/1857/1691
f 1796/1841/1692 1797/1842/1692 1814/1859/1692 1813/1858/1692
f 1797/1842/1693 1798/1843/1693 1815/1860/1693 1814/1859/1693
f 1798/1843/1694 1799/1844/1694 1816/1861/1694 1815/1860/1694
f 1799/1844/1695 1800/1845/1695 1817/1862/1695 1816/1861/1695
f 1800/1845/1696 1801/1846/1696 1818/1863/1696 1817/1862/1696
f 1801/1846/1697 1802/1847/1697 1819/1864/1697 1818/1863/1697
f 1802/1847/1698 1803/1848/1698 1820/1865/1698 1819/1864/1698
f 1803/1848/1699 1804/1849/1699 1821/1866/1699 1820/1865/1699
f 1804/1849/1700 1805/1850/1700 1822/1867/1700 1821/1866/1700
f 1805/1850/1701 1806/1851/1701 1823/1868/1701 1822/1867/1701
f 1807/1853/1702 1808/1852/1702 1825/1869/1702 1824/1870/1702
f 1808/1852/1703 1809/1854/1703 1826/1871/1703 1825/1869/1703
f 1809/1854/1704 1810/1855/1704 1827/1872/1704 1826/1871/1704
f 1810/1855/1705 1811/1856/1705 1828/1873/1705 1827/1872/1705
f 1811/1856/1706 1812/1857/1706 1829/1874/1706 1828/1873/1706
f 1812/1857/1707 1813/1858/1707 1830/1875/1707 1829/1874/1707
f 1813/1858/1708 1814/1859/1708 1831/1876/1708 1830/1875/1708
f 1814/1859/1709 1815/1860/1709 1832/1877/1709 1831/1876/1709
f 1815/1860/1710 1816/1861/1710 1833/1878/1710 1832/1877/1710
f 1816/1861/1711 1817/1862/1711 1834/1879/1711 1833/1878/1711
f 1817/1862/1712 1818/1863/1712 1835/1880/1712 1834/1879/1712
f 1818/1863/1713 1819/1864/1713 1836/1881/1713 1835/1880/1713
f 1819/1864/1714 1820/1865/1714 1837/1882/1714 1836/1881/1714
f 1820/1865/1715 1821/1866/1715 1838/1883/1715 1837/1882/1715
f 1821/1866/1716 1822/1867/1716 1839/1884/1716 1838/1883/1716
f 1822/1867/1717 1823/1868/1717 1840/1885/1717 1839/1884/1717
f 1824/1870/1718 1825/1869/1718 1842/1886/1718 1841/1887/1718
f 1825/1869/1719 1826/1871/1719 1843/1888/1719 1842/1886/1719
f 1826/1871/1720 1827/1872/1720 1844/1889/1720 1843/1888/1720
f 1827/1872/1721 1828/1873/1721 1845/1890/1721 1844/1889/1721
f 1828/1873/1722 1829/1874/1722 1846/1891/1722 1845/1890/1722
f 1829/1874/1723 1830/1875/1723 1847/1892/1723 1846/1891/1723
f 1830/1875/1724 1831/1876/1724 1848/1893/1724 1847/1892/1724
f 1831/1876/1725 1832/1877/1725 1849/1894/1725 1848/1893/1725
f 1832/1877/1726 1833/1878/1726 1850/1895/1726 1849/1894/1726
f 1833/1878/1727 1834/1879/1727 1851/1896/1727 1850/1895/1727
f 1834/1879/1728 1835/1880/1728 1852/1897/1728 1851/1896/1728
f 1835/1880/1729 1836/1881/1729 1853/1898/1729 1852/1897/1729
f 1836/1881/1730 1837/1882/1730 1854/1899/1730 1853/1898/1730
f 1837/1882/1731 1838/1883/1731 1855/1900/1731 1854/1899/1731
f 1838/1883/1732 1839/1884/1732 1856/1901/1732 1855/1900/1732
f 1839/1884/1733 1840/1885/1733 1857/1902/1733 1856/1901/1733
f 1841/1887/1734 1842/1886/1734 1859/1903/1734 1858/1904/1734
f 1842/1886/1735 1843/1888/1735 1860/1905/1735 1859/1903/1735
f 1843/1888/1736 1844/1889/1736 1861/1906/1736 1860/1905/1736
f 1844/1889/1737 1845/1890/1737 1862/1907/1737 1861/1906/1737
f 1845/1890/1738 1846/1891/1738 1863/1908/1738 1862/1907/1738
f 1846/1891/1739 1847/1892/1739 1864/1909/1739 1863/1908/1739
f 1847/1892/1740 1848/1893/1740 1865/1910/1740 1864/1909/1740
f 1848/1893/1741 1849/1894/1741 1866/1911/1741 1865/1910/1741
f 1849/1894/1742 1850/1895/1742 1867/1912/1742 1866/1911/1742
f 1850/1895/1743 1851/1896/1743 1868/1913/1743 1867/1912/1743
f 1851/1896/1744 1852/1897/1744 1869/1914/1744 1868/1913/1744
f 1852/1897/1745 1853/1898/1745 1870/1915/1745 1869/1914/1745
f 1853/1898/1746 1854/1899/1746 1871/1916/1746 1870/1915/1746
f 1854/1899/1747 1855/1900/1747 1872/1917/1747 1871/1916/1747
f 1855/1900/1748 1856/1901/1748 1873/1918/1748 1872/1917/1748
f 1856/1901/1749 1857/1902/1749 1874/1919/1749 1873/1918/1749
f 1858/1904/1750 1859/1903/1750 1876/1920/1750 1875/1921/1750
f 1859/1903/1751 1860/1905/1751 1877/1922/1751 1876/1920/1751
f 1860/1905/1752 1861/1906/1752 1878/1923/1752 1877/1922/1752
f 1861/1906/1753 1862/1907/1753 1879/1924/1753 1878/1923/1753
f 1862/1907/1754 1863/1908/1754 1880/1925/1754 1879/1924/1754
f 1863/1908/1755 1864/1909/1755 1881/1926/1755 1880/1925/1755
f 1864/1909/1756 1865/1910/1756 1882/1927/1756 1881/1926/1756
f 1865/1910/1757 1866/1911/1757 1883/1928/1757 1882/1927/1757
f 1866/1911/1758 1867/1912/1758 1884/1929/1758 1883/1928/1758
f 1867/1912/1759 1868/1913/1759 1885/1930/1759 1884/1929/1759
f 1868/1913/1760 1869/1914/1760 1886/1931/1760 1885/1930/1760
f 1869/1914/1761 1870/1915/1761 1887/1932/1761 1886/1931/1761
f 1870/1915/1762 1871/1916/1762 1888/1933/1762 1887/1932/1762
f 1871/1916/1763 1872/1917/1763 1889/1934/1763 1888/1933/1763
f 1872/1917/1764 1873/1918/1764 1890/1935/1764 1889/1934/1764
f 1873/1918/1765 1874/1919/1765 1891/1936/1765 1890/1935/1765
f 1875/1921/1766 1876/1920/1766 1893/1937/1766 1892/1938/1766
f 1876/1920/1767 1877/1922/1767 1894/1939/1767 1893/1937/1767
f 1877/1922/1768 1878/1923/1768 1895/1940/1768 1894/1939/1768
f 1878/1923/1769 1879/1924/1769 1896/1941/1769 1895/1940/1769
f 1879/1924/1770 1880/1925/1770 1897/1942/1770 1896/1941/1770
f 1880/1925/1771 1881/1926/1771 1898/1943/1771 1897/1942/1771
f 1881/1926/1772 1882/1927/1772 1899/1944/1772 1898/1943/1772
f 1882/1927/1773 1883/1928/1773 1900/1945/1773 1899/1944/1773
f 1883/1928/1774 1884/1929/1774 1901/1946/1774 1900/1945/1774
f 1884/1929/1775 1885/1930/1775 1902/1947/1775 1901/1946/1775
f 1885/1930/1776 1886/1931/1776 1903/1948/1776 1902/1947/1776
f 1886/1931/1777 1887/1932/1777 1904/1949/1777 1903/1948/1777
f 1887/1932/1778 1888/1933/1778 1905/1950/1778 1904/1949/1778
f 1888/1933/1779 1889/1934/1779 1906/1951/1779 1905/1950/1779
f 1889/1934/1780 1890/1935/1780 1907/1952/1780 1906/1951/1780
f 1890/1935/1781 1891/1936/1781 1908/1953/1781 1907/1952/1781
f 1892/1938/1782 1893/1937/1782 2213/1954/1782 2196/1955/1782
f 1893/1937/1783 1894/1939/1783 2230/1956/1783 2213/1954/1783
f 1894/1939/1784 1895/1940/1784 2247/1957/1784 2230/1956/1784
f 1895/1940/1785 1896/1941/1785 2264/1958/1785 2247/1957/1785
f 1896/1941/1786 1897/1942/1786 2281/1959/1786 2264/1958/1786
f 1897/1942/1787 1898/1943/1787 2298/1960/1787 2281/1959/1787
f 1898/1943/1788 1899/1944/1788 2315/1961/1788 2298/1960/1788
f 1899/1944/1789 1900/1945/1789 2332/1962/1789 2315/1961/1789
f 1900/1945/1790 1901/1946/1790 2349/1963/1790 2332/1962/1790
f 1901/1946/1791 1902/1947/1791 2366/1964/1791 2349/1963/1791
f 1902/1947/1792 1903/1948/1792 2383/1965/1792 2366/1964/1792
f 1903/1948/1793 1904/1949/1793 2400/1966/1793 2383/1965/1793
f 1904/1949/1794 1905/1950/1794 2417/1967/1794 2400/1966/1794
f 1905/1950/1795 1906/1951/1795 2434/1968/1795 2417/1967/1795
f 1906/1951/1796 1907/1952/1796 2451/1969/1796 2434/1968/1796
f 1907/1952/1797 1908/1953/1797 1909/1970/1797 2451/1969/1797
f 1636/16/1798 1910/1971/1798 1927/1972/1798 1926/1973/1798
f 1910/1971/1799 1911/1974/1799 1928/1975/1799 1927/1972/1799
f 1911/1974/1800 1912/1976/1800 1929/1977/1800 1928/1975/1800
f 1912/1976/1801 1913/1978/1801 1930/1979/1801 1929/1977/1801
f 1913/1978/1802 1914/1980/1802 1931/1981/1802 1930/1979/1802
f 1914/1980/1803 1915/1982/1803 1932/1983/1803 1931/1981/1803
f 1915/1982/1804 1916/1984/1804 1933/1985/1804 1932/1983/1804
f 1916/1984/1805 1917/1986/1805 1934/1987/1805 1933/1985/1805
f 1917/1986/1806 1918/1988/1806 1935/1989/1806 1934/1987/1806
f 1918/1988/1807 1919/1990/1807 1936/1991/1807 1935/1989/1807
f 1919/1990/1808 1920/1992/1808 1937/1993/1808 1936/1991/1808
f 1920/1992/1809 1921/1994/1809 1938/1995/1809 1937/1993/1809
f 1921/1994/1810 1922/1996/1810 1939/1997/1810 1938/1995/1810
f 1922/1996/1811 1923/1998/1811 1940/1999/1811 1939/1997/1811
f 1923/1998/1812 1924/2000/1812 1941/2001/1812 1940/1999/1812
f 1924/2000/1813 1925/2002/1813 1942/2003/1813 1941/2001/1813
f 1926/1973/1814 1927/1972/1814 1944/2004/1814 1943/2005/1814
f 1927/1972/1815 1928/1975/1815 1945/2006/1815 1944/2004/1815
f 1928/1975/1816 1929/1977/1816 1946/2007/1816 1945/2006/1816
f 1929/1977/1817 1930/1979/1817 1947/2008/1817 1946/2007/1817
f 1930/1979/1818 1931/1981/1818 1948/2009/1818 1947/2008/1818
f 1931/1981/1819 1932/1983/1819 1949/2010/1819 1948/2009/1819
f 1932/1983/1820 1933/1985/1820 1950/2011/1820 1949/2010/1820
f 1933/1985/1821 1934/1987/1821 1951/2012/1821 1950/2011/1821
f 1934/1987/1822 1935/1989/1822 1952/2013/1822 1951/2012/1822
f 1935/1989/1823 1936/1991/1823 1953/2014/1823 1952/2013/1823
f 1936/1991/1824 1937/1993/1824 1954/2015/1824 1953/2014/1824
f 1937/1993/1825 1938/1995/1825 1955/2016/1825 1954/2015/1825
f 1938/1995/1826 1939/1997/1826 1956/2017/1826 1955/2016/1826
f 1939/1997/1827 1940/1999/1827 1957/2018/1827 1956/2017/1827
f 1940/1999/1828 1941/2001/1828 1958/2019/1828 1957/2018/1828
f 1941/2001/1829 1942/2003/1829 1959/2020/1829 1958/2019/1829
f 1943/2005/1830 1944/2004/1830 1961/2021/1830 1960/2022/1830
f 1944/2004/1831 1945/2006/1831 1962/2023/1831 1961/2021/1831
f 1945/2006/1832 1946/2007/1832 1963/2024/1832 1962/2023/1832
f 1946/2007/1833 1947/2008/1833 1964/2025/1833 1963/2024/1833
f 1947/2008/1834 1948/2009/1834 1965/2026/1834 1964/2025/1834
f 1948/2009/1835 1949/2010/1835 1966/2027/1835 1965/2026/1835
f 1949/2010/1836 1950/2011/1836 1967/2028/1836 1966/2027/1836
f 1950/2011/1837 1951/2012/1837 1968/2029/1837 1967/2028/1837
f 1951/2012/1838 1952/2013/1838 1969/2030/1838 1968/2029/1838
f 1952/2013/1839 1953/2014/1839 1970/2031/1839 1969/2030/1839
f 1953/2014/1840 1954/2015/1840 1971/2032/1840 1970/2031/1840
f 1954/2015/1841 1955/2016/1841 1972/2033/1841 1971/2032/1841
f 1955/2016/1842 1956/2017/1842 1973/2034/1842 1972/2033/1842
f 1956/2017/1843 1957/2018/1843 1974/2035/1843 1973/2034/1843
f 1957/2018/1844 1958/2019/1844 1975/2036/1844 1974/2035/1844
f 1958/2019/1845 1959/2020/1845 1976/2037/1845 1975/2036/1845
f 1960/2022/1846 1961/2021/1846 1978/2038/1846 1977/2039/1846
f 1961/2021/1847 1962/2023/1847 1979/2040/1847 1978/2038/1847
f 1962/2023/1848 1963/2024/1848 1980/2041/1848 1979/2040/1848
f 1963/2024/1849 1964/2025/1849 1981/2042/1849 1980/2041/1849
f 1964/2025/1850 1965/2026/1850 1982/2043/1850 1981/2042/1850
f 1965/2026/1851 1966/2027/1851 1983/2044/1851 1982/2043/1851
f 1966/2027/1852 1967/2028/1852 1984/2045/1852 1983/2044/1852
f 1967/2028/1853 1968/2029/1853 1985/2046/1853 1984/2045/1853
f 1968/2029/1854 1969/2030/1854 1986/2047/1854 1985/2046/1854
f 1969/2030/1855 1970/2031/1855 1987/2048/1855 1986/2047/1855
f 1970/2031/1856 1971/2032/1856 1988/2049/1856 1987/2048/1856
f 1971/2032/1857 1972/2033/1857 1989/2050/1857 1988/2049/1857
f 1972/2033/1858 1973/2034/1858 1990/2051/1858 1989/2050/1858
f 1973/2034/1859 1974/2035/1859 1991/2052/1859 1990/2051/1859
f 1974/2035/1860 1975/2036/1860 1992/2053/1860 1991/2052/1860
f 1975/2036/1861 1976/2037/1861 1993/2054/1861 1992/2053/1861
f 1977/2039/1862 1978/2038/1862 1995/2055/1862 1994/2056/1862
f 1978/2038/1863 1979/2040/1863 1996/2057/1863 1995/2055/1863
f 1979/2040/1864 1980/2041/1864 1997/2058/1864 1996/2057/1864
f 1980/2041/1865 1981/2042/1865 1998/2059/1865 1997/2058/1865
f 1981/2042/1866 1982/2043/1866 1999/2060/1866 1998/2059/1866
f 1982/2043/1867 1983/2044/1867 2000/2061/1867 1999/2060/1867
f 1983/2044/1868 1984/2045/1868 2001/2062/1868 2000/2061/1868
f 1984/2045/1869 1985/2046/1869 2002/2063/1869 2001/2062/1869
f 1985/2046/1870 1986/2047/1870 2003/2064/1870 2002/2063/1870
f 1986/2047/1871 1987/2048/1871 2004/2065/1871 2003/2064/1871
f 1987/2048/1872 1988/2049/1872 2005/2066/1872 2004/2065/1872
f 1988/2049/1873 1989/2050/1873 2006/2067/1873 2005/2066/1873
f 1989/2050/1874 1990/2051/1874 2007/2068/1874 2006/2067/1874
f 1990/2051/1875 1991/2052/1875 2008/2069/1875 2007/2068/1875
f 1991/2052/1876 1992/2053/1876 2009/2070/1876 2008/2069/1876
f 1992/2053/1877 1993/2054/1877 2010/2071/1877 2009/2070/1877
f 1994/2056/1878 1995/2055/1878 2012/2072/1878 2011/2073/1878
f 1995/2055/1879 1996/2057/1879 2013/2074/1879 2012/2072/1879
f 1996/2057/1880 1997/2058/1880 2014/2075/1880 2013/2074/1880
f 1997/2058/1881 1998/2059/1881 2015/2076/1881 2014/2075/1881
f 1998/2059/1882 1999/2060/1882 2016/2077/1882 2015/2076/1882
f 1999/2060/1883 2000/2061/1883 2017/2078/1883 2016/2077/1883
f 2000/2061/1884 2001/2062/1884 2018/2079/1884 2017/2078/1884
f 2001/2062/1885 2002/2063/1885 2019/2080/1885 2018/2079/1885
f 2002/2063/1886 2003/2064/1886 2020/2081/1886 2019/2080/1886
f 2003/2064/1887 2004/2065/1887 2021/2082/1887 2020/2081/1887
f 2004/2065/1888 2005/2066/1888 2022/2083/1888 2021/2082/1888
f 2005/2066/1889 2006/2067/1889 2023/2084/1889 2022/2083/1889
f 2006/2067/1890 2007/2068/1890 2024/2085/1890 2023/2084/1890
f 2007/2068/1891 2008/2069/1891 2025/2086/1891 2024/2085/1891
f 2008/2069/1892 2009/2070/1892 2026/2087/1892 2025/2086/1892
f 2009/2070/1893 2010/2071/1893 2027/2088/1893 2026/2087/1893
f 2011/2073/1894 2012/2072/1894 2029/2089/1894 2028/2090/1894
f 2012/2072/1895 2013/2074/1895 2030/2091/1895 2029/2089/1895
f 2013/2074/1896 2014/2075/1896 2031/2092/1896 2030/2091/1896
f 2014/2075/1897 2015/2076/1897 2032/2093/1897 2031/2092/1897
f 2015/2076/1898 2016/2077/1898 2033/2094/1898 2032/2093/1898
f 2016/2077/1899 2017/2078/1899 2034/2095/1899 2033/2094/1899
f 2017/2078/1900 2018/2079/1900 2035/2096/1900 2034/2095/1900
f 2018/2079/1901 2019/2080/1901 2036/2097/1901 2035/2096/1901
f 2019/2080/1902 2020/2081/1902 2037/2098/1902 2036/2097/1902
f 2020/2081/1903 2021/2082/1903 2038/2099/1903 2037/2098/1903
f 2021/2082/1904 2022/2083/1904 2039/2100/1904 2038/2099/1904
f 2022/2083/1905 2023/2084/1905 2040/2101/1905 2039/2100/1905
f 2023/2084/1906 2024/2085/1906 2041/2102/1906 2040/2101/1906
f 2024/2085/1907 2025/2086/1907 2042/2103/1907 2041/2102/1907
f 2025/2086/1908 2026/2087/1908 2043/2104/1908 2042/2103/1908
f 2026/2087/1909 2027/2088/1909 2044/2105/1909 2043/2104/1909
f 2028/2090/1910 2029/2089/1910 2046/2106/1910 2045/2107/1910
f 2029/2089/1911 2030/2091/1911 2047/2108/1911 2046/2106/1911
f 2030/2091/1912 2031/2092/1912 2048/2109/1912 2047/2108/1912
f 2031/2092/1913 2032/2093/1913 2049/2110/1913 2048/2109/1913
f 2032/2093/1914 2033/2094/1914 2050/2111/1914 2049/2110/1914
f 2033/2094/1915 2034/2095/1915 2051/2112/1915 2050/2111/1915
f 2034/2095/1916 2035/2096/1916 2052/2113/1916 2051/2112/1916
f 2035/2096/1917 2036/2097/1917 2053/2114/1917 2052/2113/1917
f 2036/2097/1918 2037/2098/1918 2054/2115/1918 2053/2114/1918
f 2037/2098/1919 2038/2099/1919 2055/2116/1919 2054/2115/1919
f 2038/2099/1920 2039/2100/1920 2056/2117/1920 2055/2116/1920
f 2039/2100/1921 2040/2101/1921 2057/2118/1921 2056/2117/1921
f 2040/2101/1922 2041/2102/1922 2058/2119/1922 2057/2118/1922
f 2041/2102/1923 2042/2103/1923 2059/2120/1923 2058/2119/1923
f 2042/2103/1924 2043/2104/1924 2060/2121/1924 2059/2120/1924
f 2043/2104/1925 2044/2105/1925 2061/2122/1925 2060/2121/1925
f 2045/2107/1926 2046/2106/1926 2063/2123/1926 2062/2124/1926
f 2046/2106/1927 2047/2108/1927 2064/2125/1927 2063/2123/1927
f 2047/2108/1928 2048/2109/1928 2065/2126/1928 2064/2125/1928
f 2048/2109/1929 2049/2110/1929 2066/2127/1929 2065/2126/1929
f 2049/2110/1930 2050/2111/1930 2067/2128/1930 2066/2127/1930
f 2050/2111/1931 2051/2112/1931 2068/2129/1931 2067/2128/1931
f 2051/2112/1932 2052/2113/1932 2069/2130/1932 2068/2129/1932
f 2052/2113/1933 2053/2114/1933 2070/2131/1933 2069/2130/1933
f 2053/2114/1934 2054/2115/1934 2071/2132/1934 2070/2131/1934
f 2054/2115/1935 2055/2116/1935 2072/2133/1935 2071/2132/1935
f 2055/2116/1936 2056/2117/1936 2073/2134/1936 2072/2133/1936
f 2056/2117/1937 2057/2118/1937 2074/2135/1937 2073/2134/1937
f 2057/2118/1938 2058/2119/1938 2075/2136/1938 2074/2135/1938
f 2058/2119/1939 2059/2120/1939 2076/2137/1939 2075/2136/1939
f 2059/2120/1940 2060/2121/1940 2077/2138/1940 2076/2137/1940
f 2060/2121/1941 2061/2122/1941 2078/2139/1941 2077/2138/1941
f 2062/2124/1942 2063/2123/1942 2080/2140/1942 2079/2141/1942
f 2063/2123/1943 2064/2125/1943 2081/2142/1943 2080/2140/1943
f 2064/2125/1944 2065/2126/1944 2082/2143/1944 2081/2142/1944
f 2065/2126/1945 2066/2127/1945 2083/2144/1945 2082/2143/1945
f 2066/2127/1946 2067/2128/1946 2084/2145/1946 2083/2144/1946
f 2067/2128/1947 2068/2129/1947 2085/2146/1947 2084/2145/1947
f 2068/2129/1948 2069/2130/1948 2086/2147/1948 2085/2146/1948
f 2069/2130/1949 2070/2131/1949 2087/2148/1949 2086/2147/1949
f 2070/2131/1950 2071/2132/1950 2088/2149/1950 2087/2148/1950
f 2071/2132/1951 2072/2133/1951 2089/2150/1951 2088/2149/1951
f 2072/2133/1952 2073/2134/1952 2090/2151/1952 2089/2150/1952
f 2073/2134/1953 2074/2135/1953 2091/2152/1953 2090/2151/1953
f 2074/2135/1954 2075/2136/1954 2092/2153/1954 2091/2152/1954
f 2075/2136/1955 2076/2137/1955 2093/2154/1955 2092/2153/1955
f 2076/2137/1956 2077/2138/1956 2094/2155/1956 2093/2154/1956
f 2077/2138/1957 2078/2139/1957 2095/2156/1957 2094/2155/1957
f 2079/2141/1958 2080/2140/1958 2097/2157/1958 2096/2158/1958
f 2080/2140/1959 2081/2142/1959 2098/2159/1959 2097/2157/1959
f 2081/2142/1960 2082/2143/1960 2099/2160/1960 2098/2159/1960
f 2082/2143/1961 2083/2144/1961 2100/2161/1961 2099/2160/1961
f 2083/2144/1962 2084/2145/1962 2101/2162/1962 2100/2161/1962
f 2084/2145/1963 2085/2146/1963 2102/2163/1963 2101/2162/1963
f 2085/2146/1964 2086/2147/1964 2103/2164/1964 2102/2163/1964
f 2086/2147/1965 2087/2148/1965 2104/2165/1965 2103/2164/1965
f 2087/2148/1966 2088/2149/1966 2105/2166/1966 2104/2165/1966
f 2088/2149/1967 2089/2150/1967 2106/2167/1967 2105/2166/1967
f 2089/2150/1968 2090/2151/1968 2107/2168/1968 2106/2167/1968
f 2090/2151/1969 2091/2152/1969 2108/2169/1969 2107/2168/1969
f 2091/2152/1970 2092/2153/1970 2109/2170/1970 2108/2169/1970
f 2092/2153/1971 2093/2154/1971 2110/2171/1971 2109/2170/1971
f 2093/2154/1972 2094/2155/1972 2111/2172/1972 2110/2171/1972
f 2094/2155/1973 2095/2156/1973 2112/2173/1973 2111/2172/1973
f 2096/2158/1974 2097/2157/1974 2114/2174/1974 2113/2175/1974
f 2097/2157/1975 2098/2159/1975 2115/2176/1975 2114/2174/1975
f 2098/2159/1976 2099/2160/1976 2116/2177/1976 2115/2176/1976
f 2099/2160/1977 2100/2161/1977 2117/2178/1977 2116/2177/1977
f 2100/2161/1978 2101/2162/1978 2118/2179/1978 2117/2178/1978
f 2101/2162/1979 2102/2163/1979 2119/2180/1979 2118/2179/1979
f 2102/2163/1980 2103/2164/1980 2120/2181/1980 2119/2180/1980
f 2103/2164/1981 2104/2165/1981 2121/2182/1981 2120/2181/1981
f 2104/2165/1982 2105/2166/1982 2122/2183/1982 2121/2182/1982
f 2105/2166/1983 2106/2167/1983 2123/2184/1983 2122/2183/1983
f 2106/2167/1984 2107/2168/1984 2124/2185/1984 2123/2184/1984
f 2107/2168/1985 2108/2169/1985 2125/2186/1985 2124/2185/1985
f 2108/2169/1986 2109/2170/1986 2126/2187/1986 2125/2186/1986
f 2109/2170/1987 2110/2171/1987 2127/2188/1987 2126/2187/1987
f 2110/2171/1988 2111/2172/1988 2128/2189/1988 2127/2188/1988
f 2111/2172/1989 2112/2173/1989 2129/2190/1989 2128/2189/1989
f 2113/2175/1990 2114/2174/1990 2131/2191/1990 2130/2192/1990
f 2114/2174/1991 2115/2176/1991 2132/2193/1991 2131/2191/1991
f 2115/2176/1992 2116/2177/1992 2133/2194/1992 2132/2193/1992
f 2116/2177/1993 2117/2178/1993 2134/2195/1993 2133/2194/1993
f 2117/2178/1994 2118/2179/1994 2135/2196/1994 2134/2195/1994
f 2118/2179/1995 2119/2180/1995 2136/2197/1995 2135/2196/1995
f 2119/2180/1996 2120/2181/1996 2137/2198/1996 2136/2197/1996
f 2120/2181/1997 2121/2182/1997 2138/2199/1997 2137/2198/1997
f 2121/2182/1998 2122/2183/1998 2139/2200/1998 2138/2199/1998
f 2122/2183/1999 2123/2184/1999 2140/2201/1999 2139/2200/1999
f 2123/2184/2000 2124/2185/2000 2141/2202/2000 2140/2201/2000
f 2124/2185/2001 2125/2186/2001 2142/2203/2001 2141/2202/2001
f 2125/2186/2002 2126/2187/2002 2143/2204/2002 2142/2203/2002
f 2126/2187/2003 2127/2188/2003 2144/2205/2003 2143/2204/2003
f 2127/2188/2004 2128/2189/2004 2145/2206/2004 2144/2205/2004
f 2128/2189/2005 2129/2190/2005 2146/2207/2005 2145/2206/2005
f 2130/2192/2006 2131/2191/2006 2148/2208/2006 2147/2209/2006
f 2131/2191/2007 2132/2193/2007 2149/2210/2007 2148/2208/2007
f 2132/2193/2008 2133/2194/2008 2150/2211/2008 2149/2210/2008
f 2133/2194/2009 2134/2195/2009 2151/2212/2009 2150/2211/2009
f 2134/2195/2010 2135/2196/2010 2152/2213/2010 2151/2212/2010
f 2135/2196/2011 2136/2197/2011 2153/2214/2011 2152/2213/2011
f 2136/2197/2012 2137/2198/2012 2154/2215/2012 2153/2214/2012
f 2137/2198/2013 2138/2199/2013 2155/2216/2013 2154/2215/2013
f 2138/2199/2014 2139/2200/2014 2156/2217/2014 2155/2216/2014
f 2139/2200/2015 2140/2201/2015 2157/2218/2015 2156/2217/2015
f 2140/2201/2016 2141/2202/2016 2158/2219/2016 2157/2218/2016
f 2141/2202/2017 2142/2203/2017 2159/2220/2017 2158/2219/2017
f 2142/2203/2018 2143/2204/2018 2160/2221/2018 2159/2220/2018
f 2143/2204/2019 2144/2205/2019 2161/2222/2019 2160/2221/2019
f 2144/2205/2020 2145/2206/2020 2162/2223/2020 2161/2222/2020
f 2145/2206/2021 2146/2207/2021 2163/2224/2021 2162/2223/2021
f 2147/2209/2022 2148/2208/2022 2165/2225/2022 2164/2226/2022
f 2148/2208/2023 2149/2210/2023 2166/2227/2023 2165/2225/2023
f 2149/2210/2024 2150/2211/2024 2167/2228/2024 2166/2227/2024
f 2150/2211/2025 2151/2212/2025 2168/2229/2025 2167/2228/2025
f 2151/2212/2026 2152/2213/2026 2169/2230/2026 2168/2229/2026
f 2152/2213/2027 2153/2214/2027 2170/2231/2027 2169/2230/2027
f 2153/2214/2028 2154/2215/2028 2171/2232/2028 2170/2231/2028
f 2154/2215/2029 2155/2216/2029 2172/2233/2029 2171/2232/2029
f 2155/2216/2030 2156/2217/2030 2173/2234/2030 2172/2233/2030
f 2156/2217/2031 2157/2218/2031 2174/2235/2031 2173/2234/2031
f 2157/2218/2032 2158/2219/2032 2175/2236/2032 2174/2235/2032
f 2158/2219/2033 2159/2220/2033 2176/2237/2033 2175/2236/2033
f 2159/2220/2034 2160/2221/2034 2177/2238/2034 2176/2237/2034
f 2160/2221/2035 2161/2222/2035 2178/2239/2035 2177/2238/2035
f 2161/2222/2036 2162/2223/2036 2179/2240/2036 2178/2239/2036
f 2162/2223/2037 2163/2224/2037 2180/2241/2037 2179/2240/2037
f 2164/2226/2038 2165/2225/2038 1670/1715/2038 1653/1714/2038
f 2165/2225/2039 2166/2227/2039 1687/1732/2039 1670/1715/2039
f 2166/2227/2040 2167/2228/2040 1704/1749/2040 1687/1732/2040
f 2167/2228/2041 2168/2229/2041 1721/1766/2041 1704/1749/2041
f 2168/2229/2042 2169/2230/2042 1738/1783/2042 1721/1766/2042
f 2169/2230/2043 2170/2231/2043 1755/1800/2043 1738/1783/2043
f 2170/2231/2044 2171/2232/2044 1772/1817/2044 1755/1800/2044
f 2171/2232/2045 2172/2233/2045 1789/1834/2045 1772/1817/2045
f 2172/2233/2046 2173/2234/2046 1806/1851/2046 1789/1834/2046
f 2173/2234/2047 2174/2235/2047 1823/1868/2047 1806/1851/2047
f 2174/2235/2048 2175/2236/2048 1840/1885/2048 1823/1868/2048
f 2175/2236/2049 2176/2237/2049 1857/1902/2049 1840/1885/2049
f 2176/2237/2050 2177/2238/2050 1874/1919/2050 1857/1902/2050
f 2177/2238/2051 2178/2239/2051 1891/1936/2051 1874/1919/2051
f 2178/2239/2052 2179/2240/2052 1908/1953/2052 1891/1936/2052
f 2179/2240/2053 2180/2241/2053 1909/1970/2053 1908/1953/2053
f 1637/10/2054 2181/2242/2054 2198/2243/2054 2197/2244/2054
f 2181/2242/2055 2182/2245/2055 2199/2246/2055 2198/2243/2055
f 2182/2245/2056 2183/2247/2056 2200/2248/2056 2199/2246/2056
f 2183/2247/2057 2184/2249/2057 2201/2250/2057 2200/2248/2057
f 2184/2249/2058 2185/2251/2058 2202/2252/2058 2201/2250/2058
f 2185/2251/2059 2186/2253/2059 2203/2254/2059 2202/2252/2059
f 2186/2253/2060 2187/2255/2060 2204/2256/2060 2203/2254/2060
f 2187/2255/2061 2188/2257/2061 2205/2258/2061 2204/2256/2061
f 2188/2257/2062 2189/2259/2062 2206/2260/2062 2205/2258/2062
f 2189/2259/2063 2190/2261/2063 2207/2262/2063 2206/2260/2063
f 2190/2261/2064 2191/2263/2064 2208/2264/2064 2207/2262/2064
f 2191/2263/2065 2192/2265/2065 2209/2266/2065 2208/2264/2065
f 2192/2265/2066 2193/2267/2066 2210/2268/2066 2209/2266/2066
f 2193/2267/2067 2194/2269/2067 2211/2270/2067 2210/2268/2067
f 2194/2269/2068 2195/2271/2068 2212/2272/2068 2211/2270/2068
f 2195/2271/2069 2196/1955/2069 2213/1954/2069 2212/2272/2069
f 2197/2244/2070 2198/2243/2070 2215/2273/2070 2214/2274/2070
f 2198/2243/2071 2199/2246/2071 2216/2275/2071 2215/2273/2071
f 2199/2246/2072 2200/2248/2072 2217/2276/2072 2216/2275/2072
f 2200/2248/2073 2201/2250/2073 2218/2277/2073 2217/2276/2073
f 2201/2250/2074 2202/2252/2074 2219/2278/2074 2218/2277/2074
f 2202/2252/2075 2203/2254/2075 2220/2279/2075 2219/2278/2075
f 2203/2254/2076 2204/2256/2076 2221/2280/2076 2220/2279/2076
f 2204/2256/2077 2205/2258/2077 2222/2281/2077 2221/2280/2077
f 2205/2258/2078 2206/2260/2078 2223/2282/2078 2222/2281/2078
f 2206/2260/2079 2207/2262/2079 2224/2283/2079 2223/2282/2079
f 2207/2262/2080 2208/2264/2080 2225/2284/2080 2224/2283/2080
f 2208/2264/2081 2209/2266/2081 2226/2285/2081 2225/2284/2081
f 2209/2266/2082 2210/2268/2082 2227/2286/2082 2226/2285/2082
f 2210/2268/2083 2211/2270/2083 2228/2287/2083 2227/2286/2083
f 2211/2270/2084 2212/2272/2084 2229/2288/2084 2228/2287/2084
f 2212/2272/2085 2213/1954/2085 2230/1956/2085 2229/2288/2085
f 2214/2274/2086 2215/2273/2086 2232/2289/2086 2231/2290/2086
f 2215/2273/2087 2216/2275/2087 2233/2291/2087 2232/2289/2087
f 2216/2275/2088 2217/2276/2088 2234/2292/2088 2233/2291/2088
f 2217/2276/2089 2218/2277/2089 2235/2293/2089 2234/2292/2089
f 2218/2277/2090 2219/2278/2090 2236/2294/2090 2235/2293/2090
f 2219/2278/2091 2220/2279/2091 2237/2295/2091 2236/2294/2091
f 2220/2279/2092 2221/2280/2092 2238/2296/2092 2237/2295/2092
f 2221/2280/2093 2222/2281/2093 2239/2297/2093 2238/2296/2093
f 2222/2281/2094 2223/2282/2094 2240/2298/2094 2239/2297/2094
f 2223/2282/2095 2224/2283/2095 2241/2299/2095 2240/2298/2095
f 2224/2283/2096 2225/2284/2096 2242/2300/2096 2241/2299/2096
f 2225/2284/2097 2226/2285/2097 2243/2301/2097 2242/2300/2097
f 2226/2285/2098 2227/2286/2098 2244/2302/2098 2243/2301/2098
f 2227/2286/2099 2228/2287/2099 2245/2303/2099 2244/2302/2099
f 2228/2287/2100 2229/2288/2100 2246/2304/2100 2245/2303/2100
f 2229/2288/2101 2230/1956/2101 2247/1957/2101 2246/2304/2101
f 2231/2290/2102 2232/2289/2102 2249/2305/2102 2248/2306/2102
f 2232/2289/2103 2233/2291/2103 2250/2307/2103 2249/2305/2103
f 2233/2291/2104 2234/2292/2104 2251/2308/2104 2250/2307/2104
f 2234/2292/2105 2235/2293/2105 2252/2309/2105 2251/2308/2105
f 2235/2293/2106 2236/2294/2106 2253/2310/2106 2252/2309/2106
f 2236/2294/2107 2237/2295/2107 2254/2311/2107 2253/2310/2107
f 2237/2295/2108 2238/2296/2108 2255/2312/2108 2254/2311/2108
f 2238/2296/2109 2239/2297/2109 2256/2313/2109 2255/2312/2109
f 2239/2297/2110 2240/2298/2110 2257/2314/2110 2256/2313/2110
f 2240/2298/2111 2241/2299/2111 2258/2315/2111 2257/2314/2111
f 2241/2299/2112 2242/2300/2112 2259/2316/2112 2258/2315/2112
f 2242/2300/2113 2243/2301/2113 2260/2317/2113 2259/2316/2113
f 2243/2301/2114 2244/2302/2114 2261/2318/2114 2260/2317/2114
f 2244/2302/2115 2245/2303/2115 2262/2319/2115 2261/2318/2115
f 2245/2303/2116 2246/2304/2116 2263/2320/2116 2262/2319/2116
f 2246/2304/2117 2247/1957/2117 2264/1958/2117 2263/2320/2117
f 2248/2306/2118 2249/2305/2118 2266/2321/2118 2265/2322/2118
f 2249/2305/2119 2250/2307/2119 2267/2323/2119 2266/2321/2119
f 2250/2307/2120 2251/2308/2120 2268/2324/2120 2267/2323/2120
f 2251/2308/2121 2252/2309/2121 2269/2325/2121 2268/2324/2121
f 2252/2309/2122 2253/2310/2122 2270/2326/2122 2269/2325/2122
f 2253/2310/2123 2254/2311/2123 2271/2327/2123 2270/2326/2123
f 2254/2311/2124 2255/2312/2124 2272/2328/2124 2271/2327/2124
f 2255/2312/2125 2256/2313/2125 2273/2329/2125 2272/2328/2125
f 2256/2313/2126 2257/2314/2126 2274/2330/2126 2273/2329/2126
f 2257/2314/2127 2258/2315/2127 2275/2331/2127 2274/2330/2127
f 2258/2315/2128 2259/2316/2128 2276/2332/2128 2275/2331/2128
f 2259/2316/2129 2260/2317/2129 2277/2333/2129 2276/2332/2129
f 2260/2317/2130 2261/2318/2130 2278/2334/2130 2277/2333/2130
f 2261/2318/2131 2262/2319/2131 2279/2335/2131 2278/2334/2131
f 2262/2319/2132 2263/2320/2132 2280/2336/2132 2279/2335/2132
f 2263/2320/2133 2264/1958/2133 2281/1959/2133 2280/2336/2133
f 2265/2322/2134 2266/2321/2134 2283/2337/2134 2282/2338/2134
f 2266/2321/2135 2267/2323/2135 2284/2339/2135 2283/2337/2135
f 2267/2323/2136 2268/2324/2136 2285/2340/2136 2284/2339/2136
f 2268/2324/2137 2269/2325/2137 2286/2341/2137 2285/2340/2137
f 2269/2325/2138 2270/2326/2138 2287/2342/2138 2286/2341/2138
f 2270/2326/2139 2271/2327/2139 2288/2343/2139 2287/2342/2139
f 2271/2327/2140 2272/2328/2140 2289/2344/2140 2288/2343/2140
f 2272/2328/2141 2273/2329/2141 2290/2345/2141 2289/2344/2141
f 2273/2329/2142 2274/2330/2142 2291/2346/2142 2290/2345/2142
f 2274/2330/2143 2275/2331/2143 2292/2347/2143 2291/2346/2143
f 2275/2331/2144 2276/2332/2144 2293/2348/2144 2292/2347/2144
f 2276/2332/2145 2277/2333/2145 2294/2349/2145 2293/2348/2145
f 2277/2333/2146 2278/2334/2146 2295/2350/2146 2294/2349/2146
f 2278/2334/2147 2279/2335/2147 2296/2351/2147 2295/2350/2147
f 2279/2335/2148 2280/2336/2148 2297/2352/2148 2296/2351/2148
f 2280/2336/2149 2281/1959/2149 2298/1960/2149 2297/2352/2149
f 2282/2338/2150 2283/2337/2150 2300/2353/2150 2299/2354/2150
f 2283/2337/2151 2284/2339/2151 2301/2355/2151 2300/2353/2151
f 2284/2339/2152 2285/2340/2152 2302/2356/2152 2301/2355/2152
f 2285/2340/2153 2286/2341/2153 2303/2357/2153 2302/2356/2153
f 2286/2341/2154 2287/2342/2154 2304/2358/2154 2303/2357/2154
f 2287/2342/2155 2288/2343/2155 2305/2359/2155 2304/2358/2155
f 2288/2343/2156 2289/2344/2156 2306/2360/2156 2305/2359/2156
f 2289/2344/2157 2290/2345/2157 2307/2361/2157 2306/2360/2157
f 2290/2345/2158 2291/2346/2158 2308/2362/2158 2307/2361/2158
f 2291/2346/2159 2292/2347/2159 2309/2363/2159 2308/2362/2159
f 2292/2347/2160 2293/2348/2160 2310/2364/2160 2309/2363/2160
f 2293/2348/2161 2294/2349/2161 2311/2365/2161 2310/2364/2161
f 2294/2349/2162 2295/2350/2162 2312/2366/2162 2311/2365/2162
f 2295/2350/2163 2296/2351/2163 2313/2367/2163 2312/2366/2163
f 2296/2351/2164 2297/2352/2164 2314/2368/2164 2313/2367/2164
f 2297/2352/2165 2298/1960/2165 2315/1961/2165 2314/2368/2165
f 2299/2354/2166 2300/2353/2166 2317/2369/2166 2316/2370/2166
f 2300/2353/2167 2301/2355/2167 2318/2371/2167 2317/2369/2167
f 2301/2355/2168 2302/2356/2168 2319/2372/2168 2318/2371/2168
f 2302/2356/2169 2303/2357/2169 2320/2373/2169 2319/2372/2169
f 2303/2357/2170 2304/2358/2170 2321/2374/2170 2320/2373/2170
f 2304/2358/2171 2305/2359/2171 2322/2375/2171 2321/2374/2171
f 2305/2359/2172 2306/2360/2172 2323/2376/2172 2322/2375/2172
f 2306/2360/2173 2307/2361/2173 2324/2377/2173 2323/2376/2173
f 2307/2361/2174 2308/2362/2174 2325/2378/2174 2324/2377/2174
f 2308/2362/2175 2309/2363/2175 2326/2379/2175 2325/2378/2175
f 2309/2363/2176 2310/2364/2176 2327/2380/2176 2326/2379/2176
f 2310/2364/2177 2311/2365/2177 2328/2381/2177 2327/2380/2177
f 2311/2365/2178 2312/2366/2178 2329/2382/2178 2328/2381/2178
f 2312/2366/2179 2313/2367/2179 2330/2383/2179 2329/2382/2179
f 2313/2367/2180 2314/2368/2180 2331/2384/2180 2330/2383/2180
f 2314/2368/2181 2315/1961/2181 2332/1962/2181 2331/2384/2181
f 2316/2370/2182 2317/2369/2182 2334/2385/2182 2333/2386/2182
f 2317/2369/2183 2318/2371/2183 2335/2387/2183 2334/2385/2183
f 2318/2371/2184 2319/2372/2184 2336/2388/2184 2335/2387/2184
f 2319/2372/2185 2320/2373/2185 2337/2389/2185 2336/2388/2185
f 2320/2373/2186 2321/2374/2186 2338/2390/2186 2337/2389/2186
f 2321/2374/2187 2322/2375/2187 2339/2391/2187 2338/2390/2187
f 2322/2375/2188 2323/2376/2188 2340/2392/2188 2339/2391/2188
f 2323/2376/2189 2324/2377/2189 2341/2393/2189 2340/2392/2189
f 2324/2377/2190 2325/2378/2190 2342/2394/2190 2341/2393/2190
f 2325/2378/2191 2326/2379/2191 2343/2395/2191 2342/2394/2191
f 2326/2379/2192 2327/2380/2192 2344/2396/2192 2343/2395/2192
f 2327/2380/2193 2328/2381/2193 2345/2397/2193 2344/2396/2193
f 2328/2381/2194 2329/2382/2194 2346/2398/2194 2345/2397/2194
f 2329/2382/2195 2330/2383/2195 2347/2399/2195 2346/2398/2195
f 2330/2383/2196 2331/2384/2196 2348/2400/2196 2347/2399/2196
f 2331/2384/2197 2332/1962/2197 2349/1963/2197 2348/2400/2197
f 2333/2386/2198 2334/2385/2198 2351/2401/2198 2350/2402/2198
f 2334/2385/2199 2335/2387/2199 2352/2403/2199 2351/2401/2199
f 2335/2387/2200 2336/2388/2200 2353/2404/2200 2352/2403/2200
f 2336/2388/2201 2337/2389/2201 2354/2405/2201 2353/2404/2201
f 2337/2389/2202 2338/2390/2202 2355/2406/2202 2354/2405/2202
f 2338/2390/2203 2339/2391/2203 2356/2407/2203 2355/2406/2203
f 2339/2391/2204 2340/2392/2204 2357/2408/2204 2356/2407/2204
f 2340/2392/2205 2341/2393/2205 2358/2409/2205 2357/2408/2205
f 2341/2393/2206 2342/2394/2206 2359/2410/2206 2358/2409/2206
f 2342/2394/2207 2343/2395/2207 2360/2411/2207 2359/2410/2207
f 2343/2395/2208 2344/2396/2208 2361/2412/2208 2360/2411/2208
f 2344/2396/2209 2345/2397/2209 2362/2413/2209 2361/2412/2209
f 2345/2397/2210 2346/2398/2210 2363/2414/2210 2362/2413/2210
f 2346/2398/2211 2347/2399/2211 2364/2415/2211 2363/2414/2211
f 2347/2399/2212 2348/2400/2212 2365/2416/2212 2364/2415/2212
f 2348/2400/2213 2349/1963/2213 2366/1964/2213 2365/2416/2213
f 2350/2402/2214 2351/2401/2214 2368/2417/2214 2367/2418/2214
f 2351/2401/2215 2352/2403/2215 2369/2419/2215 2368/2417/2215
f 2352/2403/2216 2353/2404/2216 2370/2420/2216 2369/2419/2216
f 2353/2404/2217 2354/2405/2217 2371/2421/2217 2370/2420/2217
f 2354/2405/2218 2355/2406/2218 2372/2422/2218 2371/2421/2218
f 2355/2406/2219 2356/2407/2219 2373/2423/2219 2372/2422/2219
f 2356/2407/2220 2357/2408/2220 2374/2424/2220 2373/2423/2220
f 2357/2408/2221 2358/2409/2221 2375/2425/2221 2374/2424/2221
f 2358/2409/2222 2359/2410/2222 2376/2426/2222 2375/2425/2222
f 2359/2410/2223 2360/2411/2223 2377/2427/2223 2376/2426/2223
f 2360/2411/2224 2361/2412/2224 2378/2428/2224 2377/2427/2224
f 2361/2412/2225 2362/2413/2225 2379/2429/2225 2378/2428/2225
f 2362/2413/2226 2363/2414/2226 2380/2430/2226 2379/2429/2226
f 2363/2414/2227 2364/2415/2227 2381/2431/2227 2380/2430/2227
f 2364/2415/2228 2365/2416/2228 2382/2432/2228 2381/2431/2228
f 2365/2416/2229 2366/1964/2229 2383/1965/2229 2382/2432/2229
f 2367/2418/2230 2368/2417/2230 2385/2433/2230 2384/2434/2230
f 2368/2417/2231 2369/2419/2231 2386/2435/2231 2385/2433/2231
f 2369/2419/2232 2370/2420/2232 2387/2436/2232 2386/2435/2232
f 2370/2420/2233 2371/2421/2233 2388/2437/2233 2387/2436/2233
f 2371/2421/2234 2372/2422/2234 2389/2438/2234 2388/2437/2234
f 2372/2422/2235 2373/2423/2235 2390/2439/2235 2389/2438/2235
f 2373/2423/2236 2374/2424/2236 2391/2440/2236 2390/2439/2236
f 2374/2424/2237 2375/2425/2237 2392/2441/2237 2391/2440/2237
f 2375/2425/2238 2376/2426/2238 2393/2442/2238 2392/2441/2238
f 2376/2426/2239 2377/2427/2239 2394/2443/2239 2393/2442/2239
f 2377/2427/2240 2378/2428/2240 2395/2444/2240 2394/2443/2240
f 2378/2428/2241 2379/2429/2241 2396/2445/2241 2395/2444/2241
f 2379/2429/2242 2380/2430/2242 2397/2446/2242 2396/2445/2242
f 2380/2430/2243 2381/2431/2243 2398/2447/2243 2397/2446/2243
f 2381/2431/2244 2382/2432/2244 2399/2448/2244 2398/2447/2244
f 2382/2432/2245 2383/1965/2245 2400/1966/2245 2399/2448/2245
f 2384/2434/2246 2385/2433/2246 2402/2449/2246 2401/2450/2246
f 2385/2433/2247 2386/2435/2247 2403/2451/2247 2402/2449/2247
f 2386/2435/2248 2387/2436/2248 2404/2452/2248 2403/2451/2248
f 2387/2436/2249 2388/2437/2249 2405/2453/2249 2404/2452/2249
f 2388/2437/2250 2389/2438/2250 2406/2454/2250 2405/2453/2250
f 2389/2438/2251 2390/2439/2251 2407/2455/2251 2406/2454/2251
f 2390/2439/2252 2391/2440/2252 2408/2456/2252 2407/2455/2252
f 2391/2440/2253 2392/2441/2253 2409/2457/2253 2408/2456/2253
f 2392/2441/2254 2393/2442/2254 2410/2458/2254 2409/2457/2254
f 2393/2442/2255 2394/2443/2255 2411/2459/2255 2410/2458/2255
f 2394/2443/2256 2395/2444/2256 2412/2460/2256 2411/2459/2256
f 2395/2444/2257 2396/2445/2257 2413/2461/2257 2412/2460/2257
f 2396/2445/2258 2397/2446/2258 2414/2462/2258 2413/2461/2258
f 2397/2446/2259 2398/2447/2259 2415/2463/2259 2414/2462/2259
f 2398/2447/2260 2399/2448/2260 2416/2464/2260 2415/2463/2260
f 2399/2448/2261 2400/1966/2261 2417/1967/2261 2416/2464/2261
f 2401/2450/2262 2402/2449/2262 2419/2465/2262 2418/2466/2262
f 2402/2449/2263 2403/2451/2263 2420/2467/2263 2419/2465/2263
f 2403/2451/2264 2404/2452/2264 2421/2468/2264 2420/2467/2264
f 2404/2452/2265 2405/2453/2265 2422/2469/2265 2421/2468/2265
f 2405/2453/2266 2406/2454/2266 2423/2470/2266 2422/2469/2266
f 2406/2454/2267 2407/2455/2267 2424/2471/2267 2423/2470/2267
f 2407/2455/2268 2408/2456/2268 2425/2472/2268 2424/2471/2268
f 2408/2456/2269 2409/2457/2269 2426/2473/2269 2425/2472/2269
f 2409/2457/2270 2410/2458/2270 2427/2474/2270 2426/2473/2270
f 2410/2458/2271 2411/2459/2271 2428/2475/2271 2427/2474/2271
f 2411/2459/2272 2412/2460/2272 2429/2476/2272 2428/2475/2272
f 2412/2460/2273 2413/2461/2273 2430/2477/2273 2429/2476/2273
f 2413/2461/2274 2414/2462/2274 2431/2478/2274 2430/2477/2274
f 2414/2462/2275 2415/2463/2275 2432/2479/2275 2431/2478/2275
f 2415/2463/2276 2416/2464/2276 2433/2480/2276 2432/2479/2276
f 2416/2464/2277 2417/1967/2277 2434/1968/2277 2433/2480/2277
f 2418/2466/2278 2419/2465/2278 2436/2481/2278 2435/2482/2278
f 2419/2465/2279 2420/2467/2279 2437/2483/2279 2436/2481/2279
f 2420/2467/2280 2421/2468/2280 2438/2484/2280 2437/2483/2280
f 2421/2468/2281 2422/2469/2281 2439/2485/2281 2438/2484/2281
f 2422/2469/2282 2423/2470/2282 2440/2486/2282 2439/2485/2282
f 2423/2470/2283 2424/2471/2283 2441/2487/2283 2440/2486/2283
f 2424/2471/2284 2425/2472/2284 2442/2488/2284 2441/2487/2284
f 2425/2472/2285 2426/2473/2285 2443/2489/2285 2442/2488/2285
f 2426/2473/2286 2427/2474/2286 2444/2490/2286 2443/2489/2286
f 2427/2474/2287 2428/2475/2287 2445/2491/2287 2444/2490/2287
f 2428/2475/2288 2429/2476/2288 2446/2492/2288 2445/2491/2288
f 2429/2476/2289 2430/2477/2289 2447/2493/2289 2446/2492/2289
f 2430/2477/2290 2431/2478/2290 2448/2494/2290 2447/2493/2290
f 2431/2478/2291 2432/2479/2291 2449/2495/2291 2448/2494/2291
f 2432/2479/2292 2433/2480/2292 2450/2496/2292 2449/2495/2292
f 2433/2480/2293 2434/1968/2293 2451/1969/2293 2450/2496/2293
f 2435/2482/2294 2436/2481/2294 1942/2497/2294 1925/2498/2294
f 2436/2481/2295 2437/2483/2295 1959/2499/2295 1942/2497/2295
f 2437/2483/2296 2438/2484/2296 1976/2500/2296 1959/2499/2296
f 2438/2484/2297 2439/2485/2297 1993/2501/2297 1976/2500/2297
f 2439/2485/2298 2440/2486/2298 2010/2502/2298 1993/2501/2298
f 2440/2486/2299 2441/2487/2299 2027/2503/2299 2010/2502/2299
f 2441/2487/2300 2442/2488/2300 2044/2504/2300 2027/2503/2300
f 2442/2488/2301 2443/2489/2301 2061/2505/2301 2044/2504/2301
f 2443/2489/2302 2444/2490/2302 2078/2506/2302 2061/2505/2302
f 2444/2490/2303 2445/2491/2303 2095/2507/2303 2078/2506/2303
f 2445/2491/2304 2446/2492/2304 2112/2508/2304 2095/2507/2304
f 2446/2492/2305 2447/2493/2305 2129/2509/2305 2112/2508/2305
f 2447/2493/2306 2448/2494/2306 2146/2510/2306 2129/2509/2306
f 2448/2494/2307 2449/2495/2307 2163/2511/2307 2146/2510/2307
f 2449/2495/2308 2450/2496/2308 2180/2512/2308 2163/2511/2308
f 2450/2496/2309 2451/1969/2309 1909/1970/2309 2180/2512/2309
f 2452/20/2310 2455/2513/2310 2472/2514/2310 2471/2515/2310
f 2455/2513/2311 2456/2516/2311 2473/2517/2311 2472/2514/2311
f 2456/2516/2312 2457/2518/2312 2474/2519/2312 2473/2517/2312
f 2457/2518/2313 2458/2520/2313 2475/2521/2313 2474/2519/2313
f 2458/2520/2314 2459/2522/2314 2476/2523/2314 2475/2521/2314
f 2459/2522/2315 2460/2524/2315 2477/2525/2315 2476/2523/2315
f 2460/2524/2316 2461/2526/2316 2478/2527/2316 2477/2525/2316
f 2461/2526/2317 2462/2528/2317 2479/2529/2317 2478/2527/2317
f 2462/2528/2318 2463/2530/2318 2480/2531/2318 2479/2529/2318
f 2463/2530/2319 2464/2532/2319 2481/2533/2319 2480/2531/2319
f 2464/2532/2320 2465/2534/2320 2482/2535/2320 2481/2533/2320
f 2465/2534/2321 2466/2536/2321 2483/2537/2321 2482/2535/2321
f 2466/2536/2322 2467/2538/2322 2484/2539/2322 2483/2537/2322
f 2467/2538/2323 2468/2540/2323 2485/2541/2323 2484/2539/2323
f 2468/2540/2324 2469/2542/2324 2486/2543/2324 2485/2541/2324
f 2469/2542/2325 2470/2544/2325 2487/2545/2325 2486/2543/2325
f 2471/2515/2326 2472/2514/2326 2489/2546/2326 2488/2547/2326
f 2472/2514/2327 2473/2517/2327 2490/2548/2327 2489/2546/2327
f 2473/2517/2328 2474/2519/2328 2491/2549/2328 2490/2548/2328
f 2474/2519/2329 2475/2521/2329 2492/2550/2329 2491/2549/2329
f 2475/2521/2330 2476/2523/2330 2493/2551/2330 2492/2550/2330
f 2476/2523/2331 2477/2525/2331 2494/2552/2331 2493/2551/2331
f 2477/2525/2332 2478/2527/2332 2495/2553/2332 2494/2552/2332
f 2478/2527/2333 2479/2529/2333 2496/2554/2333 2495/2553/2333
f 2479/2529/2334 2480/2531/2334 2497/2555/2334 2496/2554/2334
f 2480/2531/2335 2481/2533/2335 2498/2556/2335 2497/2555/2335
f 2481/2533/2336 2482/2535/2336 2499/2557/2336 2498/2556/2336
f 2482/2535/2337 2483/2537/2337 2500/2558/2337 2499/2557/2337
f 2483/2537/2338 2484/2539/2338 2501/2559/2338 2500/2558/2338
f 2484/2539/2339 2485/2541/2339 2502/2560/2339 2501/2559/2339
f 2485/2541/2340 2486/2543/2340 2503/2561/2340 2502/2560/2340
f 2486/2543/2341 2487/2545/2341 2504/2562/2341 2503/2561/2341
f 2488/2547/2342 2489/2546/2342 2506/2563/2342 2505/2564/2342
f 2489/2546/2343 2490/2548/2343 2507/2565/2343 2506/2563/2343
f 2490/2548/2344 2491/2549/2344 2508/2566/2344 2507/2565/2344
f 2491/2549/2345 2492/2550/2345 2509/2567/2345 2508/2566/2345
f 2492/2550/2346 2493/2551/2346 2510/2568/2346 2509/2567/2346
f 2493/2551/2347 2494/2552/2347 2511/2569/2347 2510/2568/2347
f 2494/2552/2348 2495/2553/2348 2512/2570/2348 2511/2569/2348
f 2495/2553/2349 2496/2554/2349 2513/2571/2349 2512/2570/2349
f 2496/2554/2350 2497/2555/2350 2514/2572/2350 2513/2571/2350
f 2497/2555/2351 2498/2556/2351 2515/2573/2351 2514/2572/2351
f 2498/2556/2352 2499/2557/2352 2516/2574/2352 2515/2573/2352
f 2499/2557/2353 2500/2558/2353 2517/2575/2353 2516/2574/2353
f 2500/2558/2354 2501/2559/2354 2518/2576/2354 2517/2575/2354
f 2501/2559/2355 2502/2560/2355 2519/2577/2355 2518/2576/2355
f 2502/2560/2356 2503/2561/2356 2520/2578/2356 2519/2577/2356
f 2503/2561/2357 2504/2562/2357 2521/2579/2357 2520/2578/2357
f 2505/2564/2358 2506/2563/2358 2523/2580/2358 2522/2581/2358
f 2506/2563/2359 2507/2565/2359 2524/2582/2359 2523/2580/2359
f 2507/2565/2360 2508/2566/2360 2525/2583/2360 2524/2582/2360
f 2508/2566/2361 2509/2567/2361 2526/2584/2361 2525/2583/2361
f 2509/2567/2362 2510/2568/2362 2527/2585/2362 2526/2584/2362
f 2510/2568/2363 2511/2569/2363 2528/2586/2363 2527/2585/2363
f 2511/2569/2364 2512/2570/2364 2529/2587/2364 2528/2586/2364
f 2512/2570/2365 2513/2571/2365 2530/2588/2365 2529/2587/2365
f 2513/2571/2366 2514/2572/2366 2531/2589/2366 2530/2588/2366
f 2514/2572/2367 2515/2573/2367 2532/2590/2367 2531/2589/2367
f 2515/2573/2368 2516/2574/2368 2533/2591/2368 2532/2590/2368
f 2516/2574/2369 2517/2575/2369 2534/2592/2369 2533/2591/2369
f 2517/2575/2370 2518/2576/2370 2535/2593/2370 2534/2592/2370
f 2518/2576/2371 2519/2577/2371 2536/2594/2371 2535/2593/2371
f 2519/2577/2372 2520/2578/2372 2537/2595/2372 2536/2594/2372
f 2520/2578/2373 2521/2579/2373 2538/2596/2373 2537/2595/2373
f 2522/2581/2374 2523/2580/2374 2540/2597/2374 2539/2598/2374
f 2523/2580/2375 2524/2582/2375 2541/2599/2375 2540/2597/2375
f 2524/2582/2376 2525/2583/2376 2542/2600/2376 2541/2599/2376
f 2525/2583/2377 2526/2584/2377 2543/2601/2377 2542/2600/2377
f 2526/2584/2378 2527/2585/2378 2544/2602/2378 2543/2601/2378
f 2527/2585/2379 2528/2586/2379 2545/2603/2379 2544/2602/2379
f 2528/2586/2380 2529/2587/2380 2546/2604/2380 2545/2603/2380
f 2529/2587/2381 2530/2588/2381 2547/2605/2381 2546/2604/2381
f 2530/2588/2382 2531/2589/2382 2548/2606/2382 2547/2605/2382
f 2531/2589/2383 2532/2590/2383 2549/2607/2383 2548/2606/2383
f 2532/2590/2384 2533/2591/2384 2550/2608/2384 2549/2607/2384
f 2533/2591/2385 2534/2592/2385 2551/2609/2385 2550/2608/2385
f 2534/2592/2386 2535/2593/2386 2552/2610/2386 2551/2609/2386
f 2535/2593/2387 2536/2594/2387 2553/2611/2387 2552/2610/2387
f 2536/2594/2388 2537/2595/2388 2554/2612/2388 2553/2611/2388
f 2537/2595/2389 2538/2596/2389 2555/2613/2389 2554/2612/2389
f 2539/2598/2390 2540/2597/2390 2557/2614/2390 2556/2615/2390
f 2540/2597/2391 2541/2599/2391 2558/2616/2391 2557/2614/2391
f 2541/2599/2392 2542/2600/2392 2559/2617/2392 2558/2616/2392
f 2542/2600/2393 2543/2601/2393 2560/2618/2393 2559/2617/2393
f 2543/2601/2394 2544/2602/2394 2561/2619/2394 2560/2618/2394
f 2544/2602/2395 2545/2603/2395 2562/2620/2395 2561/2619/2395
f 2545/2603/2396 2546/2604/2396 2563/2621/2396 2562/2620/2396
f 2546/2604/2397 2547/2605/2397 2564/2622/2397 2563/2621/2397
f 2547/2605/2398 2548/2606/2398 2565/2623/2398 2564/2622/2398
f 2548/2606/2399 2549/2607/2399 2566/2624/2399 2565/2623/2399
f 2549/2607/2400 2550/2608/2400 2567/2625/2400 2566/2624/2400
f 2550/2608/2401 2551/2609/2401 2568/2626/2401 2567/2625/2401
f 2551/2609/2402 2552/2610/2402 2569/2627/2402 2568/2626/2402
f 2552/2610/2403 2553/2611/2403 2570/2628/2403 2569/2627/2403
f 2553/2611/2404 2554/2612/2404 2571/2629/2404 2570/2628/2404
f 2554/2612/2405 2555/2613/2405 2572/2630/2405 2571/2629/2405
f 2556/2615/2406 2557/2614/2406 2574/2631/2406 2573/2632/2406
f 2557/2614/2407 2558/2616/2407 2575/2633/2407 2574/2631/2407
f 2558/2616/2408 2559/2617/2408 2576/2634/2408 2575/2633/2408
f 2559/2617/2409 2560/2618/2409 2577/2635/2409 2576/2634/2409
f 2560/2618/2410 2561/2619/2410 2578/2636/2410 2577/2635/2410
f 2561/2619/2411 2562/2620/2411 2579/2637/2411 2578/2636/2411
f 2562/2620/2412 2563/2621/2412 2580/2638/2412 2579/2637/2412
f 2563/2621/2413 2564/2622/2413 2581/2639/2413 2580/2638/2413
f 2564/2622/2414 2565/2623/2414 2582/2640/2414 2581/2639/2414
f 2565/2623/2415 2566/2624/2415 2583/2641/2415 2582/2640/2415
f 2566/2624/2416 2567/2625/2416 2584/2642/2416 2583/2641/2416
f 2567/2625/2417 2568/2626/2417 2585/2643/2417 2584/2642/2417
f 2568/2626/2418 2569/2627/2418 2586/2644/2418 2585/2643/2418
f 2569/2627/2419 2570/2628/2419 2587/2645/2419 2586/2644/2419
f 2570/2628/2420 2571/2629/2420 2588/2646/2420 2587/2645/2420
f 2571/2629/2421 2572/2630/2421 2589/2647/2421 2588/2646/2421
f 2573/2632/2422 2574/2631/2422 2591/2648/2422 2590/2649/2422
f 2574/2631/2423 2575/2633/2423 2592/2650/2423 2591/2648/2423
f 2575/2633/2424 2576/2634/2424 2593/2651/2424 2592/2650/2424
f 2576/2634/2425 2577/2635/2425 2594/2652/2425 2593/2651/2425
f 2577/2635/2426 2578/2636/2426 2595/2653/2426 2594/2652/2426
f 2578/2636/2427 2579/2637/2427 2596/2654/2427 2595/2653/2427
f 2579/2637/2428 2580/2638/2428 2597/2655/2428 2596/2654/2428
f 2580/2638/2429 2581/2639/2429 2598/2656/2429 2597/2655/2429
f 2581/2639/2430 2582/2640/2430 2599/2657/2430 2598/2656/2430
f 2582/2640/2431 2583/2641/2431 2600/2658/2431 2599/2657/2431
f 2583/2641/2432 2584/2642/2432 2601/2659/2432 2600/2658/2432
f 2584/2642/2433 2585/2643/2433 2602/2660/2433 2601/2659/2433
f 2585/2643/2434 2586/2644/2434 2603/2661/2434 2602/2660/2434
f 2586/2644/2435 2587/2645/2435 2604/2662/2435 2603/2661/2435
f 2587/2645/2436 2588/2646/2436 2605/2663/2436 2604/2662/2436
f 2588/2646/2437 2589/2647/2437 2606/2664/2437 2605/2663/2437
f 2590/2649/2438 2591/2648/2438 2608/2665/2438 2607/2666/2438
f 2591/2648/2439 2592/2650/2439 2609/2667/2439 2608/2665/2439
f 2592/2650/2440 2593/2651/2440 2610/2668/2440 2609/2667/2440
f 2593/2651/2441 2594/2652/2441 2611/2669/2441 2610/2668/2441
f 2594/2652/2442 2595/2653/2442 2612/2670/2442 2611/2669/2442
f 2595/2653/2443 2596/2654/2443 2613/2671/2443 2612/2670/2443
f 2596/2654/2444 2597/2655/2444 2614/2672/2444 2613/2671/2444
f 2597/2655/2445 2598/2656/2445 2615/2673/2445 2614/2672/2445
f 2598/2656/2446 2599/2657/2446 2616/2674/2446 2615/2673/2446
f 2599/2657/2447 2600/2658/2447 2617/2675/2447 2616/2674/2447
f 2600/2658/2448 2601/2659/2448 2618/2676/2448 2617/2675/2448
f 2601/2659/2449 2602/2660/2449 2619/2677/2449 2618/2676/2449
f 2602/2660/2450 2603/2661/2450 2620/2678/2450 2619/2677/2450
f 2603/2661/2451 2604/2662/2451 2621/2679/2451 2620/2678/2451
f 2604/2662/2452 2605/2663/2452 2622/2680/2452 2621/2679/2452
f 2605/2663/2453 2606/2664/2453 2623/2681/2453 2622/2680/2453
f 2607/2666/2454 2608/2665/2454 2625/2682/2454 2624/2683/2454
f 2608/2665/2455 2609/2667/2455 2626/2684/2455 2625/2682/2455
f 2609/2667/2456 2610/2668/2456 2627/2685/2456 2626/2684/2456
f 2610/2668/2457 2611/2669/2457 2628/2686/2457 2627/2685/2457
f 2611/2669/2458 2612/2670/2458 2629/2687/2458 2628/2686/2458
f 2612/2670/2459 2613/2671/2459 2630/2688/2459 2629/2687/2459
f 2613/2671/2460 2614/2672/2460 2631/2689/2460 2630/2688/2460
f 2614/2672/2461 2615/2673/2461 2632/2690/2461 2631/2689/2461
f 2615/2673/2462 2616/2674/2462 2633/2691/2462 2632/2690/2462
f 2616/2674/2463 2617/2675/2463 2634/2692/2463 2633/2691/2463
f 2617/2675/2464 2618/2676/2464 2635/2693/2464 2634/2692/2464
f 2618/2676/2465 2619/2677/2465 2636/2694/2465 2635/2693/2465
f 2619/2677/2466 2620/2678/2466 2637/2695/2466 2636/2694/2466
f 2620/2678/2467 2621/2679/2467 2638/2696/2467 2637/2695/2467
f 2621/2679/2468 2622/2680/2468 2639/2697/2468 2638/2696/2468
f 2622/2680/2469 2623/2681/2469 2640/2698/2469 2639/2697/2469
f 2624/2683/2470 2625/2682/2470 2642/2699/2470 2641/2700/2470
f 2625/2682/2471 2626/2684/2471 2643/2701/2471 2642/2699/2471
f 2626/2684/2472 2627/2685/2472 2644/2702/2472 2643/2701/2472
f 2627/2685/2473 2628/2686/2473 2645/2703/2473 2644/2702/2473
f 2628/2686/2474 2629/2687/2474 2646/2704/2474 2645/2703/2474
f 2629/2687/2475 2630/2688/2475 2647/2705/2475 2646/2704/2475
f 2630/2688/2476 2631/2689/2476 2648/2706/2476 2647/2705/2476
f 2631/2689/2477 2632/2690/2477 2649/2707/2477 2648/2706/2477
f 2632/2690/2478 2633/2691/2478 2650/2708/2478 2649/2707/2478
f 2633/2691/2479 2634/2692/2479 2651/2709/2479 2650/2708/2479
f 2634/2692/2480 2635/2693/2480 2652/2710/2480 2651/2709/2480
f 2635/2693/2481 2636/2694/2481 2653/2711/2481 2652/2710/2481
f 2636/2694/2482 2637/2695/2482 2654/2712/2482 2653/2711/2482
f 2637/2695/2483 2638/2696/2483 2655/2713/2483 2654/2712/2483
f 2638/2696/2484 2639/2697/2484 2656/2714/2484 2655/2713/2484
f 2639/2697/2485 2640/2698/2485 2657/2715/2485 2656/2714/2485
f 2641/2700/2486 2642/2699/2486 2659/2716/2486 2658/2717/2486
f 2642/2699/2487 2643/2701/2487 2660/2718/2487 2659/2716/2487
f 2643/2701/2488 2644/2702/2488 2661/2719/2488 2660/2718/2488
f 2644/2702/2489 2645/2703/2489 2662/2720/2489 2661/2719/2489
f 2645/2703/2490 2646/2704/2490 2663/2721/2490 2662/2720/2490
f 2646/2704/2491 2647/2705/2491 2664/2722/2491 2663/2721/2491
f 2647/2705/2492 2648/2706/2492 2665/2723/2492 2664/2722/2492
f 2648/2706/2493 2649/2707/2493 2666/2724/2493 2665/2723/2493
f 2649/2707/2494 2650/2708/2494 2667/2725/2494 2666/2724/2494
f 2650/2708/2495 2651/2709/2495 2668/2726/2495 2667/2725/2495
f 2651/2709/2496 2652/2710/2496 2669/2727/2496 2668/2726/2496
f 2652/2710/2497 2653/2711/2497 2670/2728/2497 2669/2727/2497
f 2653/2711/2498 2654/2712/2498 2671/2729/2498 2670/2728/2498
f 2654/2712/2499 2655/2713/2499 2672/2730/2499 2671/2729/2499
f 2655/2713/2500 2656/2714/2500 2673/2731/2500 2672/2730/2500
f 2656/2714/2501 2657/2715/2501 2674/2732/2501 2673/2731/2501
f 2658/2717/2502 2659/2716/2502 2676/2733/2502 2675/2734/2502
f 2659/2716/2503 2660/2718/2503 2677/2735/2503 2676/2733/2503
f 2660/2718/2504 2661/2719/2504 2678/2736/2504 2677/2735/2504
f 2661/2719/2505 2662/2720/2505 2679/2737/2505 2678/2736/2505
f 2662/2720/2506 2663/2721/2506 2680/2738/2506 2679/2737/2506
f 2663/2721/2507 2664/2722/2507 2681/2739/2507 2680/2738/2507
f 2664/2722/2508 2665/2723/2508 2682/2740/2508 2681/2739/2508
f 2665/2723/2509 2666/2724/2509 2683/2741/2509 2682/2740/2509
f 2666/2724/2510 2667/2725/2510 2684/2742/2510 2683/2741/2510
f 2667/2725/2511 2668/2726/2511 2685/2743/2511 2684/2742/2511
f 2668/2726/2512 2669/2727/2512 2686/2744/2512 2685/2743/2512
f 2669/2727/2513 2670/2728/2513 2687/2745/2513 2686/2744/2513
f 2670/2728/2514 2671/2729/2514 2688/2746/2514 2687/2745/2514
f 2671/2729/2515 2672/2730/2515 2689/2747/2515 2688/2746/2515
f 2672/2730/2516 2673/2731/2516 2690/2748/2516 2689/2747/2516
f 2673/2731/2517 2674/2732/2517 2691/2749/2517 2690/2748/2517
f 2675/2734/2518 2676/2733/2518 2693/2750/2518 2692/2751/2518
f 2676/2733/2519 2677/2735/2519 2694/2752/2519 2693/2750/2519
f 2677/2735/2520 2678/2736/2520 2695/2753/2520 2694/2752/2520
f 2678/2736/2521 2679/2737/2521 2696/2754/2521 2695/2753/2521
f 2679/2737/2522 2680/2738/2522 2697/2755/2522 2696/2754/2522
f 2680/2738/2523 2681/2739/2523 2698/2756/2523 2697/2755/2523
f 2681/2739/2524 2682/2740/2524 2699/2757/2524 2698/2756/2524
f 2682/2740/2525 2683/2741/2525 2700/2758/2525 2699/2757/2525
f 2683/2741/2526 2684/2742/2526 2701/2759/2526 2700/2758/2526
f 2684/2742/2527 2685/2743/2527 2702/2760/2527 2701/2759/2527
f 2685/2743/2528 2686/2744/2528 2703/2761/2528 2702/2760/2528
f 2686/2744/2529 2687/2745/2529 2704/2762/2529 2703/2761/2529
f 2687/2745/2530 2688/2746/2530 2705/2763/2530 2704/2762/2530
f 2688/2746/2531 2689/2747/2531 2706/2764/2531 2705/2763/2531
f 2689/2747/2532 2690/2748/2532 2707/2765/2532 2706/2764/2532
f 2690/2748/2533 2691/2749/2533 2708/2766/2533 2707/2765/2533
f 2692/2751/2534 2693/2750/2534 2710/2767/2534 2709/2768/2534
f 2693/2750/2535 2694/2752/2535 2711/2769/2535 2710/2767/2535
f 2694/2752/2536 2695/2753/2536 2712/2770/2536 2711/2769/2536
f 2695/2753/2537 2696/2754/2537 2713/2771/2537 2712/2770/2537
f 2696/2754/2538 2697/2755/2538 2714/2772/2538 2713/2771/2538
f 2697/2755/2539 2698/2756/2539 2715/2773/2539 2714/2772/2539
f 2698/2756/2540 2699/2757/2540 2716/2774/2540 2715/2773/2540
f 2699/2757/2541 2700/2758/2541 2717/2775/2541 2716/2774/2541
f 2700/2758/2542 2701/2759/2542 2718/2776/2542 2717/2775/2542
f 2701/2759/2543 2702/2760/2543 2719/2777/2543 2718/2776/2543
f 2702/2760/2544 2703/2761/2544 2720/2778/2544 2719/2777/2544
f 2703/2761/2545 2704/2762/2545 2721/2779/2545 2720/2778/2545
f 2704/2762/2546 2705/2763/2546 2722/2780/2546 2721/2779/2546
f 2705/2763/2547 2706/2764/2547 2723/2781/2547 2722/2780/2547
f 2706/2764/2548 2707/2765/2548 2724/2782/2548 2723/2781/2548
f 2707/2765/2549 2708/2766/2549 2725/2783/2549 2724/2782/2549
f 2709/2768/2550 2710/2767/2550 3030/2784/2550 3013/2785/2550
f 2710/2767/2551 2711/2769/2551 3047/2786/2551 3030/2784/2551
f 2711/2769/2552 2712/2770/2552 3064/2787/2552 3047/2786/2552
f 2712/2770/2553 2713/2771/2553 3081/2788/2553 3064/2787/2553
f 2713/2771/2554 2714/2772/2554 3098/2789/2554 3081/2788/2554
f 2714/2772/2555 2715/2773/2555 3115/2790/2555 3098/2789/2555
f 2715/2773/2556 2716/2774/2556 3132/2791/2556 3115/2790/2556
f 2716/2774/2557 2717/2775/2557 3149/2792/2557 3132/2791/2557
f 2717/2775/2558 2718/2776/2558 3166/2793/2558 3149/2792/2558
f 2718/2776/2559 2719/2777/2559 3183/2794/2559 3166/2793/2559
f 2719/2777/2560 2720/2778/2560 3200/2795/2560 3183/2794/2560
f 2720/2778/2561 2721/2779/2561 3217/2796/2561 3200/2795/2561
f 2721/2779/2562 2722/2780/2562 3234/2797/2562 3217/2796/2562
f 2722/2780/2563 2723/2781/2563 3251/2798/2563 3234/2797/2563
f 2723/2781/2564 2724/2782/2564 3268/2799/2564 3251/2798/2564
f 2724/2782/2565 2725/2783/2565 2726/2800/2565 3268/2799/2565
f 2453/9/2566 2727/2801/2566 2744/2802/2566 2743/2803/2566
f 2727/2801/2567 2728/2804/2567 2745/2805/2567 2744/2802/2567
f 2728/2804/2568 2729/2806/2568 2746/2807/2568 2745/2805/2568
f 2729/2806/2569 2730/2808/2569 2747/2809/2569 2746/2807/2569
f 2730/2808/2570 2731/2810/2570 2748/2811/2570 2747/2809/2570
f 2731/2810/2571 2732/2812/2571 2749/2813/2571 2748/2811/2571
f 2732/2812/2572 2733/2814/2572 2750/2815/2572 2749/2813/2572
f 2733/2814/2573 2734/2816/2573 2751/2817/2573 2750/2815/2573
f 2734/2816/2574 2735/2818/2574 2752/2819/2574 2751/2817/2574
f 2735/2818/2575 2736/2820/2575 2753/2821/2575 2752/2819/2575
f 2736/2820/2576 2737/2822/2576 2754/2823/2576 2753/2821/2576
f 2737/2822/2577 2738/2824/2577 2755/2825/2577 2754/2823/2577
f 2738/2824/2578 2739/2826/2578 2756/2827/2578 2755/2825/2578
f 2739/2826/2579 2740/2828/2579 2757/2829/2579 2756/2827/2579
f 2740/2828/2580 2741/2830/2580 2758/2831/2580 2757/2829/2580
f 2741/2830/2581 2742/2832/2581 2759/2833/2581 2758/2831/2581
f 2743/2803/2582 2744/2802/2582 2761/2834/2582 2760/2835/2582
f 2744/2802/2583 2745/2805/2583 2762/2836/2583 2761/2834/2583
f 2745/2805/2584 2746/2807/2584 2763/2837/2584 2762/2836/2584
f 2746/2807/2585 2747/2809/2585 2764/2838/2585 2763/2837/2585
f 2747/2809/2586 2748/2811/2586 2765/2839/2586 2764/2838/2586
f 2748/2811/2587 2749/2813/2587 2766/2840/2587 2765/2839/2587
f 2749/2813/2588 2750/2815/2588 2767/2841/2588 2766/2840/2588
f 2750/2815/2589 2751/2817/2589 2768/2842/2589 2767/2841/2589
f 2751/2817/2590 2752/2819/2590 2769/2843/2590 2768/2842/2590
f 2752/2819/2591 2753/2821/2591 2770/2844/2591 2769/2843/2591
f 2753/2821/2592 2754/2823/2592 2771/2845/2592 2770/2844/2592
f 2754/2823/2593 2755/2825/2593 2772/2846/2593 2771/2845/2593
f 2755/2825/2594 2756/2827/2594 2773/2847/2594 2772/2846/2594
f 2756/2827/2595 2757/2829/2595 2774/2848/2595 2773/2847/2595
f 2757/2829/2596 2758/2831/2596 2775/2849/2596 2774/2848/2596
f 2758/2831/2597 2759/2833/2597 2776/2850/2597 2775/2849/2597
f 2760/2835/2598 2761/2834/2598 2778/2851/2598 2777/2852/2598
f 2761/2834/2599 2762/2836/2599 2779/2853/2599 2778/2851/2599
f 2762/2836/2600 2763/2837/2600 2780/2854/2600 2779/2853/2600
f 2763/2837/2601 2764/2838/2601 2781/2855/2601 2780/2854/2601
f 2764/2838/2602 2765/2839/2602 2782/2856/2602 2781/2855/2602
f 2765/2839/2603 2766/2840/2603 2783/2857/2603 2782/2856/2603
f 2766/2840/2604 2767/2841/2604 2784/2858/2604 2783/2857/2604
f 2767/2841/2605 2768/2842/2605 2785/2859/2605 2784/2858/2605
f 2768/2842/2606 2769/2843/2606 2786/2860/2606 2785/2859/2606
f 2769/2843/2607 2770/2844/2607 2787/2861/2607 2786/2860/2607
f 2770/2844/2608 2771/2845/2608 2788/2862/2608 2787/2861/2608
f 2771/2845/2609 2772/2846/2609 2789/2863/2609 2788/2862/2609
f 2772/2846/2610 2773/2847/2610 2790/2864/2610 2789/2863/2610
f 2773/2847/2611 2774/2848/2611 2791/2865/2611 2790/2864/2611
f 2774/2848/2612 2775/2849/2612 2792/2866/2612 2791/2865/2612
f 2775/2849/2613 2776/2850/2613 2793/2867/2613 2792/2866/2613
f 2777/2852/2614 2778/2851/2614 2795/2868/2614 2794/2869/2614
f 2778/2851/2615 2779/2853/2615 2796/2870/2615 2795/2868/2615
f 2779/2853/2616 2780/2854/2616 2797/2871/2616 2796/2870/2616
f 2780/2854/2617 2781/2855/2617 2798/2872/2617 2797/2871/2617
f 2781/2855/2618 2782/2856/2618 2799/2873/2618 2798/2872/2618
f 2782/2856/2619 2783/2857/2619 2800/2874/2619 2799/2873/2619
f 2783/2857/2620 2784/2858/2620 2801/2875/2620 2800/2874/2620
f 2784/2858/2621 2785/2859/2621 2802/2876/2621 2801/2875/2621
f 2785/2859/2622 2786/2860/2622 2803/2877/2622 2802/2876/2622
f 2786/2860/2623 2787/2861/2623 2804/2878/2623 2803/2877/2623
f 2787/2861/2624 2788/2862/2624 2805/2879/2624 2804/2878/2624
f 2788/2862/2625 2789/2863/2625 2806/2880/2625 2805/2879/2625
f 2789/2863/2626 2790/2864/2626 2807/2881/2626 2806/2880/2626
f 2790/2864/2627 2791/2865/2627 2808/2882/2627 2807/2881/2627
f 2791/2865/2628 2792/2866/2628 2809/2883/2628 2808/2882/2628
f 2792/2866/2629 2793/2867/2629 2810/2884/2629 2809/2883/2629
f 2794/2869/2630 2795/2868/2630 2812/2885/2630 2811/2886/2630
f 2795/2868/2631 2796/2870/2631 2813/2887/2631 2812/2885/2631
f 2796/2870/2632 2797/2871/2632 2814/2888/2632 2813/2887/2632
f 2797/2871/2633 2798/2872/2633 2815/2889/2633 2814/2888/2633
f 2798/2872/2634 2799/2873/2634 2816/2890/2634 2815/2889/2634
f 2799/2873/2635 2800/2874/2635 2817/2891/2635 2816/2890/2635
f 2800/2874/2636 2801/2875/2636 2818/2892/2636 2817/2891/2636
f 2801/2875/2637 2802/2876/2637 2819/2893/2637 2818/2892/2637
f 2802/2876/2638 2803/2877/2638 2820/2894/2638 2819/2893/2638
f 2803/2877/2639 2804/2878/2639 2821/2895/2639 2820/2894/2639
f 2804/2878/2640 2805/2879/2640 2822/2896/2640 2821/2895/2640
f 2805/2879/2641 2806/2880/2641 2823/2897/2641 2822/2896/2641
f 2806/2880/2642 2807/2881/2642 2824/2898/2642 2823/2897/2642
f 2807/2881/2643 2808/2882/2643 2825/2899/2643 2824/2898/2643
f 2808/2882/2644 2809/2883/2644 2826/2900/2644 2825/2899/2644
f 2809/2883/2645 2810/2884/2645 2827/2901/2645 2826/2900/2645
f 2811/2886/2646 2812/2885/2646 2829/2902/2646 2828/2903/2646
f 2812/2885/2647 2813/2887/2647 2830/2904/2647 2829/2902/2647
f 2813/2887/2648 2814/2888/2648 2831/2905/2648 2830/2904/2648
f 2814/2888/2649 2815/2889/2649 2832/2906/2649 2831/2905/2649
f 2815/2889/2650 2816/2890/2650 2833/2907/2650 2832/2906/2650
f 2816/2890/2651 2817/2891/2651 2834/2908/2651 2833/2907/2651
f 2817/2891/2652 2818/2892/2652 2835/2909/2652 2834/2908/2652
f 2818/2892/2653 2819/2893/2653 2836/2910/2653 2835/2909/2653
f 2819/2893/2654 2820/2894/2654 2837/2911/2654 2836/2910/2654
f 2820/2894/2655 2821/2895/2655 2838/2912/2655 2837/2911/2655
f 2821/2895/2656 2822/2896/2656 2839/2913/2656 2838/2912/2656
f 2822/2896/2657 2823/2897/2657 2840/2914/2657 2839/2913/2657
f 2823/2897/2658 2824/2898/2658 2841/2915/2658 2840/2914/2658
f 2824/2898/2659 2825/2899/2659 2842/2916/2659 2841/2915/2659
f 2825/2899/2660 2826/2900/2660 2843/2917/2660 2842/2916/2660
f 2826/2900/2661 2827/2901/2661 2844/2918/2661 2843/2917/2661
f 2828/2903/2662 2829/2902/2662 2846/2919/2662 2845/2920/2662
f 2829/2902/2663 2830/2904/2663 2847/2921/2663 2846/2919/2663
f 2830/2904/2664 2831/2905/2664 2848/2922/2664 2847/2921/2664
f 2831/2905/2665 2832/2906/2665 2849/2923/2665 2848/2922/2665
f 2832/2906/2666 2833/2907/2666 2850/2924/2666 2849/2923/2666
f 2833/2907/2667 2834/2908/2667 2851/2925/2667 2850/2924/2667
f 2834/2908/2668 2835/2909/2668 2852/2926/2668 2851/2925/2668
f 2835/2909/2669 2836/2910/2669 2853/2927/2669 2852/2926/2669
f 2836/2910/2670 2837/2911/2670 2854/2928/2670 2853/2927/2670
f 2837/2911/2671 2838/2912/2671 2855/2929/2671 2854/2928/2671
f 2838/2912/2672 2839/2913/2672 2856/2930/2672 2855/2929/2672
f 2839/2913/2673 2840/2914/2673 2857/2931/2673 2856/2930/2673
f 2840/2914/2674 2841/2915/2674 2858/2932/2674 2857/2931/2674
f 2841/2915/2675 2842/2916/2675 2859/2933/2675 2858/2932/2675
f 2842/2916/2676 2843/2917/2676 2860/2934/2676 2859/2933/2676
f 2843/2917/2677 2844/2918/2677 2861/2935/2677 2860/2934/2677
f 2845/2920/2678 2846/2919/2678 2863/2936/2678 2862/2937/2678
f 2846/2919/2679 2847/2921/2679 2864/2938/2679 2863/2936/2679
f 2847/2921/2680 2848/2922/2680 2865/2939/2680 2864/2938/2680
f 2848/2922/2681 2849/2923/2681 2866/2940/2681 2865/2939/2681
f 2849/2923/2682 2850/2924/2682 2867/2941/2682 2866/2940/2682
f 2850/2924/2683 2851/2925/2683 2868/2942/2683 2867/2941/2683
f 2851/2925/2684 2852/2926/2684 2869/2943/2684 2868/2942/2684
f 2852/2926/2685 2853/2927/2685 2870/2944/2685 2869/2943/2685
f 2853/2927/2686 2854/2928/2686 2871/2945/2686 2870/2944/2686
f 2854/2928/2687 2855/2929/2687 2872/2946/2687 2871/2945/2687
f 2855/2929/2688 2856/2930/2688 2873/2947/2688 2872/2946/2688
f 2856/2930/2689 2857/2931/2689 2874/2948/2689 2873/2947/2689
f 2857/2931/2690 2858/2932/2690 2875/2949/2690 2874/2948/2690
f 2858/2932/2691 2859/2933/2691 2876/2950/2691 2875/2949/2691
f 2859/2933/2692 2860/2934/2692 2877/2951/2692 2876/2950/2692
f 2860/2934/2693 2861/2935/2693 2878/2952/2693 2877/2951/2693
f 2862/2937/2694 2863/2936/2694 2880/2953/2694 2879/2954/2694
f 2863/2936/2695 2864/2938/2695 2881/2955/2695 2880/2953/2695
f 2864/2938/2696 2865/2939/2696 2882/2956/2696 2881/2955/2696
f 2865/2939/2697 2866/2940/2697 2883/2957/2697 2882/2956/2697
f 2866/2940/2698 2867/2941/2698 2884/2958/2698 2883/2957/2698
f 2867/2941/2699 2868/2942/2699 2885/2959/2699 2884/2958/2699
f 2868/2942/2700 2869/2943/2700 2886/2960/2700 2885/2959/2700
f 2869/2943/2701 2870/2944/2701 2887/2961/2701 2886/2960/2701
f 2870/2944/2702 2871/2945/2702 2888/2962/2702 2887/2961/2702
f 2871/2945/2703 2872/2946/2703 2889/2963/2703 2888/2962/2703
f 2872/2946/2704 2873/2947/2704 2890/2964/2704 2889/2963/2704
f 2873/2947/2705 2874/2948/2705 2891/2965/2705 2890/2964/2705
f 2874/2948/2706 2875/2949/2706 2892/2966/2706 2891/2965/2706
f 2875/2949/2707 2876/2950/2707 2893/2967/2707 2892/2966/2707
f 2876/2950/2708 2877/2951/2708 2894/2968/2708 2893/2967/2708
f 2877/2951/2709 2878/2952/2709 2895/2969/2709 2894/2968/2709
f 2879/2954/2710 2880/2953/2710 2897/2970/2710 2896/2971/2710
f 2880/2953/2711 2881/2955/2711 2898/2972/2711 2897/2970/2711
f 2881/2955/2712 2882/2956/2712 2899/2973/2712 2898/2972/2712
f 2882/2956/2713 2883/2957/2713 2900/2974/2713 2899/2973/2713
f 2883/2957/2714 2884/2958/2714 2901/2975/2714 2900/2974/2714
f 2884/2958/2715 2885/2959/2715 2902/2976/2715 2901/2975/2715
f 2885/2959/2716 2886/2960/2716 2903/2977/2716 2902/2976/2716
f 2886/2960/2717 2887/2961/2717 2904/2978/2717 2903/2977/2717
f 2887/2961/2718 2888/2962/2718 2905/2979/2718 2904/2978/2718
f 2888/2962/2719 2889/2963/2719 2906/2980/2719 2905/2979/2719
f 2889/2963/2720 2890/2964/2720 2907/2981/2720 2906/2980/2720
f 2890/2964/2721 2891/2965/2721 2908/2982/2721 2907/2981/2721
f 2891/2965/2722 2892/2966/2722 2909/2983/2722 2908/2982/2722
f 2892/2966/2723 2893/2967/2723 2910/2984/2723 2909/2983/2723
f 2893/2967/2724 2894/2968/2724 2911/2985/2724 2910/2984/2724
f 2894/2968/2725 2895/2969/2725 2912/2986/2725 2911/2985/2725
f 2896/2971/2726 2897/2970/2726 2914/2987/2726 2913/2988/2726
f 2897/2970/2727 2898/2972/2727 2915/2989/2727 2914/2987/2727
f 2898/2972/2728 2899/2973/2728 2916/2990/2728 2915/2989/2728
f 2899/2973/2729 2900/2974/2729 2917/2991/2729 2916/2990/2729
f 2900/2974/2730 2901/2975/2730 2918/2992/2730 2917/2991/2730
f 2901/2975/2731 2902/2976/2731 2919/2993/2731 2918/2992/2731
f 2902/2976/2732 2903/2977/2732 2920/2994/2732 2919/2993/2732
f 2903/2977/2733 2904/2978/2733 2921/2995/2733 2920/2994/2733
f 2904/2978/2734 2905/2979/2734 2922/2996/2734 2921/2995/2734
f 2905/2979/2735 2906/2980/2735 2923/2997/2735 2922/2996/2735
f 2906/2980/2736 2907/2981/2736 2924/2998/2736 2923/2997/2736
f 2907/2981/2737 2908/2982/2737 2925/2999/2737 2924/2998/2737
f 2908/2982/2738 2909/2983/2738 2926/3000/2738 2925/2999/2738
f 2909/2983/2739 2910/2984/2739 2927/3001/2739 2926/3000/2739
f 2910/2984/2740 2911/2985/2740 2928/3002/2740 2927/3001/2740
f 2911/2985/2741 2912/2986/2741 2929/3003/2741 2928/3002/2741
f 2913/2988/2742 2914/2987/2742 2931/3004/2742 2930/3005/2742
f 2914/2987/2743 2915/2989/2743 2932/3006/2743 2931/3004/2743
f 2915/2989/2744 2916/2990/2744 2933/3007/2744 2932/3006/2744
f 2916/2990/2745 2917/2991/2745 2934/3008/2745 2933/3007/2745
f 2917/2991/2746 2918/2992/2746 2935/3009/2746 2934/3008/2746
f 2918/2992/2747 2919/2993/2747 2936/3010/2747 2935/3009/2747
f 2919/2993/2748 2920/2994/2748 2937/3011/2748 2936/3010/2748
f 2920/2994/2749 2921/2995/2749 2938/3012/2749 2937/3011/2749
f 2921/2995/2750 2922/2996/2750 2939/3013/2750 2938/3012/2750
f 2922/2996/2751 2923/2997/2751 2940/3014/2751 2939/3013/2751
f 2923/2997/2752 2924/2998/2752 2941/3015/2752 2940/3014/2752
f 2924/2998/2753 2925/2999/2753 2942/3016/2753 2941/3015/2753
f 2925/2999/2754 2926/3000/2754 2943/3017/2754 2942/3016/2754
f 2926/3000/2755 2927/3001/2755 2944/3018/2755 2943/3017/2755
f 2927/3001/2756 2928/3002/2756 2945/3019/2756 2944/3018/2756
f 2928/3002/2757 2929/3003/2757 2946/3020/2757 2945/3019/2757
f 2930/3005/2758 2931/3004/2758 2948/3021/2758 2947/3022/2758
f 2931/3004/2759 2932/3006/2759 2949/3023/2759 2948/3021/2759
f 2932/3006/2760 2933/3007/2760 2950/3024/2760 2949/3023/2760
f 2933/3007/2761 2934/3008/2761 2951/3025/2761 2950/3024/2761
f 2934/3008/2762 2935/3009/2762 2952/3026/2762 2951/3025/2762
f 2935/3009/2763 2936/3010/2763 2953/3027/2763 2952/3026/2763
f 2936/3010/2764 2937/3011/2764 2954/3028/2764 2953/3027/2764
f 2937/3011/2765 2938/3012/2765 2955/3029/2765 2954/3028/2765
f 2938/3012/2766 2939/3013/2766 2956/3030/2766 2955/3029/2766
f 2939/3013/2767 2940/3014/2767 2957/3031/2767 2956/3030/2767
f 2940/3014/2768 2941/3015/2768 2958/3032/2768 2957/3031/2768
f 2941/3015/2769 2942/3016/2769 2959/3033/2769 2958/3032/2769
f 2942/3016/2770 2943/3017/2770 2960/3034/2770 2959/3033/2770
f 2943/3017/2771 2944/3018/2771 2961/3035/2771 2960/3034/2771
f 2944/3018/2772 2945/3019/2772 2962/3036/2772 2961/3035/2772
f 2945/3019/2773 2946/3020/2773 2963/3037/2773 2962/3036/2773
f 2947/3022/2774 2948/3021/2774 2965/3038/2774 2964/3039/2774
f 2948/3021/2775 2949/3023/2775 2966/3040/2775 2965/3038/2775
f 2949/3023/2776 2950/3024/2776 2967/3041/2776 2966/3040/2776
f 2950/3024/2777 2951/3025/2777 2968/3042/2777 2967/3041/2777
f 2951/3025/2778 2952/3026/2778 2969/3043/2778 2968/3042/2778
f 2952/3026/2779 2953/3027/2779 2970/3044/2779 2969/3043/2779
f 2953/3027/2780 2954/3028/2780 2971/3045/2780 2970/3044/2780
f 2954/3028/2781 2955/3029/2781 2972/3046/2781 2971/3045/2781
f 2955/3029/2782 2956/3030/2782 2973/3047/2782 2972/3046/2782
f 2956/3030/2783 2957/3031/2783 2974/3048/2783 2973/3047/2783
f 2957/3031/2784 2958/3032/2784 2975/3049/2784 2974/3048/2784
f 2958/3032/2785 2959/3033/2785 2976/3050/2785 2975/3049/2785
f 2959/3033/2786 2960/3034/2786 2977/3051/2786 2976/3050/2786
f 2960/3034/2787 2961/3035/2787 2978/3052/2787 2977/3051/2787
f 2961/3035/2788 2962/3036/2788 2979/3053/2788 2978/3052/2788
f 2962/3036/2789 2963/3037/2789 2980/3054/2789 2979/3053/2789
f 2964/3039/2790 2965/3038/2790 2982/3055/2790 2981/3056/2790
f 2965/3038/2791 2966/3040/2791 2983/3057/2791 2982/3055/2791
f 2966/3040/2792 2967/3041/2792 2984/3058/2792 2983/3057/2792
f 2967/3041/2793 2968/3042/2793 2985/3059/2793 2984/3058/2793
f 2968/3042/2794 2969/3043/2794 2986/3060/2794 2985/3059/2794
f 2969/3043/2795 2970/3044/2795 2987/3061/2795 2986/3060/2795
f 2970/3044/2796 2971/3045/2796 2988/3062/2796 2987/3061/2796
f 2971/3045/2797 2972/3046/2797 2989/3063/2797 2988/3062/2797
f 2972/3046/2798 2973/3047/2798 2990/3064/2798 2989/3063/2798
f 2973/3047/2799 2974/3048/2799 2991/3065/2799 2990/3064/2799
f 2974/3048/2800 2975/3049/2800 2992/3066/2800 2991/3065/2800
f 2975/3049/2801 2976/3050/2801 2993/3067/2801 2992/3066/2801
f 2976/3050/2802 2977/3051/2802 2994/3068/2802 2993/3067/2802
f 2977/3051/2803 2978/3052/2803 2995/3069/2803 2994/3068/2803
f 2978/3052/2804 2979/3053/2804 2996/3070/2804 2995/3069/2804
f 2979/3053/2805 2980/3054/2805 2997/3071/2805 2996/3070/2805
f 2981/3056/2806 2982/3055/2806 2487/2545/2806 2470/2544/2806
f 2982/3055/2807 2983/3057/2807 2504/2562/2807 2487/2545/2807
f 2983/3057/2808 2984/3058/2808 2521/2579/2808 2504/2562/2808
f 2984/3058/2809 2985/3059/2809 2538/2596/2809 2521/2579/2809
f 2985/3059/2810 2986/3060/2810 2555/2613/2810 2538/2596/2810
f 2986/3060/2811 2987/3061/2811 2572/2630/2811 2555/2613/2811
f 2987/3061/2812 2988/3062/2812 2589/2647/2812 2572/2630/2812
f 2988/3062/2813 2989/3063/2813 2606/2664/2813 2589/2647/2813
f 2989/3063/2814 2990/3064/2814 2623/2681/2814 2606/2664/2814
f 2990/3064/2815 2991/3065/2815 2640/2698/2815 2623/2681/2815
f 2991/3065/2816 2992/3066/2816 2657/2715/2816 2640/2698/2816
f 2992/3066/2817 2993/3067/2817 2674/2732/2817 2657/2715/2817
f 2993/3067/2818 2994/3068/2818 2691/2749/2818 2674/2732/2818
f 2994/3068/2819 2995/3069/2819 2708/2766/2819 2691/2749/2819
f 2995/3069/2820 2996/3070/2820 2725/2783/2820 2708/2766/2820
f 2996/3070/2821 2997/3071/2821 2726/2800/2821 2725/2783/2821
f 2454/3/2822 2998/3072/2822 3015/3073/2822 3014/3074/2822
f 2998/3072/2823 2999/3075/2823 3016/3076/2823 3015/3073/2823
f 2999/3075/2824 3000/3077/2824 3017/3078/2824 3016/3076/2824
f 3000/3077/2825 3001/3079/2825 3018/3080/2825 3017/3078/2825
f 3001/3079/2826 3002/3081/2826 3019/3082/2826 3018/3080/2826
f 3002/3081/2827 3003/3083/2827 3020/3084/2827 3019/3082/2827
f 3003/3083/2828 3004/3085/2828 3021/3086/2828 3020/3084/2828
f 3004/3085/2829 3005/3087/2829 3022/3088/2829 3021/3086/2829
f 3005/3087/2830 3006/3089/2830 3023/3090/2830 3022/3088/2830
f 3006/3089/2831 3007/3091/2831 3024/3092/2831 3023/3090/2831
f 3007/3091/2832 3008/3093/2832 3025/3094/2832 3024/3092/2832
f 3008/3093/2833 3009/3095/2833 3026/3096/2833 3025/3094/2833
f 3009/3095/2834 3010/3097/2834 3027/3098/2834 3026/3096/2834
f 3010/3097/2835 3011/3099/2835 3028/3100/2835 3027/3098/2835
f 3011/3099/2836 3012/3101/2836 3029/3102/2836 3028/3100/2836
f 3012/3101/2837 3013/2785/2837 3030/2784/2837 3029/3102/2837
f 3014/3074/2838 3015/3073/2838 3032/3103/2838 3031/3104/2838
f 3015/3073/2839 3016/3076/2839 3033/3105/2839 3032/3103/2839
f 3016/3076/2840 3017/3078/2840 3034/3106/2840 3033/3105/2840
f 3017/3078/2841 3018/3080/2841 3035/3107/2841 3034/3106/2841
f 3018/3080/2842 3019/3082/2842 3036/3108/2842 3035/3107/2842
f 3019/3082/2843 3020/3084/2843 3037/3109/2843 3036/3108/2843
f 3020/3084/2844 3021/3086/2844 3038/3110/2844 3037/3109/2844
f 3021/3086/2845 3022/3088/2845 3039/3111/2845 3038/3110/2845
f 3022/3088/2846 3023/3090/2846 3040/3112/2846 3039/3111/2846
f 3023/3090/2847 3024/3092/2847 3041/3113/2847 3040/3112/2847
f 3024/3092/2848 3025/3094/2848 3042/3114/2848 3041/3113/2848
f 3025/3094/2849 3026/3096/2849 3043/3115/2849 3042/3114/2849
f 3026/3096/2850 3027/3098/2850 3044/3116/2850 3043/3115/2850
f 3027/3098/2851 3028/3100/2851 3045/3117/2851 3044/3116/2851
f 3028/3100/2852 3029/3102/2852 3046/3118/2852 3045/3117/2852
f 3029/3102/2853 3030/2784/2853 3047/2786/2853 3046/3118/2853
f 3031/3104/2854 3032/3103/2854 3049/3119/2854 3048/3120/2854
f 3032/3103/2855 3033/3105/2855 3050/3121/2855 3049/3119/2855
f 3033/3105/2856 3034/3106/2856 3051/3122/2856 3050/3121/2856
f 3034/3106/2857 3035/3107/2857 3052/3123/2857 3051/3122/2857
f 3035/3107/2858 3036/3108/2858 3053/3124/2858 3052/3123/2858
f 3036/3108/2859 3037/3109/2859 3054/3125/2859 3053/3124/2859
f 3037/3109/2860 3038/3110/2860 3055/3126/2860 3054/3125/2860
f 3038/3110/2861 3039/3111/2861 3056/3127/2861 3055/3126/2861
f 3039/3111/2862 3040/3112/2862 3057/3128/2862 3056/3127/2862
f 3040/3112/2863 3041/3113/2863 3058/3129/2863 3057/3128/2863
f 3041/3113/2864 3042/3114/2864 3059/3130/2864 3058/3129/2864
f 3042/3114/2865 3043/3115/2865 3060/3131/2865 3059/3130/2865
f 3043/3115/2866 3044/3116/2866 3061/3132/2866 3060/3131/2866
f 3044/3116/2867 3045/3117/2867 3062/3133/2867 3061/3132/2867
f 3045/3117/2868 3046/3118/2868 3063/3134/2868 3062/3133/2868
f 3046/3118/2869 3047/2786/2869 3064/2787/2869 3063/3134/2869
f 3048/3120/2870 3049/3119/2870 3066/3135/2870 3065/3136/2870
f 3049/3119/2871 3050/3121/2871 3067/3137/2871 3066/3135/2871
f 3050/3121/2872 3051/3122/2872 3068/3138/2872 3067/3137/2872
f 3051/3122/2873 3052/3123/2873 3069/3139/2873 3068/3138/2873
f 3052/3123/2874 3053/3124/2874 3070/3140/2874 3069/3139/2874
f 3053/3124/2875 3054/3125/2875 3071/3141/2875 3070/3140/2875
f 3054/3125/2876 3055/3126/2876 3072/3142/2876 3071/3141/2876
f 3055/3126/2877 3056/3127/2877 3073/3143/2877 3072/3142/2877
f 3056/3127/2878 3057/3128/2878 3074/3144/2878 3073/3143/2878
f 3057/3128/2879 3058/3129/2879 3075/3145/2879 3074/3144/2879
f 3058/3129/2880 3059/3130/2880 3076/3146/2880 3075/3145/2880
f 3059/3130/2881 3060/3131/2881 3077/3147/2881 3076/3146/2881
f 3060/3131/2882 3061/3132/2882 3078/3148/2882 3077/3147/2882
f 3061/3132/2883 3062/3133/2883 3079/3149/2883 3078/3148/2883
f 3062/3133/2884 3063/3134/2884 3080/3150/2884 3079/3149/2884
f 3063/3134/2885 3064/2787/2885 3081/2788/2885 3080/3150/2885
f 3065/3136/2886 3066/3135/2886 3083/3151/2886 3082/3152/2886
f 3066/3135/2887 3067/3137/2887 3084/3153/2887 3083/3151/2887
f 3067/3137/2888 3068/3138/2888 3085/3154/2888 3084/3153/2888
f 3068/3138/2889 3069/3139/2889 3086/3155/2889 3085/3154/2889
f 3069/3139/2890 3070/3140/2890 3087/3156/2890 3086/3155/2890
f 3070/3140/2891 3071/3141/2891 3088/3157/2891 3087/3156/2891
f 3071/3141/2892 3072/3142/2892 3089/3158/2892 3088/3157/2892
f 3072/3142/2893 3073/3143/2893 3090/3159/2893 3089/3158/2893
f 3073/3143/2894 3074/3144/2894 3091/3160/2894 3090/3159/2894
f 3074/3144/2895 3075/3145/2895 3092/3161/2895 3091/3160/2895
f 3075/3145/2896 3076/3146/2896 3093/3162/2896 3092/3161/2896
f 3076/3146/2897 3077/3147/2897 3094/3163/2897 3093/3162/2897
f 3077/3147/2898 3078/3148/2898 3095/3164/2898 3094/3163/2898
f 3078/3148/2899 3079/3149/2899 3096/3165/2899 3095/3164/2899
f 3079/3149/2900 3080/3150/2900 3097/3166/2900 3096/3165/2900
f 3080/3150/2901 3081/2788/2901 3098/2789/2901 3097/3166/2901
f 3082/3152/2902 3083/3151/2902 3100/3167/2902 3099/3168/2902
f 3083/3151/2903 3084/3153/2903 3101/3169/2903 3100/3167/2903
f 3084/3153/2904 3085/3154/2904 3102/3170/2904 3101/3169/2904
f 3085/3154/2905 3086/3155/2905 3103/3171/2905 3102/3170/2905
f 3086/3155/2906 3087/3156/2906 3104/3172/2906 3103/3171/2906
f 3087/3156/2907 3088/3157/2907 3105/3173/2907 3104/3172/2907
f 3088/3157/2908 3089/3158/2908 3106/3174/2908 3105/3173/2908
f 3089/3158/2909 3090/3159/2909 3107/3175/2909 3106/3174/2909
f 3090/3159/2910 3091/3160/2910 3108/3176/2910 3107/3175/2910
f 3091/3160/2911 3092/3161/2911 3109/3177/2911 3108/3176/2911
f 3092/3161/2912 3093/3162/2912 3110/3178/2912 3109/3177/2912
f 3093/3162/2913 3094/3163/2913 3111/3179/2913 3110/3178/2913
f 3094/3163/2914 3095/3164/2914 3112/3180/2914 3111/3179/2914
f 3095/3164/2915 3096/3165/2915 3113/3181/2915 3112/3180/2915
f 3096/3165/2916 3097/3166/2916 3114/3182/2916 3113/3181/2916
f 3097/3166/2917 3098/2789/2917 3115/2790/2917 3114/3182/2917
f 3099/3168/2918 3100/3167/2918 3117/3183/2918 3116/3184/2918
f 3100/3167/2919 3101/3169/2919 3118/3185/2919 3117/3183/2919
f 3101/3169/2920 3102/3170/2920 3119/3186/2920 3118/3185/2920
f 3102/3170/2921 3103/3171/2921 3120/3187/2921 3119/3186/2921
f 3103/3171/2922 3104/3172/2922 3121/3188/2922 3120/3187/2922
f 3104/3172/2923 3105/3173/2923 3122/3189/2923 3121/3188/2923
f 3105/3173/2924 3106/3174/2924 3123/3190/2924 3122/3189/2924
f 3106/3174/2925 3107/3175/2925 3124/3191/2925 3123/3190/2925
f 3107/3175/2926 3108/3176/2926 3125/3192/2926 3124/3191/2926
f 3108/3176/2927 3109/3177/2927 3126/3193/2927 3125/3192/2927
f 3109/3177/2928 3110/3178/2928 3127/3194/2928 3126/3193/2928
f 3110/3178/2929 3111/3179/2929 3128/3195/2929 3127/3194/2929
f 3111/3179/2930 3112/3180/2930 3129/3196/2930 3128/3195/2930
f 3112/3180/2931 3113/3181/2931 3130/3197/2931 3129/3196/2931
f 3113/3181/2932 3114/3182/2932 3131/3198/2932 3130/3197/2932
f 3114/3182/2933 3115/2790/2933 3132/2791/2933 3131/3198/2933
f 3116/3184/2934 3117/3183/2934 3134/3199/2934 3133/3200/2934
f 3117/3183/2935 3118/3185/2935 3135/3201/2935 3134/3199/2935
f 3118/3185/2936 3119/3186/2936 3136/3202/2936 3135/3201/2936
f 3119/3186/2937 3120/3187/2937 3137/3203/2937 3136/3202/2937
f 3120/3187/2938 3121/3188/2938 3138/3204/2938 3137/3203/2938
f 3121/3188/2939 3122/3189/2939 3139/3205/2939 3138/3204/2939
f 3122/3189/2940 3123/3190/2940 3140/3206/2940 3139/3205/2940
f 3123/3190/2941 3124/3191/2941 3141/3207/2941 3140/3206/2941
f 3124/3191/2942 3125/3192/2942 3142/3208/2942 3141/3207/2942
f 3125/3192/2943 3126/3193/2943 3143/3209/2943 3142/3208/2943
f 3126/3193/2944 3127/3194/2944 3144/3210/2944 3143/3209/2944
f 3127/3194/2945 3128/3195/2945 3145/3211/2945 3144/3210/2945
f 3128/3195/2946 3129/3196/2946 3146/3212/2946 3145/3211/2946
f 3129/3196/2947 3130/3197/2947 3147/3213/2947 3146/3212/2947
f 3130/3197/2948 3131/3198/2948 3148/3214/2948 3147/3213/2948
f 3131/3198/2949 3132/2791/2949 3149/2792/2949 3148/3214/2949
f 3133/3200/2950 3134/3199/2950 3151/3215/2950 3150/3216/2950
f 3134/3199/2951 3135/3201/2951 3152/3217/2951 3151/3215/2951
f 3135/3201/2952 3136/3202/2952 3153/3218/2952 3152/3217/2952
f 3136/3202/2953 3137/3203/2953 3154/3219/2953 3153/3218/2953
f 3137/3203/2954 3138/3204/2954 3155/3220/2954 3154/3219/2954
f 3138/3204/2955 3139/3205/2955 3156/3221/2955 3155/3220/2955
f 3139/3205/2956 3140/3206/2956 3157/3222/2956 3156/3221/2956
f 3140/3206/2957 3141/3207/2957 3158/3223/2957 3157/3222/2957
f 3141/3207/2958 3142/3208/2958 3159/3224/2958 3158/3223/2958
f 3142/3208/2959 3143/3209/2959 3160/3225/2959 3159/3224/2959
f 3143/3209/2960 3144/3210/2960 3161/3226/2960 3160/3225/2960
f 3144/3210/2961 3145/3211/2961 3162/3227/2961 3161/3226/2961
f 3145/3211/2962 3146/3212/2962 3163/3228/2962 3162/3227/2962
f 3146/3212/2963 3147/3213/2963 3164/3229/2963 3163/3228/2963
f 3147/3213/2964 3148/3214/2964 3165/3230/2964 3164/3229/2964
f 3148/3214/2965 3149/2792/2965 3166/2793/2965 3165/3230/2965
f 3150/3216/2966 3151/3215/2966 3168/3231/2966 3167/3232/2966
f 3151/3215/2967 3152/3217/2967 3169/3233/2967 3168/3231/2967
f 3152/3217/2968 3153/3218/2968 3170/3234/2968 3169/3233/2968
f 3153/3218/2969 3154/3219/2969 3171/3235/2969 3170/3234/2969
f 3154/3219/2970 3155/3220/2970 3172/3236/2970 3171/3235/2970
f 3155/3220/2971 3156/3221/2971 3173/3237/2971 3172/3236/2971
f 3156/3221/2972 3157/3222/2972 3174/3238/2972 3173/3237/2972
f 3157/3222/2973 3158/3223/2973 3175/3239/2973 3174/3238/2973
f 3158/3223/2974 3159/3224/2974 3176/3240/2974 3175/3239/2974
f 3159/3224/2975 3160/3225/2975 3177/3241/2975 3176/3240/2975
f 3160/3225/2976 3161/3226/2976 3178/3242/2976 3177/3241/2976
f 3161/3226/2977 3162/3227/2977 3179/3243/2977 3178/3242/2977
f 3162/3227/2978 3163/3228/2978 3180/3244/2978 3179/3243/2978
f 3163/3228/2979 3164/3229/2979 3181/3245/2979 3180/3244/2979
f 3164/3229/2980 3165/3230/2980 3182/3246/2980 3181/3245/2980
f 3165/3230/2981 3166/2793/2981 3183/2794/2981 3182/3246/2981
f 3167/3232/2982 3168/3231/2982 3185/3247/2982 3184/3248/2982
f 3168/3231/2983 3169/3233/2983 3186/3249/2983 3185/3247/2983
f 3169/3233/2984 3170/3234/2984 3187/3250/2984 3186/3249/2984
f 3170/3234/2985 3171/3235/2985 3188/3251/2985 3187/3250/2985
f 3171/3235/2986 3172/3236/2986 3189/3252/2986 3188/3251/2986
f 3172/3236/2987 3173/3237/2987 3190/3253/2987 3189/3252/2987
f 3173/3237/2988 3174/3238/2988 3191/3254/2988 3190/3253/2988
f 3174/3238/2989 3175/3239/2989 3192/3255/2989 3191/3254/2989
f 3175/3239/2990 3176/3240/2990 3193/3256/2990 3192/3255/2990
f 3176/3240/2991 3177/3241/2991 3194/3257/2991 3193/3256/2991
f 3177/3241/2992 3178/3242/2992 3195/3258/2992 3194/3257/2992
f 3178/3242/2993 3179/3243/2993 3196/3259/2993 3195/3258/2993
f 3179/3243/2994 3180/3244/2994 3197/3260/2994 3196/3259/2994
f 3180/3244/2995 3181/3245/2995 3198/3261/2995 3197/3260/2995
f 3181/3245/2996 3182/3246/2996 3199/3262/2996 3198/3261/2996
f 3182/3246/2997 3183/2794/2997 3200/2795/2997 3199/3262/2997
f 3184/3248/2998 3185/3247/2998 3202/3263/2998 3201/3264/2998
f 3185/3247/2999 3186/3249/2999 3203/3265/2999 3202/3263/2999
f 3186/3249/3000 3187/3250/3000 3204/3266/3000 3203/3265/3000
f 3187/3250/3001 3188/3251/3001 3205/3267/3001 3204/3266/3001
f 3188/3251/3002 3189/3252/3002 3206/3268/3002 3205/3267/3002
f 3189/3252/3003 3190/3253/3003 3207/3269/3003 3206/3268/3003
f 3190/3253/3004 3191/3254/3004 3208/3270/3004 3207/3269/3004
f 3191/3254/3005 3192/3255/3005 3209/3271/3005 3208/3270/3005
f 3192/3255/3006 3193/3256/3006 3210/3272/3006 3209/3271/3006
f 3193/3256/3007 3194/3257/3007 3211/3273/3007 3210/3272/3007
f 3194/3257/3008 3195/3258/3008 3212/3274/3008 3211/3273/3008
f 3195/3258/3009 3196/3259/3009 3213/3275/3009 3212/3274/3009
f 3196/3259/3010 3197/3260/3010 3214/3276/3010 3213/3275/3010
f 3197/3260/3011 3198/3261/3011 3215/3277/3011 3214/3276/3011
f 3198/3261/3012 3199/3262/3012 3216/3278/3012 3215/3277/3012
f 3199/3262/3013 3200/2795/3013 3217/2796/3013 3216/3278/3013
f 3201/3264/3014 3202/3263/3014 3219/3279/3014 3218/3280/3014
f 3202/3263/3015 3203/3265/3015 3220/3281/3015 3219/3279/3015
f 3203/3265/3016 3204/3266/3016 3221/3282/3016 3220/3281/3016
f 3204/3266/3017 3205/3267/3017 3222/3283/3017 3221/3282/3017
f 3205/3267/3018 3206/3268/3018 3223/3284/3018 3222/3283/3018
f 3206/3268/3019 3207/3269/3019 3224/3285/3019 3223/3284/3019
f 3207/3269/3020 3208/3270/3020 3225/3286/3020 3224/3285/3020
f 3208/3270/3021 3209/3271/3021 3226/3287/3021 3225/3286/3021
f 3209/3271/3022 3210/3272/3022 3227/3288/3022 3226/3287/3022
f 3210/3272/3023 3211/3273/3023 3228/3289/3023 3227/3288/3023
f 3211/3273/3024 3212/3274/3024 3229/3290/3024 3228/3289/3024
f 3212/3274/3025 3213/3275/3025 3230/3291/3025 3229/3290/3025
f 3213/3275/3026 3214/3276/3026 3231/3292/3026 3230/3291/3026
f 3214/3276/3027 3215/3277/3027 3232/3293/3027 3231/3292/3027
f 3215/3277/3028 3216/3278/3028 3233/3294/3028 3232/3293/3028
f 3216/3278/3029 3217/2796/3029 3234/2797/3029 3233/3294/3029
f 3218/3280/3030 3219/3279/3030 3236/3295/3030 3235/3296/3030
f 3219/3279/3031 3220/3281/3031 3237/3297/3031 3236/3295/3031
f 3220/3281/3032 3221/3282/3032 3238/3298/3032 3237/3297/3032
f 3221/3282/3033 3222/3283/3033 3239/3299/3033 3238/3298/3033
f 3222/3283/3034 3223/3284/3034 3240/3300/3034 3239/3299/3034
f 3223/3284/3035 3224/3285/3035 3241/3301/3035 3240/3300/3035
f 3224/3285/3036 3225/3286/3036 3242/3302/3036 3241/3301/3036
f 3225/3286/3037 3226/3287/3037 3243/3303/3037 3242/3302/3037
f 3226/3287/3038 3227/3288/3038 3244/3304/3038 3243/3303/3038
f 3227/3288/3039 3228/3289/3039 3245/3305/3039 3244/3304/3039
f 3228/3289/3040 3229/3290/3040 3246/3306/3040 3245/3305/3040
f 3229/3290/3041 3230/3291/3041 3247/3307/3041 3246/3306/3041
f 3230/3291/3042 3231/3292/3042 3248/3308/3042 3247/3307/3042
f 3231/3292/3043 3232/3293/3043 3249/3309/3043 3248/3308/3043
f 3232/3293/3044 3233/3294/3044 3250/3310/3044 3249/3309/3044
f 3233/3294/3045 3234/2797/3045 3251/2798/3045 3250/3310/3045
f 3235/3296/3046 3236/3295/3046 3253/3311/3046 3252/3312/3046
f 3236/3295/3047 3237/3297/3047 3254/3313/3047 3253/3311/3047
f 3237/3297/3048 3238/3298/3048 3255/3314/3048 3254/3313/3048
f 3238/3298/3049 3239/3299/3049 3256/3315/3049 3255/3314/3049
f 3239/3299/3050 3240/3300/3050 3257/3316/3050 3256/3315/3050
f 3240/3300/3051 3241/3301/3051 3258/3317/3051 3257/3316/3051
f 3241/3301/3052 3242/3302/3052 3259/3318/3052 3258/3317/3052
f 3242/3302/3053 3243/3303/3053 3260/3319/3053 3259/3318/3053
f 3243/3303/3054 3244/3304/3054 3261/3320/3054 3260/3319/3054
f 3244/3304/3055 3245/3305/3055 3262/3321/3055 3261/3320/3055
f 3245/3305/3056 3246/3306/3056 3263/3322/3056 3262/3321/3056
f 3246/3306/3057 3247/3307/3057 3264/3323/3057 3263/3322/3057
f 3247/3307/3058 3248/3308/3058 3265/3324/3058 3264/3323/3058
f 3248/3308/3059 3249/3309/3059 3266/3325/3059 3265/3324/3059
f 3249/3309/3060 3250/3310/3060 3267/3326/3060 3266/3325/3060
f 3250/3310/3061 3251/2798/3061 3268/2799/3061 3267/3326/3061
f 3252/3312/3062 3253/3311/3062 2759/3327/3062 2742/3328/3062
f 3253/3311/3063 3254/3313/3063 2776/3329/3063 2759/3327/3063
f 3254/3313/3064 3255/3314/3064 2793/3330/3064 2776/3329/3064
f 3255/3314/3065 3256/3315/3065 2810/3331/3065 2793/3330/3065
f 3256/3315/3066 3257/3316/3066 2827/3332/3066 2810/3331/3066
f 3257/3316/3067 3258/3317/3067 2844/3333/3067 2827/3332/3067
f 3258/3317/3068 3259/3318/3068 2861/3334/3068 2844/3333/3068
f 3259/3318/3069 3260/3319/3069 2878/3335/3069 2861/3334/3069
f 3260/3319/3070 3261/3320/3070 2895/3336/3070 2878/3335/3070
f 3261/3320/3071 3262/3321/3071 2912/3337/3071 2895/3336/3071
f 3262/3321/3072 3263/3322/3072 2929/3338/3072 2912/3337/3072
f 3263/3322/3073 3264/3323/3073 2946/3339/3073 2929/3338/3073
f 3264/3323/3074 3265/3324/3074 2963/3340/3074 2946/3339/3074
f 3265/3324/3075 3266/3325/3075 2980/3341/3075 2963/3340/3075
f 3266/3325/3076 3267/3326/3076 2997/3342/3076 2980/3341/3076
f 3267/3326/3077 3268/2799/3077 2726/2800/3077 2997/3342/3077
f 3269/3343/3078 3272/3344/3078 3289/3345/3078 3288/3346/3078
f 3272/3344/3079 3273/3347/3079 3290/3348/3079 3289/3345/3079
f 3273/3347/3080 3274/3349/3080 3291/3350/3080 3290/3348/3080
f 3274/3349/3081 3275/3351/3081 3292/3352/3081 3291/3350/3081
f 3275/3351/3082 3276/3353/3082 3293/3354/3082 3292/3352/3082
f 3276/3353/3083 3277/3355/3083 3294/3356/3083 3293/3354/3083
f 3277/3355/3084 3278/3357/3084 3295/3358/3084 3294/3356/3084
f 3278/3357/3085 3279/3359/3085 3296/3360/3085 3295/3358/3085
f 3279/3359/3086 3280/3361/3086 3297/3362/3086 3296/3360/3086
f 3280/3361/3087 3281/3363/3087 3298/3364/3087 3297/3362/3087
f 3281/3363/3088 3282/3365/3088 3299/3366/3088 3298/3364/3088
f 3282/3365/3089 3283/3367/3089 3300/3368/3089 3299/3366/3089
f 3283/3367/3090 3284/3369/3090 3301/3370/3090 3300/3368/3090
f 3284/3369/3091 3285/3371/3091 3302/3372/3091 3301/3370/3091
f 3285/3371/3092 3286/3373/3092 3303/3374/3092 3302/3372/3092
f 3286/3373/3093 3287/3375/3093 3304/3376/3093 3303/3374/3093
f 3288/3346/3094 3289/3345/3094 3306/3377/3094 3305/3378/3094
f 3289/3345/3095 3290/3348/3095 3307/3379/3095 3306/3377/3095
f 3290/3348/3096 3291/3350/3096 3308/3380/3096 3307/3379/3096
f 3291/3350/3097 3292/3352/3097 3309/3381/3097 3308/3380/3097
f 3292/3352/3098 3293/3354/3098 3310/3382/3098 3309/3381/3098
f 3293/3354/3099 3294/3356/3099 3311/3383/3099 3310/3382/3099
f 3294/3356/3100 3295/3358/3100 3312/3384/3100 3311/3383/3100
f 3295/3358/3101 3296/3360/3101 3313/3385/3101 3312/3384/3101
f 3296/3360/3102 3297/3362/3102 3314/3386/3102 3313/3385/3102
f 3297/3362/3103 3298/3364/3103 3315/3387/3103 3314/3386/3103
f 3298/3364/3104 3299/3366/3104 3316/3388/3104 3315/3387/3104
f 3299/3366/3105 3300/3368/3105 3317/3389/3105 3316/3388/3105
f 3300/3368/3106 3301/3370/3106 3318/3390/3106 3317/3389/3106
f 3301/3370/3107 3302/3372/3107 3319/3391/3107 3318/3390/3107
f 3302/3372/3108 3303/3374/3108 3320/3392/3108 3319/3391/3108
f 3303/3374/3109 3304/3376/3109 3321/3393/3109 3320/3392/3109
f 3305/3378/3110 3306/3377/3110 3323/3394/3110 3322/3395/3110
f 3306/3377/3111 3307/3379/3111 3324/3396/3111 3323/3394/3111
f 3307/3379/3112 3308/3380/3112 3325/3397/3112 3324/3396/3112
f 3308/3380/3113 3309/3381/3113 3326/3398/3113 3325/3397/3113
f 3309/3381/3114 3310/3382/3114 3327/3399/3114 3326/3398/3114
f 3310/3382/3115 3311/3383/3115 3328/3400/3115 3327/3399/3115
f 3311/3383/3116 3312/3384/3116 3329/3401/3116 3328/3400/3116
f 3312/3384/3117 3313/3385/3117 3330/3402/3117 3329/3401/3117
f 3313/3385/3118 3314/3386/3118 3331/3403/3118 3330/3402/3118
f 3314/3386/3119 3315/3387/3119 3332/3404/3119 3331/3403/3119
f 3315/3387/3120 3316/3388/3120 3333/3405/3120 3332/3404/3120
f 3316/3388/3121 3317/3389/3121 3334/3406/3121 3333/3405/3121
f 3317/3389/3122 3318/3390/3122 3335/3407/3122 3334/3406/3122
f 3318/3390/3123 3319/3391/3123 3336/3408/3123 3335/3407/3123
f 3319/3391/3124 3320/3392/3124 3337/3409/3124 3336/3408/3124
f 3320/3392/3125 3321/3393/3125 3338/3410/3125 3337/3409/3125
f 3322/3395/3126 3323/3394/3126 3340/3411/3126 3339/3412/3126
f 3323/3394/3127 3324/3396/3127 3341/3413/3127 3340/3411/3127
f 3324/3396/3128 3325/3397/3128 3342/3414/3128 3341/3413/3128
f 3325/3397/3129 3326/3398/3129 3343/3415/3129 3342/3414/3129
f 3326/3398/3130 3327/3399/3130 3344/3416/3130 3343/3415/3130
f 3327/3399/3131 3328/3400/3131 3345/3417/3131 3344/3416/3131
f 3328/3400/3132 3329/3401/3132 3346/3418/3132 3345/3417/3132
f 3329/3401/3133 3330/3402/3133 3347/3419/3133 3346/3418/3133
f 3330/3402/3134 3331/3403/3134 3348/3420/3134 3347/3419/3134
f 3331/3403/3135 3332/3404/3135 3349/3421/3135 3348/3420/3135
f 3332/3404/3136 3333/3405/3136 3350/3422/3136 3349/3421/3136
f 3333/3405/3137 3334/3406/3137 3351/3423/3137 3350/3422/3137
f 3334/3406/3138 3335/3407/3138 3352/3424/3138 3351/3423/3138
f 3335/3407/3139 3336/3408/3139 3353/3425/3139 3352/3424/3139
f 3336/3408/3140 3337/3409/3140 3354/3426/3140 3353/3425/3140
f 3337/3409/3141 3338/3410/3141 3355/3427/3141 3354/3426/3141
f 3339/3412/3142 3340/3411/3142 3357/3428/3142 3356/3429/3142
f 3340/3411/3143 3341/3413/3143 3358/3430/3143 3357/3428/3143
f 3341/3413/3144 3342/3414/3144 3359/3431/3144 3358/3430/3144
f 3342/3414/3145 3343/3415/3145 3360/3432/3145 3359/3431/3145
f 3343/3415/3146 3344/3416/3146 3361/3433/3146 3360/3432/3146
f 3344/3416/3147 3345/3417/3147 3362/3434/3147 3361/3433/3147
f 3345/3417/3148 3346/3418/3148 3363/3435/3148 3362/3434/3148
f 3346/3418/3149 3347/3419/3149 3364/3436/3149 3363/3435/3149
f 3347/3419/3150 3348/3420/3150 3365/3437/3150 3364/3436/3150
f 3348/3420/3151 3349/3421/3151 3366/3438/3151 3365/3437/3151
f 3349/3421/3152 3350/3422/3152 3367/3439/3152 3366/3438/3152
f 3350/3422/3153 3351/3423/3153 3368/3440/3153 3367/3439/3153
f 3351/3423/3154 3352/3424/3154 3369/3441/3154 3368/3440/3154
f 3352/3424/3155 3353/3425/3155 3370/3442/3155 3369/3441/3155
f 3353/3425/3156 3354/3426/3156 3371/3443/3156 3370/3442/3156
f 3354/3426/3157 3355/3427/3157 3372/3444/3157 3371/3443/3157
f 3356/3429/3158 3357/3428/3158 3374/3445/3158 3373/3446/3158
f 3357/3428/3159 3358/3430/3159 3375/3447/3159 3374/3445/3159
f 3358/3430/3160 3359/3431/3160 3376/3448/3160 3375/3447/3160
f 3359/3431/3161 3360/3432/3161 3377/3449/3161 3376/3448/3161
f 3360/3432/3162 3361/3433/3162 3378/3450/3162 3377/3449/3162
f 3361/3433/3163 3362/3434/3163 3379/3451/3163 3378/3450/3163
f 3362/3434/3164 3363/3435/3164 3380/3452/3164 3379/3451/3164
f 3363/3435/3165 3364/3436/3165 3381/3453/3165 3380/3452/3165
f 3364/3436/3166 3365/3437/3166 3382/3454/3166 3381/3453/3166
f 3365/3437/3167 3366/3438/3167 3383/3455/3167 3382/3454/3167
f 3366/3438/3168 3367/3439/3168 3384/3456/3168 3383/3455/3168
f 3367/3439/3169 3368/3440/3169 3385/3457/3169 3384/3456/3169
f 3368/3440/3170 3369/3441/3170 3386/3458/3170 3385/3457/3170
f 3369/3441/3171 3370/3442/3171 3387/3459/3171 3386/3458/3171
f 3370/3442/3172 3371/3443/3172 3388/3460/3172 3387/3459/3172
f 3371/3443/3173 3372/3444/3173 3389/3461/3173 3388/3460/3173
f 3373/3446/3174 3374/3445/3174 3391/3462/3174 3390/3463/3174
f 3374/3445/3175 3375/3447/3175 3392/3464/3175 3391/3462/3175
f 3375/3447/3176 3376/3448/3176 3393/3465/3176 3392/3464/3176
f 3376/3448/3177 3377/3449/3177 3394/3466/3177 3393/3465/3177
f 3377/3449/3178 3378/3450/3178 3395/3467/3178 3394/3466/3178
f 3378/3450/3179 3379/3451/3179 3396/3468/3179 3395/3467/3179
f 3379/3451/3180 3380/3452/3180 3397/3469/3180 3396/3468/3180
f 3380/3452/3181 3381/3453/3181 3398/3470/3181 3397/3469/3181
f 3381/3453/3182 3382/3454/3182 3399/3471/3182 3398/3470/3182
f 3382/3454/3183 3383/3455/3183 3400/3472/3183 3399/3471/3183
f 3383/3455/3184 3384/3456/3184 3401/3473/3184 3400/3472/3184
f 3384/3456/3185 3385/3457/3185 3402/3474/3185 3401/3473/3185
f 3385/3457/3186 3386/3458/3186 3403/3475/3186 3402/3474/3186
f 3386/3458/3187 3387/3459/3187 3404/3476/3187 3403/3475/3187
f 3387/3459/3188 3388/3460/3188 3405/3477/3188 3404/3476/3188
f 3388/3460/3189 3389/3461/3189 3406/3478/3189 3405/3477/3189
f 3390/3463/3190 3391/3462/3190 3408/3479/3190 3407/3480/3190
f 3391/3462/3191 3392/3464/3191 3409/3481/3191 3408/3479/3191
f 3392/3464/3192 3393/3465/3192 3410/3482/3192 3409/3481/3192
f 3393/3465/3193 3394/3466/3193 3411/3483/3193 3410/3482/3193
f 3394/3466/3194 3395/3467/3194 3412/3484/3194 3411/3483/3194
f 3395/3467/3195 3396/3468/3195 3413/3485/3195 3412/3484/3195
f 3396/3468/3196 3397/3469/3196 3414/3486/3196 3413/3485/3196
f 3397/3469/3197 3398/3470/3197 3415/3487/3197 3414/3486/3197
f 3398/3470/3198 3399/3471/3198 3416/3488/3198 3415/3487/3198
f 3399/3471/3199 3400/3472/3199 3417/3489/3199 3416/3488/3199
f 3400/3472/3200 3401/3473/3200 3418/3490/3200 3417/3489/3200
f 3401/3473/3201 3402/3474/3201 3419/3491/3201 3418/3490/3201
f 3402/3474/3202 3403/3475/3202 3420/3492/3202 3419/3491/3202
f 3403/3475/3203 3404/3476/3203 3421/3493/3203 3420/3492/3203
f 3404/3476/3204 3405/3477/3204 3422/3494/3204 3421/3493/3204
f 3405/3477/3205 3406/3478/3205 3423/3495/3205 3422/3494/3205
f 3407/3480/3206 3408/3479/3206 3425/3496/3206 3424/3497/3206
f 3408/3479/3207 3409/3481/3207 3426/3498/3207 3425/3496/3207
f 3409/3481/3208 3410/3482/3208 3427/3499/3208 3426/3498/3208
f 3410/3482/3209 3411/3483/3209 3428/3500/3209 3427/3499/3209
f 3411/3483/3210 3412/3484/3210 3429/3501/3210 3428/3500/3210
f 3412/3484/3211 3413/3485/3211 3430/3502/3211 3429/3501/3211
f 3413/3485/3212 3414/3486/3212 3431/3503/3212 3430/3502/3212
f 3414/3486/3213 3415/3487/3213 3432/3504/3213 3431/3503/3213
f 3415/3487/3214 3416/3488/3214 3433/3505/3214 3432/3504/3214
f 3416/3488/3215 3417/3489/3215 3434/3506/3215 3433/3505/3215
f 3417/3489/3216 3418/3490/3216 3435/3507/3216 3434/3506/3216
f 3418/3490/3217 3419/3491/3217 3436/3508/3217 3435/3507/3217
f 3419/3491/3218 3420/3492/3218 3437/3509/3218 3436/3508/3218
f 3420/3492/3219 3421/3493/3219 3438/3510/3219 3437/3509/3219
f 3421/3493/3220 3422/3494/3220 3439/3511/3220 3438/3510/3220
f 3422/3494/3221 3423/3495/3221 3440/3512/3221 3439/3511/3221
f 3424/3497/3222 3425/3496/3222 3442/3513/3222 3441/3514/3222
f 3425/3496/3223 3426/3498/3223 3443/3515/3223 3442/3513/3223
f 3426/3498/3224 3427/3499/3224 3444/3516/3224 3443/3515/3224
f 3427/3499/3225 3428/3500/3225 3445/3517/3225 3444/3516/3225
f 3428/3500/3226 3429/3501/3226 3446/3518/3226 3445/3517/3226
f 3429/3501/3227 3430/3502/3227 3447/3519/3227 3446/3518/3227
f 3430/3502/3228 3431/3503/3228 3448/3520/3228 3447/3519/3228
f 3431/3503/3229 3432/3504/3229 3449/3521/3229 3448/3520/3229
f 3432/3504/3230 3433/3505/3230 3450/3522/3230 3449/3521/3230
f 3433/3505/3231 3434/3506/3231 3451/3523/3231 3450/3522/3231
f 3434/3506/3232 3435/3507/3232 3452/3524/3232 3451/3523/3232
f 3435/3507/3233 3436/3508/3233 3453/3525/3233 3452/3524/3233
f 3436/3508/3234 3437/3509/3234 3454/3526/3234 3453/3525/3234
f 3437/3509/3235 3438/3510/3235 3455/3527/3235 3454/3526/3235
f 3438/3510/3236 3439/3511/3236 3456/3528/3236 3455/3527/3236
f 3439/3511/3237 3440/3512/3237 3457/3529/3237 3456/3528/3237
f 3441/3514/3238 3442/3513/3238 3459/3530/3238 3458/3531/3238
f 3442/3513/3239 3443/3515/3239 3460/3532/3239 3459/3530/3239
f 3443/3515/3240 3444/3516/3240 3461/3533/3240 3460/3532/3240
f 3444/3516/3241 3445/3517/3241 3462/3534/3241 3461/3533/3241
f 3445/3517/3242 3446/3518/3242 3463/3535/3242 3462/3534/3242
f 3446/3518/3243 3447/3519/3243 3464/3536/3243 3463/3535/3243
f 3447/3519/3244 3448/3520/3244 3465/3537/3244 3464/3536/3244
f 3448/3520/3245 3449/3521/3245 3466/3538/3245 3465/3537/3245
f 3449/3521/3246 3450/3522/3246 3467/3539/3246 3466/3538/3246
f 3450/3522/3247 3451/3523/3247 3468/3540/3247 3467/3539/3247
f 3451/3523/3248 3452/3524/3248 3469/3541/3248 3468/3540/3248
f 3452/3524/3249 3453/3525/3249 3470/3542/3249 3469/3541/3249
f 3453/3525/3250 3454/3526/3250 3471/3543/3250 3470/3542/3250
f 3454/3526/3251 3455/3527/3251 3472/3544/3251 3471/3543/3251
f 3455/3527/3252 3456/3528/3252 3473/3545/3252 3472/3544/3252
f 3456/3528/3253 3457/3529/3253 3474/3546/3253 3473/3545/3253
f 3458/3531/3254 3459/3530/3254 3476/3547/3254 3475/3548/3254
f 3459/3530/3255 3460/3532/3255 3477/3549/3255 3476/3547/3255
f 3460/3532/3256 3461/3533/3256 3478/3550/3256 3477/3549/3256
f 3461/3533/3257 3462/3534/3257 3479/3551/3257 3478/3550/3257
f 3462/3534/3258 3463/3535/3258 3480/3552/3258 3479/3551/3258
f 3463/3535/3259 3464/3536/3259 3481/3553/3259 3480/3552/3259
f 3464/3536/3260 3465/3537/3260 3482/3554/3260 3481/3553/3260
f 3465/3537/3261 3466/3538/3261 3483/3555/3261 3482/3554/3261
f 3466/3538/3262 3467/3539/3262 3484/3556/3262 3483/3555/3262
f 3467/3539/3263 3468/3540/3263 3485/3557/3263 3484/3556/3263
f 3468/3540/3264 3469/3541/3264 3486/3558/3264 3485/3557/3264
f 3469/3541/3265 3470/3542/3265 3487/3559/3265 3486/3558/3265
f 3470/3542/3266 3471/3543/3266 3488/3560/3266 3487/3559/3266
f 3471/3543/3267 3472/3544/3267 3489/3561/3267 3488/3560/3267
f 3472/3544/3268 3473/3545/3268 3490/3562/3268 3489/3561/3268
f 3473/3545/3269 3474/3546/3269 3491/3563/3269 3490/3562/3269
f 3475/3548/3270 3476/3547/3270 3493/3564/3270 3492/3565/3270
f 3476/3547/3271 3477/3549/3271 3494/3566/3271 3493/3564/3271
f 3477/3549/3272 3478/3550/3272 3495/3567/3272 3494/3566/3272
f 3478/3550/3273 3479/3551/3273 3496/3568/3273 3495/3567/3273
f 3479/3551/3274 3480/3552/3274 3497/3569/3274 3496/3568/3274
f 3480/3552/3275 3481/3553/3275 3498/3570/3275 3497/3569/3275
f 3481/3553/3276 3482/3554/3276 3499/3571/3276 3498/3570/3276
f 3482/3554/3277 3483/3555/3277 3500/3572/3277 3499/3571/3277
f 3483/3555/3278 3484/3556/3278 3501/3573/3278 3500/3572/3278
f 3484/3556/3279 3485/3557/3279 3502/3574/3279 3501/3573/3279
f 3485/3557/3280 3486/3558/3280 3503/3575/3280 3502/3574/3280
f 3486/3558/3281 3487/3559/3281 3504/3576/3281 3503/3575/3281
f 3487/3559/3282 3488/3560/3282 3505/3577/3282 3504/3576/3282
f 3488/3560/3283 3489/3561/3283 3506/3578/3283 3505/3577/3283
f 3489/3561/3284 3490/3562/3284 3507/3579/3284 3506/3578/3284
f 3490/3562/3285 3491/3563/3285 3508/3580/3285 3507/3579/3285
f 3492/3565/3286 3493/3564/3286 3510/3581/3286 3509/3582/3286
f 3493/3564/3287 3494/3566/3287 3511/3583/3287 3510/3581/3287
f 3494/3566/3288 3495/3567/3288 3512/3584/3288 3511/3583/3288
f 3495/3567/3289 3496/3568/3289 3513/3585/3289 3512/3584/3289
f 3496/3568/3290 3497/3569/3290 3514/3586/3290 3513/3585/3290
f 3497/3569/3291 3498/3570/3291 3515/3587/3291 3514/3586/3291
f 3498/3570/3292 3499/3571/3292 3516/3588/3292 3515/3587/3292
f 3499/3571/3293 3500/3572/3293 3517/3589/3293 3516/3588/3293
f 3500/3572/3294 3501/3573/3294 3518/3590/3294 3517/3589/3294
f 3501/3573/3295 3502/3574/3295 3519/3591/3295 3518/3590/3295
f 3502/3574/3296 3503/3575/3296 3520/3592/3296 3519/3591/3296
f 3503/3575/3297 3504/3576/3297 3521/3593/3297 3520/3592/3297
f 3504/3576/3298 3505/3577/3298 3522/3594/3298 3521/3593/3298
f 3505/3577/3299 3506/3578/3299 3523/3595/3299 3522/3594/3299
f 3506/3578/3300 3507/3579/3300 3524/3596/3300 3523/3595/3300
f 3507/3579/3301 3508/3580/3301 3525/3597/3301 3524/3596/3301
f 3509/3582/3302 3510/3581/3302 3527/3598/3302 3526/3599/3302
f 3510/3581/3303 3511/3583/3303 3528/3600/3303 3527/3598/3303
f 3511/3583/3304 3512/3584/3304 3529/3601/3304 3528/3600/3304
f 3512/3584/3305 3513/3585/3305 3530/3602/3305 3529/3601/3305
f 3513/3585/3306 3514/3586/3306 3531/3603/3306 3530/3602/3306
f 3514/3586/3307 3515/3587/3307 3532/3604/3307 3531/3603/3307
f 3515/3587/3308 3516/3588/3308 3533/3605/3308 3532/3604/3308
f 3516/3588/3309 3517/3589/3309 3534/3606/3309 3533/3605/3309
f 3517/3589/3310 3518/3590/3310 3535/3607/3310 3534/3606/3310
f 3518/3590/3311 3519/3591/3311 3536/3608/3311 3535/3607/3311
f 3519/3591/3312 3520/3592/3312 3537/3609/3312 3536/3608/3312
f 3520/3592/3313 3521/3593/3313 3538/3610/3313 3537/3609/3313
f 3521/3593/3314 3522/3594/3314 3539/3611/3314 3538/3610/3314
f 3522/3594/3315 3523/3595/3315 3540/3612/3315 3539/3611/3315
f 3523/3595/3316 3524/3596/3316 3541/3613/3316 3540/3612/3316
f 3524/3596/3317 3525/3597/3317 3542/3614/3317 3541/3613/3317
f 3526/3599/3318 3527/3598/3318 3847/3615/3318 3830/3616/3318
f 3527/3598/3319 3528/3600/3319 3864/3617/3319 3847/3615/3319
f 3528/3600/3320 3529/3601/3320 3881/3618/3320 3864/3617/3320
f 3529/3601/3321 3530/3602/3321 3898/3619/3321 3881/3618/3321
f 3530/3602/3322 3531/3603/3322 3915/3620/3322 3898/3619/3322
f 3531/3603/3323 3532/3604/3323 3932/3621/3323 3915/3620/3323
f 3532/3604/3324 3533/3605/3324 3949/3622/3324 3932/3621/3324
f 3533/3605/3325 3534/3606/3325 3966/3623/3325 3949/3622/3325
f 3534/3606/3326 3535/3607/3326 3983/3624/3326 3966/3623/3326
f 3535/3607/3327 3536/3608/3327 4000/3625/3327 3983/3624/3327
f 3536/3608/3328 3537/3609/3328 4017/3626/3328 4000/3625/3328
f 3537/3609/3329 3538/3610/3329 4034/3627/3329 4017/3626/3329
f 3538/3610/3330 3539/3611/3330 4051/3628/3330 4034/3627/3330
f 3539/3611/3331 3540/3612/3331 4068/3629/3331 4051/3628/3331
f 3540/3612/3332 3541/3613/3332 4085/3630/3332 4068/3629/3332
f 3541/3613/3333 3542/3614/3333 3543/3631/3333 4085/3630/3333
f 3270/7/3334 3544/3632/3334 3561/3633/3334 3560/3634/3334
f 3544/3632/3335 3545/3635/3335 3562/3636/3335 3561/3633/3335
f 3545/3635/3336 3546/3637/3336 3563/3638/3336 3562/3636/3336
f 3546/3637/3337 3547/3639/3337 3564/3640/3337 3563/3638/3337
f 3547/3639/3338 3548/3641/3338 3565/3642/3338 3564/3640/3338
f 3548/3641/3339 3549/3643/3339 3566/3644/3339 3565/3642/3339
f 3549/3643/3340 3550/3645/3340 3567/3646/3340 3566/3644/3340
f 3550/3645/3341 3551/3647/3341 3568/3648/3341 3567/3646/3341
f 3551/3647/3342 3552/3649/3342 3569/3650/3342 3568/3648/3342
f 3552/3649/3343 3553/3651/3343 3570/3652/3343 3569/3650/3343
f 3553/3651/3344 3554/3653/3344 3571/3654/3344 3570/3652/3344
f 3554/3653/3345 3555/3655/3345 3572/3656/3345 3571/3654/3345
f 3555/3655/3346 3556/3657/3346 3573/3658/3346 3572/3656/3346
f 3556/3657/3347 3557/3659/3347 3574/3660/3347 3573/3658/3347
f 3557/3659/3348 3558/3661/3348 3575/3662/3348 3574/3660/3348
f 3558/3661/3349 3559/3663/3349 3576/3664/3349 3575/3662/3349
f 3560/3634/3350 3561/3633/3350 3578/3665/3350 3577/3666/3350
f 3561/3633/3351 3562/3636/3351 3579/3667/3351 3578/3665/3351
f 3562/3636/3352 3563/3638/3352 3580/3668/3352 3579/3667/3352
f 3563/3638/3353 3564/3640/3353 3581/3669/3353 3580/3668/3353
f 3564/3640/3354 3565/3642/3354 3582/3670/3354 3581/3669/3354
f 3565/3642/3355 3566/3644/3355 3583/3671/3355 3582/3670/3355
f 3566/3644/3356 3567/3646/3356 3584/3672/3356 3583/3671/3356
f 3567/3646/3357 3568/3648/3357 3585/3673/3357 3584/3672/3357
f 3568/3648/3358 3569/3650/3358 3586/3674/3358 3585/3673/3358
f 3569/3650/3359 3570/3652/3359 3587/3675/3359 3586/3674/3359
f 3570/3652/3360 3571/3654/3360 3588/3676/3360 3587/3675/3360
f 3571/3654/3361 3572/3656/3361 3589/3677/3361 3588/3676/3361
f 3572/3656/3362 3573/3658/3362 3590/3678/3362 3589/3677/3362
f 3573/3658/3363 3574/3660/3363 3591/3679/3363 3590/3678/3363
f 3574/3660/3364 3575/3662/3364 3592/3680/3364 3591/3679/3364
f 3575/3662/3365 3576/3664/3365 3593/3681/3365 3592/3680/3365
f 3577/3666/3366 3578/3665/3366 3595/3682/3366 3594/3683/3366
f 3578/3665/3367 3579/3667/3367 3596/3684/3367 3595/3682/3367
f 3579/3667/3368 3580/3668/3368 3597/3685/3368 3596/3684/3368
f 3580/3668/3369 3581/3669/3369 3598/3686/3369 3597/3685/3369
f 3581/3669/3370 3582/3670/3370 3599/3687/3370 3598/3686/3370
f 3582/3670/3371 3583/3671/3371 3600/3688/3371 3599/3687/3371
f 3583/3671/3372 3584/3672/3372 3601/3689/3372 3600/3688/3372
f 3584/3672/3373 3585/3673/3373 3602/3690/3373 3601/3689/3373
f 3585/3673/3374 3586/3674/3374 3603/3691/3374 3602/3690/3374
f 3586/3674/3375 3587/3675/3375 3604/3692/3375 3603/3691/3375
f 3587/3675/3376 3588/3676/3376 3605/3693/3376 3604/3692/3376
f 3588/3676/3377 3589/3677/3377 3606/3694/3377 3605/3693/3377
f 3589/3677/3378 3590/3678/3378 3607/3695/3378 3606/3694/3378
f 3590/3678/3379 3591/3679/3379 3608/3696/3379 3607/3695/3379
f 3591/3679/3380 3592/3680/3380 3609/3697/3380 3608/3696/3380
f 3592/3680/3381 3593/3681/3381 3610/3698/3381 3609/3697/3381
f 3594/3683/3382 3595/3682/3382 3612/3699/3382 3611/3700/3382
f 3595/3682/3383 3596/3684/3383 3613/3701/3383 3612/3699/3383
f 3596/3684/3384 3597/3685/3384 3614/3702/3384 3613/3701/3384
f 3597/3685/3385 3598/3686/3385 3615/3703/3385 3614/3702/3385
f 3598/3686/3386 3599/3687/3386 3616/3704/3386 3615/3703/3386
f 3599/3687/3387 3600/3688/3387 3617/3705/3387 3616/3704/3387
f 3600/3688/3388 3601/3689/3388 3618/3706/3388 3617/3705/3388
f 3601/3689/3389 3602/3690/3389 3619/3707/3389 3618/3706/3389
f 3602/3690/3390 3603/3691/3390 3620/3708/3390 3619/3707/3390
f 3603/3691/3391 3604/3692/3391 3621/3709/3391 3620/3708/3391
f 3604/3692/3392 3605/3693/3392 3622/3710/3392 3621/3709/3392
f 3605/3693/3393 3606/3694/3393 3623/3711/3393 3622/3710/3393
f 3606/3694/3394 3607/3695/3394 3624/3712/3394 3623/3711/3394
f 3607/3695/3395 3608/3696/3395 3625/3713/3395 3624/3712/3395
f 3608/3696/3396 3609/3697/3396 3626/3714/3396 3625/3713/3396
f 3609/3697/3397 3610/3698/3397 3627/3715/3397 3626/3714/3397
f 3611/3700/3398 3612/3699/3398 3629/3716/3398 3628/3717/3398
f 3612/3699/3399 3613/3701/3399 3630/3718/3399 3629/3716/3399
f 3613/3701/3400 3614/3702/3400 3631/3719/3400 3630/3718/3400
f 3614/3702/3401 3615/3703/3401 3632/3720/3401 3631/3719/3401
f 3615/3703/3402 3616/3704/3402 3633/3721/3402 3632/3720/3402
f 3616/3704/3403 3617/3705/3403 3634/3722/3403 3633/3721/3403
f 3617/3705/3404 3618/3706/3404 3635/3723/3404 3634/3722/3404
f 3618/3706/3405 3619/3707/3405 3636/3724/3405 3635/3723/3405
f 3619/3707/3406 3620/3708/3406 3637/3725/3406 3636/3724/3406
f 3620/3708/3407 3621/3709/3407 3638/3726/3407 3637/3725/3407
f 3621/3709/3408 3622/3710/3408 3639/3727/3408 3638/3726/3408
f 3622/3710/3409 3623/3711/3409 3640/3728/3409 3639/3727/3409
f 3623/3711/3410 3624/3712/3410 3641/3729/3410 3640/3728/3410
f 3624/3712/3411 3625/3713/3411 3642/3730/3411 3641/3729/3411
f 3625/3713/3412 3626/3714/3412 3643/3731/3412 3642/3730/3412
f 3626/3714/3413 3627/3715/3413 3644/3732/3413 3643/3731/3413
f 3628/3717/3414 3629/3716/3414 3646/3733/3414 3645/3734/3414
f 3629/3716/3415 3630/3718/3415 3647/3735/3415 3646/3733/3415
f 3630/3718/3416 3631/3719/3416 3648/3736/3416 3647/3735/3416
f 3631/3719/3417 3632/3720/3417 3649/3737/3417 3648/3736/3417
f 3632/3720/3418 3633/3721/3418 3650/3738/3418 3649/3737/3418
f 3633/3721/3419 3634/3722/3419 3651/3739/3419 3650/3738/3419
f 3634/3722/3420 3635/3723/3420 3652/3740/3420 3651/3739/3420
f 3635/3723/3421 3636/3724/3421 3653/3741/3421 3652/3740/3421
f 3636/3724/3422 3637/3725/3422 3654/3742/3422 3653/3741/3422
f 3637/3725/3423 3638/3726/3423 3655/3743/3423 3654/3742/3423
f 3638/3726/3424 3639/3727/3424 3656/3744/3424 3655/3743/3424
f 3639/3727/3425 3640/3728/3425 3657/3745/3425 3656/3744/3425
f 3640/3728/3426 3641/3729/3426 3658/3746/3426 3657/3745/3426
f 3641/3729/3427 3642/3730/3427 3659/3747/3427 3658/3746/3427
f 3642/3730/3428 3643/3731/3428 3660/3748/3428 3659/3747/3428
f 3643/3731/3429 3644/3732/3429 3661/3749/3429 3660/3748/3429
f 3645/3734/3430 3646/3733/3430 3663/3750/3430 3662/3751/3430
f 3646/3733/3431 3647/3735/3431 3664/3752/3431 3663/3750/3431
f 3647/3735/3432 3648/3736/3432 3665/3753/3432 3664/3752/3432
f 3648/3736/3433 3649/3737/3433 3666/3754/3433 3665/3753/3433
f 3649/3737/3434 3650/3738/3434 3667/3755/3434 3666/3754/3434
f 3650/3738/3435 3651/3739/3435 3668/3756/3435 3667/3755/3435
f 3651/3739/3436 3652/3740/3436 3669/3757/3436 3668/3756/3436
f 3652/3740/3437 3653/3741/3437 3670/3758/3437 3669/3757/3437
f 3653/3741/3438 3654/3742/3438 3671/3759/3438 3670/3758/3438
f 3654/3742/3439 3655/3743/3439 3672/3760/3439 3671/3759/3439
f 3655/3743/3440 3656/3744/3440 3673/3761/3440 3672/3760/3440
f 3656/3744/3441 3657/3745/3441 3674/3762/3441 3673/3761/3441
f 3657/3745/3442 3658/3746/3442 3675/3763/3442 3674/3762/3442
f 3658/3746/3443 3659/3747/3443 3676/3764/3443 3675/3763/3443
f 3659/3747/3444 3660/3748/3444 3677/3765/3444 3676/3764/3444
f 3660/3748/3445 3661/3749/3445 3678/3766/3445 3677/3765/3445
f 3662/3751/3446 3663/3750/3446 3680/3767/3446 3679/3768/3446
f 3663/3750/3447 3664/3752/3447 3681/3769/3447 3680/3767/3447
f 3664/3752/3448 3665/3753/3448 3682/3770/3448 3681/3769/3448
f 3665/3753/3449 3666/3754/3449 3683/3771/3449 3682/3770/3449
f 3666/3754/3450 3667/3755/3450 3684/3772/3450 3683/3771/3450
f 3667/3755/3451 3668/3756/3451 3685/3773/3451 3684/3772/3451
f 3668/3756/3452 3669/3757/3452 3686/3774/3452 3685/3773/3452
f 3669/3757/3453 3670/3758/3453 3687/3775/3453 3686/3774/3453
f 3670/3758/3454 3671/3759/3454 3688/3776/3454 3687/3775/3454
f 3671/3759/3455 3672/3760/3455 3689/3777/3455 3688/3776/3455
f 3672/3760/3456 3673/3761/3456 3690/3778/3456 3689/3777/3456
f 3673/3761/3457 3674/3762/3457 3691/3779/3457 3690/3778/3457
f 3674/3762/3458 3675/3763/3458 3692/3780/3458 3691/3779/3458
f 3675/3763/3459 3676/3764/3459 3693/3781/3459 3692/3780/3459
f 3676/3764/3460 3677/3765/3460 3694/3782/3460 3693/3781/3460
f 3677/3765/3461 3678/3766/3461 3695/3783/3461 3694/3782/3461
f 3679/3768/3462 3680/3767/3462 3697/3784/3462 3696/3785/3462
f 3680/3767/3463 3681/3769/3463 3698/3786/3463 3697/3784/3463
f 3681/3769/3464 3682/3770/3464 3699/3787/3464 3698/3786/3464
f 3682/3770/3465 3683/3771/3465 3700/3788/3465 3699/3787/3465
f 3683/3771/3466 3684/3772/3466 3701/3789/3466 3700/3788/3466
f 3684/3772/3467 3685/3773/3467 3702/3790/3467 3701/3789/3467
f 3685/3773/3468 3686/3774/3468 3703/3791/3468 3702/3790/3468
f 3686/3774/3469 3687/3775/3469 3704/3792/3469 3703/3791/3469
f 3687/3775/3470 3688/3776/3470 3705/3793/3470 3704/3792/3470
f 3688/3776/3471 3689/3777/3471 3706/3794/3471 3705/3793/3471
f 3689/3777/3472 3690/3778/3472 3707/3795/3472 3706/3794/3472
f 3690/3778/3473 3691/3779/3473 3708/3796/3473 3707/3795/3473
f 3691/3779/3474 3692/3780/3474 3709/3797/3474 3708/3796/3474
f 3692/3780/3475 3693/3781/3475 3710/3798/3475 3709/3797/3475
f 3693/3781/3476 3694/3782/3476 3711/3799/3476 3710/3798/3476
f 3694/3782/3477 3695/3783/3477 3712/3800/3477 3711/3799/3477
f 3696/3785/3478 3697/3784/3478 3714/3801/3478 3713/3802/3478
f 3697/3784/3479 3698/3786/3479 3715/3803/3479 3714/3801/3479
f 3698/3786/3480 3699/3787/3480 3716/3804/3480 3715/3803/3480
f 3699/3787/3481 3700/3788/3481 3717/3805/3481 3716/3804/3481
f 3700/3788/3482 3701/3789/3482 3718/3806/3482 3717/3805/3482
f 3701/3789/3483 3702/3790/3483 3719/3807/3483 3718/3806/3483
f 3702/3790/3484 3703/3791/3484 3720/3808/3484 3719/3807/3484
f 3703/3791/3485 3704/3792/3485 3721/3809/3485 3720/3808/3485
f 3704/3792/3486 3705/3793/3486 3722/3810/3486 3721/3809/3486
f 3705/3793/3487 3706/3794/3487 3723/3811/3487 3722/3810/3487
f 3706/3794/3488 3707/3795/3488 3724/3812/3488 3723/3811/3488
f 3707/3795/3489 3708/3796/3489 3725/3813/3489 3724/3812/3489
f 3708/3796/3490 3709/3797/3490 3726/3814/3490 3725/3813/3490
f 3709/3797/3491 3710/3798/3491 3727/3815/3491 3726/3814/3491
f 3710/3798/3492 3711/3799/3492 3728/3816/3492 3727/3815/3492
f 3711/3799/3493 3712/3800/3493 3729/3817/3493 3728/3816/3493
f 3713/3802/3494 3714/3801/3494 3731/3818/3494 3730/3819/3494
f 3714/3801/3495 3715/3803/3495 3732/3820/3495 3731/3818/3495
f 3715/3803/3496 3716/3804/3496 3733/3821/3496 3732/3820/3496
f 3716/3804/3497 3717/3805/3497 3734/3822/3497 3733/3821/3497
f 3717/3805/3498 3718/3806/3498 3735/3823/3498 3734/3822/3498
f 3718/3806/3499 3719/3807/3499 3736/3824/3499 3735/3823/3499
f 3719/3807/3500 3720/3808/3500 3737/3825/3500 3736/3824/3500
f 3720/3808/3501 3721/3809/3501 3738/3826/3501 3737/3825/3501
f 3721/3809/3502 3722/3810/3502 3739/3827/3502 3738/3826/3502
f 3722/3810/3503 3723/3811/3503 3740/3828/3503 3739/3827/3503
f 3723/3811/3504 3724/3812/3504 3741/3829/3504 3740/3828/3504
f 3724/3812/3505 3725/3813/3505 3742/3830/3505 3741/3829/3505
f 3725/3813/3506 3726/3814/3506 3743/3831/3506 3742/3830/3506
f 3726/3814/3507 3727/3815/3507 3744/3832/3507 3743/3831/3507
f 3727/3815/3508 3728/3816/3508 3745/3833/3508 3744/3832/3508
f 3728/3816/3509 3729/3817/3509 3746/3834/3509 3745/3833/3509
f 3730/3819/3510 3731/3818/3510 3748/3835/3510 3747/3836/3510
f 3731/3818/3511 3732/3820/3511 3749/3837/3511 3748/3835/3511
f 3732/3820/3512 3733/3821/3512 3750/3838/3512 3749/3837/3512
f 3733/3821/3513 3734/3822/3513 3751/3839/3513 3750/3838/3513
f 3734/3822/3514 3735/3823/3514 3752/3840/3514 3751/3839/3514
f 3735/3823/3515 3736/3824/3515 3753/3841/3515 3752/3840/3515
f 3736/3824/3516 3737/3825/3516 3754/3842/3516 3753/3841/3516
f 3737/3825/3517 3738/3826/3517 3755/3843/3517 3754/3842/3517
f 3738/3826/3518 3739/3827/3518 3756/3844/3518 3755/3843/3518
f 3739/3827/3519 3740/3828/3519 3757/3845/3519 3756/3844/3519
f 3740/3828/3520 3741/3829/3520 3758/3846/3520 3757/3845/3520
f 3741/3829/3521 3742/3830/3521 3759/3847/3521 3758/3846/3521
f 3742/3830/3522 3743/3831/3522 3760/3848/3522 3759/3847/3522
f 3743/3831/3523 3744/3832/3523 3761/3849/3523 3760/3848/3523
f 3744/3832/3524 3745/3833/3524 3762/3850/3524 3761/3849/3524
f 3745/3833/3525 3746/3834/3525 3763/3851/3525 3762/3850/3525
f 3747/3836/3526 3748/3835/3526 3765/3852/3526 3764/3853/3526
f 3748/3835/3527 3749/3837/3527 3766/3854/3527 3765/3852/3527
f 3749/3837/3528 3750/3838/3528 3767/3855/3528 3766/3854/3528
f 3750/3838/3529 3751/3839/3529 3768/3856/3529 3767/3855/3529
f 3751/3839/3530 3752/3840/3530 3769/3857/3530 3768/3856/3530
f 3752/3840/3531 3753/3841/3531 3770/3858/3531 3769/3857/3531
f 3753/3841/3532 3754/3842/3532 3771/3859/3532 3770/3858/3532
f 3754/3842/3533 3755/3843/3533 3772/3860/3533 3771/3859/3533
f 3755/3843/3534 3756/3844/3534 3773/3861/3534 3772/3860/3534
f 3756/3844/3535 3757/3845/3535 3774/3862/3535 3773/3861/3535
f 3757/3845/3536 3758/3846/3536 3775/3863/3536 3774/3862/3536
f 3758/3846/3537 3759/3847/3537 3776/3864/3537 3775/3863/3537
f 3759/3847/3538 3760/3848/3538 3777/3865/3538 3776/3864/3538
f 3760/3848/3539 3761/3849/3539 3778/3866/3539 3777/3865/3539
f 3761/3849/3540 3762/3850/3540 3779/3867/3540 3778/3866/3540
f 3762/3850/3541 3763/3851/3541 3780/3868/3541 3779/3867/3541
f 3764/3853/3542 3765/3852/3542 3782/3869/3542 3781/3870/3542
f 3765/3852/3543 3766/3854/3543 3783/3871/3543 3782/3869/3543
f 3766/3854/3544 3767/3855/3544 3784/3872/3544 3783/3871/3544
f 3767/3855/3545 3768/3856/3545 3785/3873/3545 3784/3872/3545
f 3768/3856/3546 3769/3857/3546 3786/3874/3546 3785/3873/3546
f 3769/3857/3547 3770/3858/3547 3787/3875/3547 3786/3874/3547
f 3770/3858/3548 3771/3859/3548 3788/3876/3548 3787/3875/3548
f 3771/3859/3549 3772/3860/3549 3789/3877/3549 3788/3876/3549
f 3772/3860/3550 3773/3861/3550 3790/3878/3550 3789/3877/3550
f 3773/3861/3551 3774/3862/3551 3791/3879/3551 3790/3878/3551
f 3774/3862/3552 3775/3863/3552 3792/3880/3552 3791/3879/3552
f 3775/3863/3553 3776/3864/3553 3793/3881/3553 3792/3880/3553
f 3776/3864/3554 3777/3865/3554 3794/3882/3554 3793/3881/3554
f 3777/3865/3555 3778/3866/3555 3795/3883/3555 3794/3882/3555
f 3778/3866/3556 3779/3867/3556 3796/3884/3556 3795/3883/3556
f 3779/3867/3557 3780/3868/3557 3797/3885/3557 3796/3884/3557
f 3781/3870/3558 3782/3869/3558 3799/3886/3558 3798/3887/3558
f 3782/3869/3559 3783/3871/3559 3800/3888/3559 3799/3886/3559
f 3783/3871/3560 3784/3872/3560 3801/3889/3560 3800/3888/3560
f 3784/3872/3561 3785/3873/3561 3802/3890/3561 3801/3889/3561
f 3785/3873/3562 3786/3874/3562 3803/3891/3562 3802/3890/3562
f 3786/3874/3563 3787/3875/3563 3804/3892/3563 3803/3891/3563
f 3787/3875/3564 3788/3876/3564 3805/3893/3564 3804/3892/3564
f 3788/3876/3565 3789/3877/3565 3806/3894/3565 3805/3893/3565
f 3789/3877/3566 3790/3878/3566 3807/3895/3566 3806/3894/3566
f 3790/3878/3567 3791/3879/3567 3808/3896/3567 3807/3895/3567
f 3791/3879/3568 3792/3880/3568 3809/3897/3568 3808/3896/3568
f 3792/3880/3569 3793/3881/3569 3810/3898/3569 3809/3897/3569
f 3793/3881/3570 3794/3882/3570 3811/3899/3570 3810/3898/3570
f 3794/3882/3571 3795/3883/3571 3812/3900/3571 3811/3899/3571
f 3795/3883/3572 3796/3884/3572 3813/3901/3572 3812/3900/3572
f 3796/3884/3573 3797/3885/3573 3814/3902/3573 3813/3901/3573
f 3798/3887/3574 3799/3886/3574 3304/3376/3574 3287/3375/3574
f 3799/3886/3575 3800/3888/3575 3321/3393/3575 3304/3376/3575
f 3800/3888/3576 3801/3889/3576 3338/3410/3576 3321/3393/3576
f 3801/3889/3577 3802/3890/3577 3355/3427/3577 3338/3410/3577
f 3802/3890/3578 3803/3891/3578 3372/3444/3578 3355/3427/3578
f 3803/3891/3579 3804/3892/3579 3389/3461/3579 3372/3444/3579
f 3804/3892/3580 3805/3893/3580 3406/3478/3580 3389/3461/3580
f 3805/3893/3581 3806/3894/3581 3423/3495/3581 3406/3478/3581
f 3806/3894/3582 3807/3895/3582 3440/3512/3582 3423/3495/3582
f 3807/3895/3583 3808/3896/3583 3457/3529/3583 3440/3512/3583
f 3808/3896/3584 3809/3897/3584 3474/3546/3584 3457/3529/3584
f 3809/3897/3585 3810/3898/3585 3491/3563/3585 3474/3546/3585
f 3810/3898/3586 3811/3899/3586 3508/3580/3586 3491/3563/3586
f 3811/3899/3587 3812/3900/3587 3525/3597/3587 3508/3580/3587
f 3812/3900/3588 3813/3901/3588 3542/3614/3588 3525/3597/3588
f 3813/3901/3589 3814/3902/3589 3543/3903/3589 3542/3614/3589
f 3271/14/3590 3815/3904/3590 3832/3905/3590 3831/3906/3590
f 3815/3904/3591 3816/3907/3591 3833/3908/3591 3832/3905/3591
f 3816/3907/3592 3817/3909/3592 3834/3910/3592 3833/3908/3592
f 3817/3909/3593 3818/3911/3593 3835/3912/3593 3834/3910/3593
f 3818/3911/3594 3819/3913/3594 3836/3914/3594 3835/3912/3594
f 3819/3913/3595 3820/3915/3595 3837/3916/3595 3836/3914/3595
f 3820/3915/3596 3821/3917/3596 3838/3918/3596 3837/3916/3596
f 3821/3917/3597 3822/3919/3597 3839/3920/3597 3838/3918/3597
f 3822/3919/3598 3823/3921/3598 3840/3922/3598 3839/3920/3598
f 3823/3921/3599 3824/3923/3599 3841/3924/3599 3840/3922/3599
f 3824/3923/3600 3825/3925/3600 3842/3926/3600 3841/3924/3600
f 3825/3925/3601 3826/3927/3601 3843/3928/3601 3842/3926/3601
f 3826/3927/3602 3827/3929/3602 3844/3930/3602 3843/3928/3602
f 3827/3929/3603 3828/3931/3603 3845/3932/3603 3844/3930/3603
f 3828/3931/3604 3829/3933/3604 3846/3934/3604 3845/3932/3604
f 3829/3933/3605 3830/3935/3605 3847/3936/3605 3846/3934/3605
f 3831/3906/3606 3832/3905/3606 3849/3937/3606 3848/3938/3606
f 3832/3905/3607 3833/3908/3607 3850/3939/3607 3849/3937/3607
f 3833/3908/3608 3834/3910/3608 3851/3940/3608 3850/3939/3608
f 3834/3910/3609 3835/3912/3609 3852/3941/3609 3851/3940/3609
f 3835/3912/3610 3836/3914/3610 3853/3942/3610 3852/3941/3610
f 3836/3914/3611 3837/3916/3611 3854/3943/3611 3853/3942/3611
f 3837/3916/3612 3838/3918/3612 3855/3944/3612 3854/3943/3612
f 3838/3918/3613 3839/3920/3613 3856/3945/3613 3855/3944/3613
f 3839/3920/3614 3840/3922/3614 3857/3946/3614 3856/3945/3614
f 3840/3922/3615 3841/3924/3615 3858/3947/3615 3857/3946/3615
f 3841/3924/3616 3842/3926/3616 3859/3948/3616 3858/3947/3616
f 3842/3926/3617 3843/3928/3617 3860/3949/3617 3859/3948/3617
f 3843/3928/3618 3844/3930/3618 3861/3950/3618 3860/3949/3618
f 3844/3930/3619 3845/3932/3619 3862/3951/3619 3861/3950/3619
f 3845/3932/3620 3846/3934/3620 3863/3952/3620 3862/3951/3620
f 3846/3934/3621 3847/3936/3621 3864/3953/3621 3863/3952/3621
f 3848/3938/3622 3849/3937/3622 3866/3954/3622 3865/3955/3622
f 3849/3937/3623 3850/3939/3623 3867/3956/3623 3866/3954/3623
f 3850/3939/3624 3851/3940/3624 3868/3957/3624 3867/3956/3624
f 3851/3940/3625 3852/3941/3625 3869/3958/3625 3868/3957/3625
f 3852/3941/3626 3853/3942/3626 3870/3959/3626 3869/3958/3626
f 3853/3942/3627 3854/3943/3627 3871/3960/3627 3870/3959/3627
f 3854/3943/3628 3855/3944/3628 3872/3961/3628 3871/3960/3628
f 3855/3944/3629 3856/3945/3629 3873/3962/3629 3872/3961/3629
f 3856/3945/3630 3857/3946/3630 3874/3963/3630 3873/3962/3630
f 3857/3946/3631 3858/3947/3631 3875/3964/3631 3874/3963/3631
f 3858/3947/3632 3859/3948/3632 3876/3965/3632 3875/3964/3632
f 3859/3948/3633 3860/3949/3633 3877/3966/3633 3876/3965/3633
f 3860/3949/3634 3861/3950/3634 3878/3967/3634 3877/3966/3634
f 3861/3950/3635 3862/3951/3635 3879/3968/3635 3878/3967/3635
f 3862/3951/3636 3863/3952/3636 3880/3969/3636 3879/3968/3636
f 3863/3952/3637 3864/3953/3637 3881/3970/3637 3880/3969/3637
f 3865/3955/3638 3866/3954/3638 3883/3971/3638 3882/3972/3638
f 3866/3954/3639 3867/3956/3639 3884/3973/3639 3883/3971/3639
f 3867/3956/3640 3868/3957/3640 3885/3974/3640 3884/3973/3640
f 3868/3957/3641 3869/3958/3641 3886/3975/3641 3885/3974/3641
f 3869/3958/3642 3870/3959/3642 3887/3976/3642 3886/3975/3642
f 3870/3959/3643 3871/3960/3643 3888/3977/3643 3887/3976/3643
f 3871/3960/3644 3872/3961/3644 3889/3978/3644 3888/3977/3644
f 3872/3961/3645 3873/3962/3645 3890/3979/3645 3889/3978/3645
f 3873/3962/3646 3874/3963/3646 3891/3980/3646 3890/3979/3646
f 3874/3963/3647 3875/3964/3647 3892/3981/3647 3891/3980/3647
f 3875/3964/3648 3876/3965/3648 3893/3982/3648 3892/3981/3648
f 3876/3965/3649 3877/3966/3649 3894/3983/3649 3893/3982/3649
f 3877/3966/3650 3878/3967/3650 3895/3984/3650 3894/3983/3650
f 3878/3967/3651 3879/3968/3651 3896/3985/3651 3895/3984/3651
f 3879/3968/3652 3880/3969/3652 3897/3986/3652 3896/3985/3652
f 3880/3969/3653 3881/3970/3653 3898/3987/3653 3897/3986/3653
f 3882/3972/3654 3883/3971/3654 3900/3988/3654 3899/3989/3654
f 3883/3971/3655 3884/3973/3655 3901/3990/3655 3900/3988/3655
f 3884/3973/3656 3885/3974/3656 3902/3991/3656 3901/3990/3656
f 3885/3974/3657 3886/3975/3657 3903/3992/3657 3902/3991/3657
f 3886/3975/3658 3887/3976/3658 3904/3993/3658 3903/3992/3658
f 3887/3976/3659 3888/3977/3659 3905/3994/3659 3904/3993/3659
f 3888/3977/3660 3889/3978/3660 3906/3995/3660 3905/3994/3660
f 3889/3978/3661 3890/3979/3661 3907/3996/3661 3906/3995/3661
f 3890/3979/3662 3891/3980/3662 3908/3997/3662 3907/3996/3662
f 3891/3980/3663 3892/3981/3663 3909/3998/3663 3908/3997/3663
f 3892/3981/3664 3893/3982/3664 3910/3999/3664 3909/3998/3664
f 3893/3982/3665 3894/3983/3665 3911/4000/3665 3910/3999/3665
f 3894/3983/3666 3895/3984/3666 3912/4001/3666 3911/4000/3666
f 3895/3984/3667 3896/3985/3667 3913/4002/3667 3912/4001/3667
f 3896/3985/3668 3897/3986/3668 3914/4003/3668 3913/4002/3668
f 3897/3986/3669 3898/3987/3669 3915/4004/3669 3914/4003/3669
f 3899/3989/3670 3900/3988/3670 3917/4005/3670 3916/4006/3670
f 3900/3988/3671 3901/3990/3671 3918/4007/3671 3917/4005/3671
f 3901/3990/3672 3902/3991/3672 3919/4008/3672 3918/4007/3672
f 3902/3991/3673 3903/3992/3673 3920/4009/3673 3919/4008/3673
f 3903/3992/3674 3904/3993/3674 3921/4010/3674 3920/4009/3674
f 3904/3993/3675 3905/3994/3675 3922/4011/3675 3921/4010/3675
f 3905/3994/3676 3906/3995/3676 3923/4012/3676 3922/4011/3676
f 3906/3995/3677 3907/3996/3677 3924/4013/3677 3923/4012/3677
f 3907/3996/3678 3908/3997/3678 3925/4014/3678 3924/4013/3678
f 3908/3997/3679 3909/3998/3679 3926/4015/3679 3925/4014/3679
f 3909/3998/3680 3910/3999/3680 3927/4016/3680 3926/4015/3680
f 3910/3999/3681 3911/4000/3681 3928/4017/3681 3927/4016/3681
f 3911/4000/3682 3912/4001/3682 3929/4018/3682 3928/4017/3682
f 3912/4001/3683 3913/4002/3683 3930/4019/3683 3929/4018/3683
f 3913/4002/3684 3914/4003/3684 3931/4020/3684 3930/4019/3684
f 3914/4003/3685 3915/4004/3685 3932/4021/3685 3931/4020/3685
f 3916/4006/3686 3917/4005/3686 3934/4022/3686 3933/4023/3686
f 3917/4005/3687 3918/4007/3687 3935/4024/3687 3934/4022/3687
f 3918/4007/3688 3919/4008/3688 3936/4025/3688 3935/4024/3688
f 3919/4008/3689 3920/4009/3689 3937/4026/3689 3936/4025/3689
f 3920/4009/3690 3921/4010/3690 3938/4027/3690 3937/4026/3690
f 3921/4010/3691 3922/4011/3691 3939/4028/3691 3938/4027/3691
f 3922/4011/3692 3923/4012/3692 3940/4029/3692 3939/4028/3692
f 3923/4012/3693 3924/4013/3693 3941/4030/3693 3940/4029/3693
f 3924/4013/3694 3925/4014/3694 3942/4031/3694 3941/4030/3694
f 3925/4014/3695 3926/4015/3695 3943/4032/3695 3942/4031/3695
f 3926/4015/3696 3927/4016/3696 3944/4033/3696 3943/4032/3696
f 3927/4016/3697 3928/4017/3697 3945/4034/3697 3944/4033/3697
f 3928/4017/3698 3929/4018/3698 3946/4035/3698 3945/4034/3698
f 3929/4018/3699 3930/4019/3699 3947/4036/3699 3946/4035/3699
f 3930/4019/3700 3931/4020/3700 3948/4037/3700 3947/4036/3700
f 3931/4020/3701 3932/4021/3701 3949/4038/3701 3948/4037/3701
f 3933/4023/3702 3934/4022/3702 3951/4039/3702 3950/4040/3702
f 3934/4022/3703 3935/4024/3703 3952/4041/3703 3951/4039/3703
f 3935/4024/3704 3936/4025/3704 3953/4042/3704 3952/4041/3704
f 3936/4025/3705 3937/4026/3705 3954/4043/3705 3953/4042/3705
f 3937/4026/3706 3938/4027/3706 3955/4044/3706 3954/4043/3706
f 3938/4027/3707 3939/4028/3707 3956/4045/3707 3955/4044/3707
f 3939/4028/3708 3940/4029/3708 3957/4046/3708 3956/4045/3708
f 3940/4029/3709 3941/4030/3709 3958/4047/3709 3957/4046/3709
f 3941/4030/3710 3942/4031/3710 3959/4048/3710 3958/4047/3710
f 3942/4031/3711 3943/4032/3711 3960/4049/3711 3959/4048/3711
f 3943/4032/3712 3944/4033/3712 3961/4050/3712 3960/4049/3712
f 3944/4033/3713 3945/4034/3713 3962/4051/3713 3961/4050/3713
f 3945/4034/3714 3946/4035/3714 3963/4052/3714 3962/4051/3714
f 3946/4035/3715 3947/4036/3715 3964/4053/3715 3963/4052/3715
f 3947/4036/3716 3948/4037/3716 3965/4054/3716 3964/4053/3716
f 3948/4037/3717 3949/4038/3717 3966/4055/3717 3965/4054/3717
f 3950/4040/3718 3951/4039/3718 3968/4056/3718 3967/4057/3718
f 3951/4039/3719 3952/4041/3719 3969/4058/3719 3968/4056/3719
f 3952/4041/3720 3953/4042/3720 3970/4059/3720 3969/4058/3720
f 3953/4042/3721 3954/4043/3721 3971/4060/3721 3970/4059/3721
f 3954/4043/3722 3955/4044/3722 3972/4061/3722 3971/4060/3722
f 3955/4044/3723 3956/4045/3723 3973/4062/3723 3972/4061/3723
f 3956/4045/3724 3957/4046/3724 3974/4063/3724 3973/4062/3724
f 3957/4046/3725 3958/4047/3725 3975/4064/3725 3974/4063/3725
f 3958/4047/3726 3959/4048/3726 3976/4065/3726 3975/4064/3726
f 3959/4048/3727 3960/4049/3727 3977/4066/3727 3976/4065/3727
f 3960/4049/3728 3961/4050/3728 3978/4067/3728 3977/4066/3728
f 3961/4050/3729 3962/4051/3729 3979/4068/3729 3978/4067/3729
f 3962/4051/3730 3963/4052/3730 3980/4069/3730 3979/4068/3730
f 3963/4052/3731 3964/4053/3731 3981/4070/3731 3980/4069/3731
f 3964/4053/3732 3965/4054/3732 3982/4071/3732 3981/4070/3732
f 3965/4054/3733 3966/4055/3733 3983/4072/3733 3982/4071/3733
f 3967/4057/3734 3968/4056/3734 3985/4073/3734 3984/4074/3734
f 3968/4056/3735 3969/4058/3735 3986/4075/3735 3985/4073/3735
f 3969/4058/3736 3970/4059/3736 3987/4076/3736 3986/4075/3736
f 3970/4059/3737 3971/4060/3737 3988/4077/3737 3987/4076/3737
f 3971/4060/3738 3972/4061/3738 3989/4078/3738 3988/4077/3738
f 3972/4061/3739 3973/4062/3739 3990/4079/3739 3989/4078/3739
f 3973/4062/3740 3974/4063/3740 3991/4080/3740 3990/4079/3740
f 3974/4063/3741 3975/4064/3741 3992/4081/3741 3991/4080/3741
f 3975/4064/3742 3976/4065/3742 3993/4082/3742 3992/4081/3742
f 3976/4065/3743 3977/4066/3743 3994/4083/3743 3993/4082/3743
f 3977/4066/3744 3978/4067/3744 3995/4084/3744 3994/4083/3744
f 3978/4067/3745 3979/4068/3745 3996/4085/3745 3995/4084/3745
f 3979/4068/3746 3980/4069/3746 3997/4086/3746 3996/4085/3746
f 3980/4069/3747 3981/4070/3747 3998/4087/3747 3997/4086/3747
f 3981/4070/3748 3982/4071/3748 3999/4088/3748 3998/4087/3748
f 3982/4071/3749 3983/4072/3749 4000/4089/3749 3999/4088/3749
f 3984/4074/3750 3985/4073/3750 4002/4090/3750 4001/4091/3750
f 3985/4073/3751 3986/4075/3751 4003/4092/3751 4002/4090/3751
f 3986/4075/3752 3987/4076/3752 4004/4093/3752 4003/4092/3752
f 3987/4076/3753 3988/4077/3753 4005/4094/3753 4004/4093/3753
f 3988/4077/3754 3989/4078/3754 4006/4095/3754 4005/4094/3754
f 3989/4078/3755 3990/4079/3755 4007/4096/3755 4006/4095/3755
f 3990/4079/3756 3991/4080/3756 4008/4097/3756 4007/4096/3756
f 3991/4080/3757 3992/4081/3757 4009/4098/3757 4008/4097/3757
f 3992/4081/3758 3993/4082/3758 4010/4099/3758 4009/4098/3758
f 3993/4082/3759 3994/4083/3759 4011/4100/3759 4010/4099/3759
f 3994/4083/3760 3995/4084/3760 4012/4101/3760 4011/4100/3760
f 3995/4084/3761 3996/4085/3761 4013/4102/3761 4012/4101/3761
f 3996/4085/3762 3997/4086/3762 4014/4103/3762 4013/4102/3762
f 3997/4086/3763 3998/4087/3763 4015/4104/3763 4014/4103/3763
f 3998/4087/3764 3999/4088/3764 4016/4105/3764 4015/4104/3764
f 3999/4088/3765 4000/4089/3765 4017/4106/3765 4016/4105/3765
f 4001/4091/3766 4002/4090/3766 4019/4107/3766 4018/4108/3766
f 4002/4090/3767 4003/4092/3767 4020/4109/3767 4019/4107/3767
f 4003/4092/3768 4004/4093/3768 4021/4110/3768 4020/4109/3768
f 4004/4093/3769 4005/4094/3769 4022/4111/3769 4021/4110/3769
f 4005/4094/3770 4006/4095/3770 4023/4112/3770 4022/4111/3770
f 4006/4095/3771 4007/4096/3771 4024/4113/3771 4023/4112/3771
f 4007/4096/3772 4008/4097/3772 4025/4114/3772 4024/4113/3772
f 4008/4097/3773 4009/4098/3773 4026/4115/3773 4025/4114/3773
f 4009/4098/3774 4010/4099/3774 4027/4116/3774 4026/4115/3774
f 4010/4099/3775 4011/4100/3775 4028/4117/3775 4027/4116/3775
f 4011/4100/3776 4012/4101/3776 4029/4118/3776 4028/4117/3776
f 4012/4101/3777 4013/4102/3777 4030/4119/3777 4029/4118/3777
f 4013/4102/3778 4014/4103/3778 4031/4120/3778 4030/4119/3778
f 4014/4103/3779 4015/4104/3779 4032/4121/3779 4031/4120/3779
f 4015/4104/3780 4016/4105/3780 4033/4122/3780 4032/4121/3780
f 4016/4105/3781 4017/4106/3781 4034/4123/3781 4033/4122/3781
f 4018/4108/3782 4019/4107/3782 4036/4124/3782 4035/4125/3782
f 4019/4107/3783 4020/4109/3783 4037/4126/3783 4036/4124/3783
f 4020/4109/3784 4021/4110/3784 4038/4127/3784 4037/4126/3784
f 4021/4110/3785 4022/4111/3785 4039/4128/3785 4038/4127/3785
f 4022/4111/3786 4023/4112/3786 4040/4129/3786 4039/4128/3786
f 4023/4112/3787 4024/4113/3787 4041/4130/3787 4040/4129/3787
f 4024/4113/3788 4025/4114/3788 4042/4131/3788 4041/4130/3788
f 4025/4114/3789 4026/4115/3789 4043/4132/3789 4042/4131/3789
f 4026/4115/3790 4027/4116/3790 4044/4133/3790 4043/4132/3790
f 4027/4116/3791 4028/4117/3791 4045/4134/3791 4044/4133/3791
f 4028/4117/3792 4029/4118/3792 4046/4135/3792 4045/4134/3792
f 4029/4118/3793 4030/4119/3793 4047/4136/3793 4046/4135/3793
f 4030/4119/3794 4031/4120/3794 4048/4137/3794 4047/4136/3794
f 4031/4120/3795 4032/4121/3795 4049/4138/3795 4048/4137/3795
f 4032/4121/3796 4033/4122/3796 4050/4139/3796 4049/4138/3796
f 4033/4122/3797 4034/4123/3797 4051/4140/3797 4050/4139/3797
f 4035/4125/3798 4036/4124/3798 4053/4141/3798 4052/4142/3798
f 4036/4124/3799 4037/4126/3799 4054/4143/3799 4053/4141/3799
f 4037/4126/3800 4038/4127/3800 4055/4144/3800 4054/4143/3800
f 4038/4127/3801 4039/4128/3801 4056/4145/3801 4055/4144/3801
f 4039/4128/3802 4040/4129/3802 4057/4146/3802 4056/4145/3802
f 4040/4129/3803 4041/4130/3803 4058/4147/3803 4057/4146/3803
f 4041/4130/3804 4042/4131/3804 4059/4148/3804 4058/4147/3804
f 4042/4131/3805 4043/4132/3805 4060/4149/3805 4059/4148/3805
f 4043/4132/3806 4044/4133/3806 4061/4150/3806 4060/4149/3806
f 4044/4133/3807 4045/4134/3807 4062/4151/3807 4061/4150/3807
f 4045/4134/3808 4046/4135/3808 4063/4152/3808 4062/4151/3808
f 4046/4135/3809 4047/4136/3809 4064/4153/3809 4063/4152/3809
f 4047/4136/3810 4048/4137/3810 4065/4154/3810 4064/4153/3810
f 4048/4137/3811 4049/4138/3811 4066/4155/3811 4065/4154/3811
f 4049/4138/3812 4050/4139/3812 4067/4156/3812 4066/4155/3812
f 4050/4139/3813 4051/4140/3813 4068/4157/3813 4067/4156/3813
f 4052/4142/3814 4053/4141/3814 4070/4158/3814 4069/4159/3814
f 4053/4141/3815 4054/4143/3815 4071/4160/3815 4070/4158/3815
f 4054/4143/3816 4055/4144/3816 4072/4161/3816 4071/4160/3816
f 4055/4144/3817 4056/4145/3817 4073/4162/3817 4072/4161/3817
f 4056/4145/3818 4057/4146/3818 4074/4163/3818 4073/4162/3818
f 4057/4146/3819 4058/4147/3819 4075/4164/3819 4074/4163/3819
f 4058/4147/3820 4059/4148/3820 4076/4165/3820 4075/4164/3820
f 4059/4148/3821 4060/4149/3821 4077/4166/3821 4076/4165/3821
f 4060/4149/3822 4061/4150/3822 4078/4167/3822 4077/4166/3822
f 4061/4150/3823 4062/4151/3823 4079/4168/3823 4078/4167/3823
f 4062/4151/3824 4063/4152/3824 4080/4169/3824 4079/4168/3824
f 4063/4152/3825 4064/4153/3825 4081/4170/3825 4080/4169/3825
f 4064/4153/3826 4065/4154/3826 4082/4171/3826 4081/4170/3826
f 4065/4154/3827 4066/4155/3827 4083/4172/3827 4082/4171/3827
f 4066/4155/3828 4067/4156/3828 4084/4173/3828 4083/4172/3828
f 4067/4156/3829 4068/4157/3829 4085/4174/3829 4084/4173/3829
f 4069/4159/3830 4070/4158/3830 3576/4175/3830 3559/4176/3830
f 4070/4158/3831 4071/4160/3831 3593/4177/3831 3576/4175/3831
f 4071/4160/3832 4072/4161/3832 3610/4178/3832 3593/4177/3832
f 4072/4161/3833 4073/4162/3833 3627/4179/3833 3610/4178/3833
f 4073/4162/3834 4074/4163/3834 3644/4180/3834 3627/4179/3834
f 4074/4163/3835 4075/4164/3835 3661/4181/3835 3644/4180/3835
f 4075/4164/3836 4076/4165/3836 3678/4182/3836 3661/4181/3836
f 4076/4165/3837 4077/4166/3837 3695/4183/3837 3678/4182/3837
f 4077/4166/3838 4078/4167/3838 3712/4184/3838 3695/4183/3838
f 4078/4167/3839 4079/4168/3839 3729/4185/3839 3712/4184/3839
f 4079/4168/3840 4080/4169/3840 3746/4186/3840 3729/4185/3840
f 4080/4169/3841 4081/4170/3841 3763/4187/3841 3746/4186/3841
f 4081/4170/3842 4082/4171/3842 3780/4188/3842 3763/4187/3842
f 4082/4171/3843 4083/4172/3843 3797/4189/3843 3780/4188/3843
f 4083/4172/3844 4084/4173/3844 3814/4190/3844 3797/4189/3844
f 4084/4173/3845 4085/4174/3845 3543/4191/3845 3814/4190/3845
f 4086/8/3846 4089/4192/3846 4106/4193/3846 4105/4194/3846
f 4089/4192/3847 4090/4195/3847 4107/4196/3847 4106/4193/3847
f 4090/4195/3848 4091/4197/3848 4108/4198/3848 4107/4196/3848
f 4091/4197/3849 4092/4199/3849 4109/4200/3849 4108/4198/3849
f 4092/4199/3850 4093/4201/3850 4110/4202/3850 4109/4200/3850
f 4093/4201/3851 4094/4203/3851 4111/4204/3851 4110/4202/3851
f 4094/4203/3852 4095/4205/3852 4112/4206/3852 4111/4204/3852
f 4095/4205/3853 4096/4207/3853 4113/4208/3853 4112/4206/3853
f 4096/4207/3854 4097/4209/3854 4114/4210/3854 4113/4208/3854
f 4097/4209/3855 4098/4211/3855 4115/4212/3855 4114/4210/3855
f 4098/4211/3856 4099/4213/3856 4116/4214/3856 4115/4212/3856
f 4099/4213/3857 4100/4215/3857 4117/4216/3857 4116/4214/3857
f 4100/4215/3858 4101/4217/3858 4118/4218/3858 4117/4216/3858
f 4101/4217/3859 4102/4219/3859 4119/4220/3859 4118/4218/3859
f 4102/4219/3860 4103/4221/3860 4120/4222/3860 4119/4220/3860
f 4103/4221/3861 4104/4223/3861 4121/4224/3861 4120/4222/3861
f 4105/4194/3862 4106/4193/3862 4123/4225/3862 4122/4226/3862
f 4106/4193/3863 4107/4196/3863 4124/4227/3863 4123/4225/3863
f 4107/4196/3864 4108/4198/3864 4125/4228/3864 4124/4227/3864
f 4108/4198/3865 4109/4200/3865 4126/4229/3865 4125/4228/3865
f 4109/4200/3866 4110/4202/3866 4127/4230/3866 4126/4229/3866
f 4110/4202/3867 4111/4204/3867 4128/4231/3867 4127/4230/3867
f 4111/4204/3868 4112/4206/3868 4129/4232/3868 4128/4231/3868
f 4112/4206/3869 4113/4208/3869 4130/4233/3869 4129/4232/3869
f 4113/4208/3870 4114/4210/3870 4131/4234/3870 4130/4233/3870
f 4114/4210/3871 4115/4212/3871 4132/4235/3871 4131/4234/3871
f 4115/4212/3872 4116/4214/3872 4133/4236/3872 4132/4235/3872
f 4116/4214/3873 4117/4216/3873 4134/4237/3873 4133/4236/3873
f 4117/4216/3874 4118/4218/3874 4135/4238/3874 4134/4237/3874
f 4118/4218/3875 4119/4220/3875 4136/4239/3875 4135/4238/3875
f 4119/4220/3876 4120/4222/3876 4137/4240/3876 4136/4239/3876
f 4120/4222/3877 4121/4224/3877 4138/4241/3877 4137/4240/3877
f 4122/4226/3878 4123/4225/3878 4140/4242/3878 4139/4243/3878
f 4123/4225/3879 4124/4227/3879 4141/4244/3879 4140/4242/3879
f 4124/4227/3880 4125/4228/3880 4142/4245/3880 4141/4244/3880
f 4125/4228/3881 4126/4229/3881 4143/4246/3881 4142/4245/3881
f 4126/4229/3882 4127/4230/3882 4144/4247/3882 4143/4246/3882
f 4127/4230/3883 4128/4231/3883 4145/4248/3883 4144/4247/3883
f 4128/4231/3884 4129/4232/3884 4146/4249/3884 4145/4248/3884
f 4129/4232/3885 4130/4233/3885 4147/4250/3885 4146/4249/3885
f 4130/4233/3886 4131/4234/3886 4148/4251/3886 4147/4250/3886
f 4131/4234/3887 4132/4235/3887 4149/4252/3887 4148/4251/3887
f 4132/4235/3888 4133/4236/3888 4150/4253/3888 4149/4252/3888
f 4133/4236/3889 4134/4237/3889 4151/4254/3889 4150/4253/3889
f 4134/4237/3890 4135/4238/3890 4152/4255/3890 4151/4254/3890
f 4135/4238/3891 4136/4239/3891 4153/4256/3891 4152/4255/3891
f 4136/4239/3892 4137/4240/3892 4154/4257/3892 4153/4256/3892
f 4137/4240/3893 4138/4241/3893 4155/4258/3893 4154/4257/3893
f 4139/4243/3894 4140/4242/3894 4157/4259/3894 4156/4260/3894
f 4140/4242/3895 4141/4244/3895 4158/4261/3895 4157/4259/3895
f 4141/4244/3896 4142/4245/3896 4159/4262/3896 4158/4261/3896
f 4142/4245/3897 4143/4246/3897 4160/4263/3897 4159/4262/3897
f 4143/4246/3898 4144/4247/3898 4161/4264/3898 4160/4263/3898
f 4144/4247/3899 4145/4248/3899 4162/4265/3899 4161/4264/3899
f 4145/4248/3900 4146/4249/3900 4163/4266/3900 4162/4265/3900
f 4146/4249/3901 4147/4250/3901 4164/4267/3901 4163/4266/3901
f 4147/4250/3902 4148/4251/3902 4165/4268/3902 4164/4267/3902
f 4148/4251/3903 4149/4252/3903 4166/4269/3903 4165/4268/3903
f 4149/4252/3904 4150/4253/3904 4167/4270/3904 4166/4269/3904
f 4150/4253/3905 4151/4254/3905 4168/4271/3905 4167/4270/3905
f 4151/4254/3906 4152/4255/3906 4169/4272/3906 4168/4271/3906
f 4152/4255/3907 4153/4256/3907 4170/4273/3907 4169/4272/3907
f 4153/4256/3908 4154/4257/3908 4171/4274/3908 4170/4273/3908
f 4154/4257/3909 4155/4258/3909 4172/4275/3909 4171/4274/3909
f 4156/4260/3910 4157/4259/3910 4174/4276/3910 4173/4277/3910
f 4157/4259/3911 4158/4261/3911 4175/4278/3911 4174/4276/3911
f 4158/4261/3912 4159/4262/3912 4176/4279/3912 4175/4278/3912
f 4159/4262/3913 4160/4263/3913 4177/4280/3913 4176/4279/3913
f 4160/4263/3914 4161/4264/3914 4178/4281/3914 4177/4280/3914
f 4161/4264/3915 4162/4265/3915 4179/4282/3915 4178/4281/3915
f 4162/4265/3916 4163/4266/3916 4180/4283/3916 4179/4282/3916
f 4163/4266/3917 4164/4267/3917 4181/4284/3917 4180/4283/3917
f 4164/4267/3918 4165/4268/3918 4182/4285/3918 4181/4284/3918
f 4165/4268/3919 4166/4269/3919 4183/4286/3919 4182/4285/3919
f 4166/4269/3920 4167/4270/3920 4184/4287/3920 4183/4286/3920
f 4167/4270/3921 4168/4271/3921 4185/4288/3921 4184/4287/3921
f 4168/4271/3922 4169/4272/3922 4186/4289/3922 4185/4288/3922
f 4169/4272/3923 4170/4273/3923 4187/4290/3923 4186/4289/3923
f 4170/4273/3924 4171/4274/3924 4188/4291/3924 4187/4290/3924
f 4171/4274/3925 4172/4275/3925 4189/4292/3925 4188/4291/3925
f 4173/4277/3926 4174/4276/3926 4191/4293/3926 4190/4294/3926
f 4174/4276/3927 4175/4278/3927 4192/4295/3927 4191/4293/3927
f 4175/4278/3928 4176/4279/3928 4193/4296/3928 4192/4295/3928
f 4176/4279/3929 4177/4280/3929 4194/4297/3929 4193/4296/3929
f 4177/4280/3930 4178/4281/3930 4195/4298/3930 4194/4297/3930
f 4178/4281/3931 4179/4282/3931 4196/4299/3931 4195/4298/3931
f 4179/4282/3932 4180/4283/3932 4197/4300/3932 4196/4299/3932
f 4180/4283/3933 4181/4284/3933 4198/4301/3933 4197/4300/3933
f 4181/4284/3934 4182/4285/3934 4199/4302/3934 4198/4301/3934
f 4182/4285/3935 4183/4286/3935 4200/4303/3935 4199/4302/3935
f 4183/4286/3936 4184/4287/3936 4201/4304/3936 4200/4303/3936
f 4184/4287/3937 4185/4288/3937 4202/4305/3937 4201/4304/3937
f 4185/4288/3938 4186/4289/3938 4203/4306/3938 4202/4305/3938
f 4186/4289/3939 4187/4290/3939 4204/4307/3939 4203/4306/3939
f 4187/4290/3940 4188/4291/3940 4205/4308/3940 4204/4307/3940
f 4188/4291/3941 4189/4292/3941 4206/4309/3941 4205/4308/3941
f 4190/4294/3942 4191/4293/3942 4208/4310/3942 4207/4311/3942
f 4191/4293/3943 4192/4295/3943 4209/4312/3943 4208/4310/3943
f 4192/4295/3944 4193/4296/3944 4210/4313/3944 4209/4312/3944
f 4193/4296/3945 4194/4297/3945 4211/4314/3945 4210/4313/3945
f 4194/4297/3946 4195/4298/3946 4212/4315/3946 4211/4314/3946
f 4195/4298/3947 4196/4299/3947 4213/4316/3947 4212/4315/3947
f 4196/4299/3948 4197/4300/3948 4214/4317/3948 4213/4316/3948
f 4197/4300/3949 4198/4301/3949 4215/4318/3949 4214/4317/3949
f 4198/4301/3950 4199/4302/3950 4216/4319/3950 4215/4318/3950
f 4199/4302/3951 4200/4303/3951 4217/4320/3951 4216/4319/3951
f 4200/4303/3952 4201/4304/3952 4218/4321/3952 4217/4320/3952
f 4201/4304/3953 4202/4305/3953 4219/4322/3953 4218/4321/3953
f 4202/4305/3954 4203/4306/3954 4220/4323/3954 4219/4322/3954
f 4203/4306/3955 4204/4307/3955 4221/4324/3955 4220/4323/3955
f 4204/4307/3956 4205/4308/3956 4222/4325/3956 4221/4324/3956
f 4205/4308/3957 4206/4309/3957 4223/4326/3957 4222/4325/3957
f 4207/4311/3958 4208/4310/3958 4225/4327/3958 4224/4328/3958
f 4208/4310/3959 4209/4312/3959 4226/4329/3959 4225/4327/3959
f 4209/4312/3960 4210/4313/3960 4227/4330/3960 4226/4329/3960
f 4210/4313/3961 4211/4314/3961 4228/4331/3961 4227/4330/3961
f 4211/4314/3962 4212/4315/3962 4229/4332/3962 4228/4331/3962
f 4212/4315/3963 4213/4316/3963 4230/4333/3963 4229/4332/3963
f 4213/4316/3964 4214/4317/3964 4231/4334/3964 4230/4333/3964
f 4214/4317/3965 4215/4318/3965 4232/4335/3965 4231/4334/3965
f 4215/4318/3966 4216/4319/3966 4233/4336/3966 4232/4335/3966
f 4216/4319/3967 4217/4320/3967 4234/4337/3967 4233/4336/3967
f 4217/4320/3968 4218/4321/3968 4235/4338/3968 4234/4337/3968
f 4218/4321/3969 4219/4322/3969 4236/4339/3969 4235/4338/3969
f 4219/4322/3970 4220/4323/3970 4237/4340/3970 4236/4339/3970
f 4220/4323/3971 4221/4324/3971 4238/4341/3971 4237/4340/3971
f 4221/4324/3972 4222/4325/3972 4239/4342/3972 4238/4341/3972
f 4222/4325/3973 4223/4326/3973 4240/4343/3973 4239/4342/3973
f 4224/4328/3974 4225/4327/3974 4242/4344/3974 4241/4345/3974
f 4225/4327/3975 4226/4329/3975 4243/4346/3975 4242/4344/3975
f 4226/4329/3976 4227/4330/3976 4244/4347/3976 4243/4346/3976
f 4227/4330/3977 4228/4331/3977 4245/4348/3977 4244/4347/3977
f 4228/4331/3978 4229/4332/3978 4246/4349/3978 4245/4348/3978
f 4229/4332/3979 4230/4333/3979 4247/4350/3979 4246/4349/3979
f 4230/4333/3980 4231/4334/3980 4248/4351/3980 4247/4350/3980
f 4231/4334/3981 4232/4335/3981 4249/4352/3981 4248/4351/3981
f 4232/4335/3982 4233/4336/3982 4250/4353/3982 4249/4352/3982
f 4233/4336/3983 4234/4337/3983 4251/4354/3983 4250/4353/3983
f 4234/4337/3984 4235/4338/3984 4252/4355/3984 4251/4354/3984
f 4235/4338/3985 4236/4339/3985 4253/4356/3985 4252/4355/3985
f 4236/4339/3986 4237/4340/3986 4254/4357/3986 4253/4356/3986
f 4237/4340/3987 4238/4341/3987 4255/4358/3987 4254/4357/3987
f 4238/4341/3988 4239/4342/3988 4256/4359/3988 4255/4358/3988
f 4239/4342/3989 4240/4343/3989 4257/4360/3989 4256/4359/3989
f 4241/4345/3990 4242/4344/3990 4259/4361/3990 4258/4362/3990
f 4242/4344/3991 4243/4346/3991 4260/4363/3991 4259/4361/3991
f 4243/4346/3992 4244/4347/3992 4261/4364/3992 4260/4363/3992
f 4244/4347/3993 4245/4348/3993 4262/4365/3993 4261/4364/3993
f 4245/4348/3994 4246/4349/3994 4263/4366/3994 4262/4365/3994
f 4246/4349/3995 4247/4350/3995 4264/4367/3995 4263/4366/3995
f 4247/4350/3996 4248/4351/3996 4265/4368/3996 4264/4367/3996
f 4248/4351/3997 4249/4352/3997 4266/4369/3997 4265/4368/3997
f 4249/4352/3998 4250/4353/3998 4267/4370/3998 4266/4369/3998
f 4250/4353/3999 4251/4354/3999 4268/4371/3999 4267/4370/3999
f 4251/4354/4000 4252/4355/4000 4269/4372/4000 4268/4371/4000
f 4252/4355/4001 4253/4356/4001 4270/4373/4001 4269/4372/4001
f 4253/4356/4002 4254/4357/4002 4271/4374/4002 4270/4373/4002
f 4254/4357/4003 4255/4358/4003 4272/4375/4003 4271/4374/4003
f 4255/4358/4004 4256/4359/4004 4273/4376/4004 4272/4375/4004
f 4256/4359/4005 4257/4360/4005 4274/4377/4005 4273/4376/4005
f 4258/4362/4006 4259/4361/4006 4276/4378/4006 4275/4379/4006
f 4259/4361/4007 4260/4363/4007 4277/4380/4007 4276/4378/4007
f 4260/4363/4008 4261/4364/4008 4278/4381/4008 4277/4380/4008
f 4261/4364/4009 4262/4365/4009 4279/4382/4009 4278/4381/4009
f 4262/4365/4010 4263/4366/4010 4280/4383/4010 4279/4382/4010
f 4263/4366/4011 4264/4367/4011 4281/4384/4011 4280/4383/4011
f 4264/4367/4012 4265/4368/4012 4282/4385/4012 4281/4384/4012
f 4265/4368/4013 4266/4369/4013 4283/4386/4013 4282/4385/4013
f 4266/4369/4014 4267/4370/4014 4284/4387/4014 4283/4386/4014
f 4267/4370/4015 4268/4371/4015 4285/4388/4015 4284/4387/4015
f 4268/4371/4016 4269/4372/4016 4286/4389/4016 4285/4388/4016
f 4269/4372/4017 4270/4373/4017 4287/4390/4017 4286/4389/4017
f 4270/4373/4018 4271/4374/4018 4288/4391/4018 4287/4390/4018
f 4271/4374/4019 4272/4375/4019 4289/4392/4019 4288/4391/4019
f 4272/4375/4020 4273/4376/4020 4290/4393/4020 4289/4392/4020
f 4273/4376/4021 4274/4377/4021 4291/4394/4021 4290/4393/4021
f 4275/4379/4022 4276/4378/4022 4293/4395/4022 4292/4396/4022
f 4276/4378/4023 4277/4380/4023 4294/4397/4023 4293/4395/4023
f 4277/4380/4024 4278/4381/4024 4295/4398/4024 4294/4397/4024
f 4278/4381/4025 4279/4382/4025 4296/4399/4025 4295/4398/4025
f 4279/4382/4026 4280/4383/4026 4297/4400/4026 4296/4399/4026
f 4280/4383/4027 4281/4384/4027 4298/4401/4027 4297/4400/4027
f 4281/4384/4028 4282/4385/4028 4299/4402/4028 4298/4401/4028
f 4282/4385/4029 4283/4386/4029 4300/4403/4029 4299/4402/4029
f 4283/4386/4030 4284/4387/4030 4301/4404/4030 4300/4403/4030
f 4284/4387/4031 4285/4388/4031 4302/4405/4031 4301/4404/4031
f 4285/4388/4032 4286/4389/4032 4303/4406/4032 4302/4405/4032
f 4286/4389/4033 4287/4390/4033 4304/4407/4033 4303/4406/4033
f 4287/4390/4034 4288/4391/4034 4305/4408/4034 4304/4407/4034
f 4288/4391/4035 4289/4392/4035 4306/4409/4035 4305/4408/4035
f 4289/4392/4036 4290/4393/4036 4307/4410/4036 4306/4409/4036
f 4290/4393/4037 4291/4394/4037 4308/4411/4037 4307/4410/4037
f 4292/4396/4038 4293/4395/4038 4310/4412/4038 4309/4413/4038
f 4293/4395/4039 4294/4397/4039 4311/4414/4039 4310/4412/4039
f 4294/4397/4040 4295/4398/4040 4312/4415/4040 4311/4414/4040
f 4295/4398/4041 4296/4399/4041 4313/4416/4041 4312/4415/4041
f 4296/4399/4042 4297/4400/4042 4314/4417/4042 4313/4416/4042
f 4297/4400/4043 4298/4401/4043 4315/4418/4043 4314/4417/4043
f 4298/4401/4044 4299/4402/4044 4316/4419/4044 4315/4418/4044
f 4299/4402/4045 4300/4403/4045 4317/4420/4045 4316/4419/4045
f 4300/4403/4046 4301/4404/4046 4318/4421/4046 4317/4420/4046
f 4301/4404/4047 4302/4405/4047 4319/4422/4047 4318/4421/4047
f 4302/4405/4048 4303/4406/4048 4320/4423/4048 4319/4422/4048
f 4303/4406/4049 4304/4407/4049 4321/4424/4049 4320/4423/4049
f 4304/4407/4050 4305/4408/4050 4322/4425/4050 4321/4424/4050
f 4305/4408/4051 4306/4409/4051 4323/4426/4051 4322/4425/4051
f 4306/4409/4052 4307/4410/4052 4324/4427/4052 4323/4426/4052
f 4307/4410/4053 4308/4411/4053 4325/4428/4053 4324/4427/4053
f 4309/4413/4054 4310/4412/4054 4327/4429/4054 4326/4430/4054
f 4310/4412/4055 4311/4414/4055 4328/4431/4055 4327/4429/4055
f 4311/4414/4056 4312/4415/4056 4329/4432/4056 4328/4431/4056
f 4312/4415/4057 4313/4416/4057 4330/4433/4057 4329/4432/4057
f 4313/4416/4058 4314/4417/4058 4331/4434/4058 4330/4433/4058
f 4314/4417/4059 4315/4418/4059 4332/4435/4059 4331/4434/4059
f 4315/4418/4060 4316/4419/4060 4333/4436/4060 4332/4435/4060
f 4316/4419/4061 4317/4420/4061 4334/4437/4061 4333/4436/4061
f 4317/4420/4062 4318/4421/4062 4335/4438/4062 4334/4437/4062
f 4318/4421/4063 4319/4422/4063 4336/4439/4063 4335/4438/4063
f 4319/4422/4064 4320/4423/4064 4337/4440/4064 4336/4439/4064
f 4320/4423/4065 4321/4424/4065 4338/4441/4065 4337/4440/4065
f 4321/4424/4066 4322/4425/4066 4339/4442/4066 4338/4441/4066
f 4322/4425/4067 4323/4426/4067 4340/4443/4067 4339/4442/4067
f 4323/4426/4068 4324/4427/4068 4341/4444/4068 4340/4443/4068
f 4324/4427/4069 4325/4428/4069 4342/4445/4069 4341/4444/4069
f 4326/4430/4070 4327/4429/4070 4344/4446/4070 4343/4447/4070
f 4327/4429/4071 4328/4431/4071 4345/4448/4071 4344/4446/4071
f 4328/4431/4072 4329/4432/4072 4346/4449/4072 4345/4448/4072
f 4329/4432/4073 4330/4433/4073 4347/4450/4073 4346/4449/4073
f 4330/4433/4074 4331/4434/4074 4348/4451/4074 4347/4450/4074
f 4331/4434/4075 4332/4435/4075 4349/4452/4075 4348/4451/4075
f 4332/4435/4076 4333/4436/4076 4350/4453/4076 4349/4452/4076
f 4333/4436/4077 4334/4437/4077 4351/4454/4077 4350/4453/4077
f 4334/4437/4078 4335/4438/4078 4352/4455/4078 4351/4454/4078
f 4335/4438/4079 4336/4439/4079 4353/4456/4079 4352/4455/4079
f 4336/4439/4080 4337/4440/4080 4354/4457/4080 4353/4456/4080
f 4337/4440/4081 4338/4441/4081 4355/4458/4081 4354/4457/4081
f 4338/4441/4082 4339/4442/4082 4356/4459/4082 4355/4458/4082
f 4339/4442/4083 4340/4443/4083 4357/4460/4083 4356/4459/4083
f 4340/4443/4084 4341/4444/4084 4358/4461/4084 4357/4460/4084
f 4341/4444/4085 4342/4445/4085 4359/4462/4085 4358/4461/4085
f 4343/4447/4086 4344/4446/4086 4664/4463/4086 4647/4464/4086
f 4344/4446/4087 4345/4448/4087 4681/4465/4087 4664/4463/4087
f 4345/4448/4088 4346/4449/4088 4698/4466/4088 4681/4465/4088
f 4346/4449/4089 4347/4450/4089 4715/4467/4089 4698/4466/4089
f 4347/4450/4090 4348/4451/4090 4732/4468/4090 4715/4467/4090
f 4348/4451/4091 4349/4452/4091 4749/4469/4091 4732/4468/4091
f 4349/4452/4092 4350/4453/4092 4766/4470/4092 4749/4469/4092
f 4350/4453/4093 4351/4454/4093 4783/4471/4093 4766/4470/4093
f 4351/4454/4094 4352/4455/4094 4800/4472/4094 4783/4471/4094
f 4352/4455/4095 4353/4456/4095 4817/4473/4095 4800/4472/4095
f 4353/4456/4096 4354/4457/4096 4834/4474/4096 4817/4473/4096
f 4354/4457/4097 4355/4458/4097 4851/4475/4097 4834/4474/4097
f 4355/4458/4098 4356/4459/4098 4868/4476/4098 4851/4475/4098
f 4356/4459/4099 4357/4460/4099 4885/4477/4099 4868/4476/4099
f 4357/4460/4100 4358/4461/4100 4902/4478/4100 4885/4477/4100
f 4358/4461/4101 4359/4462/4101 4360/4479/4101 4902/4478/4101
f 4087/4480/4102 4361/4481/4102 4378/4482/4102 4377/4483/4102
f 4361/4481/4103 4362/4484/4103 4379/4485/4103 4378/4482/4103
f 4362/4484/4104 4363/4486/4104 4380/4487/4104 4379/4485/4104
f 4363/4486/4105 4364/4488/4105 4381/4489/4105 4380/4487/4105
f 4364/4488/4106 4365/4490/4106 4382/4491/4106 4381/4489/4106
f 4365/4490/4107 4366/4492/4107 4383/4493/4107 4382/4491/4107
f 4366/4492/4108 4367/4494/4108 4384/4495/4108 4383/4493/4108
f 4367/4494/4109 4368/4496/4109 4385/4497/4109 4384/4495/4109
f 4368/4496/4110 4369/4498/4110 4386/4499/4110 4385/4497/4110
f 4369/4498/4111 4370/4500/4111 4387/4501/4111 4386/4499/4111
f 4370/4500/4112 4371/4502/4112 4388/4503/4112 4387/4501/4112
f 4371/4502/4113 4372/4504/4113 4389/4505/4113 4388/4503/4113
f 4372/4504/4114 4373/4506/4114 4390/4507/4114 4389/4505/4114
f 4373/4506/4115 4374/4508/4115 4391/4509/4115 4390/4507/4115
f 4374/4508/4116 4375/4510/4116 4392/4511/4116 4391/4509/4116
f 4375/4510/4117 4376/4512/4117 4393/4513/4117 4392/4511/4117
f 4377/4483/4118 4378/4482/4118 4395/4514/4118 4394/4515/4118
f 4378/4482/4119 4379/4485/4119 4396/4516/4119 4395/4514/4119
f 4379/4485/4120 4380/4487/4120 4397/4517/4120 4396/4516/4120
f 4380/4487/4121 4381/4489/4121 4398/4518/4121 4397/4517/4121
f 4381/4489/4122 4382/4491/4122 4399/4519/4122 4398/4518/4122
f 4382/4491/4123 4383/4493/4123 4400/4520/4123 4399/4519/4123
f 4383/4493/4124 4384/4495/4124 4401/4521/4124 4400/4520/4124
f 4384/4495/4125 4385/4497/4125 4402/4522/4125 4401/4521/4125
f 4385/4497/4126 4386/4499/4126 4403/4523/4126 4402/4522/4126
f 4386/4499/4127 4387/4501/4127 4404/4524/4127 4403/4523/4127
f 4387/4501/4128 4388/4503/4128 4405/4525/4128 4404/4524/4128
f 4388/4503/4129 4389/4505/4129 4406/4526/4129 4405/4525/4129
f 4389/4505/4130 4390/4507/4130 4407/4527/4130 4406/4526/4130
f 4390/4507/4131 4391/4509/4131 4408/4528/4131 4407/4527/4131
f 4391/4509/4132 4392/4511/4132 4409/4529/4132 4408/4528/4132
f 4392/4511/4133 4393/4513/4133 4410/4530/4133 4409/4529/4133
f 4394/4515/4134 4395/4514/4134 4412/4531/4134 4411/4532/4134
f 4395/4514/4135 4396/4516/4135 4413/4533/4135 4412/4531/4135
f 4396/4516/4136 4397/4517/4136 4414/4534/4136 4413/4533/4136
f 4397/4517/4137 4398/4518/4137 4415/4535/4137 4414/4534/4137
f 4398/4518/4138 4399/4519/4138 4416/4536/4138 4415/4535/4138
f 4399/4519/4139 4400/4520/4139 4417/4537/4139 4416/4536/4139
f 4400/4520/4140 4401/4521/4140 4418/4538/4140 4417/4537/4140
f 4401/4521/4141 4402/4522/4141 4419/4539/4141 4418/4538/4141
f 4402/4522/4142 4403/4523/4142 4420/4540/4142 4419/4539/4142
f 4403/4523/4143 4404/4524/4143 4421/4541/4143 4420/4540/4143
f 4404/4524/4144 4405/4525/4144 4422/4542/4144 4421/4541/4144
f 4405/4525/4145 4406/4526/4145 4423/4543/4145 4422/4542/4145
f 4406/4526/4146 4407/4527/4146 4424/4544/4146 4423/4543/4146
f 4407/4527/4147 4408/4528/4147 4425/4545/4147 4424/4544/4147
f 4408/4528/4148 4409/4529/4148 4426/4546/4148 4425/4545/4148
f 4409/4529/4149 4410/4530/4149 4427/4547/4149 4426/4546/4149
f 4411/4532/4150 4412/4531/4150 4429/4548/4150 4428/4549/4150
f 4412/4531/4151 4413/4533/4151 4430/4550/4151 4429/4548/4151
f 4413/4533/4152 4414/4534/4152 4431/4551/4152 4430/4550/4152
f 4414/4534/4153 4415/4535/4153 4432/4552/4153 4431/4551/4153
f 4415/4535/4154 4416/4536/4154 4433/4553/4154 4432/4552/4154
f 4416/4536/4155 4417/4537/4155 4434/4554/4155 4433/4553/4155
f 4417/4537/4156 4418/4538/4156 4435/4555/4156 4434/4554/4156
f 4418/4538/4157 4419/4539/4157 4436/4556/4157 4435/4555/4157
f 4419/4539/4158 4420/4540/4158 4437/4557/4158 4436/4556/4158
f 4420/4540/4159 4421/4541/4159 4438/4558/4159 4437/4557/4159
f 4421/4541/4160 4422/4542/4160 4439/4559/4160 4438/4558/4160
f 4422/4542/4161 4423/4543/4161 4440/4560/4161 4439/4559/4161
f 4423/4543/4162 4424/4544/4162 4441/4561/4162 4440/4560/4162
f 4424/4544/4163 4425/4545/4163 4442/4562/4163 4441/4561/4163
f 4425/4545/4164 4426/4546/4164 4443/4563/4164 4442/4562/4164
f 4426/4546/4165 4427/4547/4165 4444/4564/4165 4443/4563/4165
f 4428/4549/4166 4429/4548/4166 4446/4565/4166 4445/4566/4166
f 4429/4548/4167 4430/4550/4167 4447/4567/4167 4446/4565/4167
f 4430/4550/4168 4431/4551/4168 4448/4568/4168 4447/4567/4168
f 4431/4551/4169 4432/4552/4169 4449/4569/4169 4448/4568/4169
f 4432/4552/4170 4433/4553/4170 4450/4570/4170 4449/4569/4170
f 4433/4553/4171 4434/4554/4171 4451/4571/4171 4450/4570/4171
f 4434/4554/4172 4435/4555/4172 4452/4572/4172 4451/4571/4172
f 4435/4555/4173 4436/4556/4173 4453/4573/4173 4452/4572/4173
f 4436/4556/4174 4437/4557/4174 4454/4574/4174 4453/4573/4174
f 4437/4557/4175 4438/4558/4175 4455/4575/4175 4454/4574/4175
f 4438/4558/4176 4439/4559/4176 4456/4576/4176 4455/4575/4176
f 4439/4559/4177 4440/4560/4177 4457/4577/4177 4456/4576/4177
f 4440/4560/4178 4441/4561/4178 4458/4578/4178 4457/4577/4178
f 4441/4561/4179 4442/4562/4179 4459/4579/4179 4458/4578/4179
f 4442/4562/4180 4443/4563/4180 4460/4580/4180 4459/4579/4180
f 4443/4563/4181 4444/4564/4181 4461/4581/4181 4460/4580/4181
f 4445/4566/4182 4446/4565/4182 4463/4582/4182 4462/4583/4182
f 4446/4565/4183 4447/4567/4183 4464/4584/4183 4463/4582/4183
f 4447/4567/4184 4448/4568/4184 4465/4585/4184 4464/4584/4184
f 4448/4568/4185 4449/4569/4185 4466/4586/4185 4465/4585/4185
f 4449/4569/4186 4450/4570/4186 4467/4587/4186 4466/4586/4186
f 4450/4570/4187 4451/4571/4187 4468/4588/4187 4467/4587/4187
f 4451/4571/4188 4452/4572/4188 4469/4589/4188 4468/4588/4188
f 4452/4572/4189 4453/4573/4189 4470/4590/4189 4469/4589/4189
f 4453/4573/4190 4454/4574/4190 4471/4591/4190 4470/4590/4190
f 4454/4574/4191 4455/4575/4191 4472/4592/4191 4471/4591/4191
f 4455/4575/4192 4456/4576/4192 4473/4593/4192 4472/4592/4192
f 4456/4576/4193 4457/4577/4193 4474/4594/4193 4473/4593/4193
f 4457/4577/4194 4458/4578/4194 4475/4595/4194 4474/4594/4194
f 4458/4578/4195 4459/4579/4195 4476/4596/4195 4475/4595/4195
f 4459/4579/4196 4460/4580/4196 4477/4597/4196 4476/4596/4196
f 4460/4580/4197 4461/4581/4197 4478/4598/4197 4477/4597/4197
f 4462/4583/4198 4463/4582/4198 4480/4599/4198 4479/4600/4198
f 4463/4582/4199 4464/4584/4199 4481/4601/4199 4480/4599/4199
f 4464/4584/4200 4465/4585/4200 4482/4602/4200 4481/4601/4200
f 4465/4585/4201 4466/4586/4201 4483/4603/4201 4482/4602/4201
f 4466/4586/4202 4467/4587/4202 4484/4604/4202 4483/4603/4202
f 4467/4587/4203 4468/4588/4203 4485/4605/4203 4484/4604/4203
f 4468/4588/4204 4469/4589/4204 4486/4606/4204 4485/4605/4204
f 4469/4589/4205 4470/4590/4205 4487/4607/4205 4486/4606/4205
f 4470/4590/4206 4471/4591/4206 4488/4608/4206 4487/4607/4206
f 4471/4591/4207 4472/4592/4207 4489/4609/4207 4488/4608/4207
f 4472/4592/4208 4473/4593/4208 4490/4610/4208 4489/4609/4208
f 4473/4593/4209 4474/4594/4209 4491/4611/4209 4490/4610/4209
f 4474/4594/4210 4475/4595/4210 4492/4612/4210 4491/4611/4210
f 4475/4595/4211 4476/4596/4211 4493/4613/4211 4492/4612/4211
f 4476/4596/4212 4477/4597/4212 4494/4614/4212 4493/4613/4212
f 4477/4597/4213 4478/4598/4213 4495/4615/4213 4494/4614/4213
f 4479/4600/4214 4480/4599/4214 4497/4616/4214 4496/4617/4214
f 4480/4599/4215 4481/4601/4215 4498/4618/4215 4497/4616/4215
f 4481/4601/4216 4482/4602/4216 4499/4619/4216 4498/4618/4216
f 4482/4602/4217 4483/4603/4217 4500/4620/4217 4499/4619/4217
f 4483/4603/4218 4484/4604/4218 4501/4621/4218 4500/4620/4218
f 4484/4604/4219 4485/4605/4219 4502/4622/4219 4501/4621/4219
f 4485/4605/4220 4486/4606/4220 4503/4623/4220 4502/4622/4220
f 4486/4606/4221 4487/4607/4221 4504/4624/4221 4503/4623/4221
f 4487/4607/4222 4488/4608/4222 4505/4625/4222 4504/4624/4222
f 4488/4608/4223 4489/4609/4223 4506/4626/4223 4505/4625/4223
f 4489/4609/4224 4490/4610/4224 4507/4627/4224 4506/4626/4224
f 4490/4610/4225 4491/4611/4225 4508/4628/4225 4507/4627/4225
f 4491/4611/4226 4492/4612/4226 4509/4629/4226 4508/4628/4226
f 4492/4612/4227 4493/4613/4227 4510/4630/4227 4509/4629/4227
f 4493/4613/4228 4494/4614/4228 4511/4631/4228 4510/4630/4228
f 4494/4614/4229 4495/4615/4229 4512/4632/4229 4511/4631/4229
f 4496/4617/4230 4497/4616/4230 4514/4633/4230 4513/4634/4230
f 4497/4616/4231 4498/4618/4231 4515/4635/4231 4514/4633/4231
f 4498/4618/4232 4499/4619/4232 4516/4636/4232 4515/4635/4232
f 4499/4619/4233 4500/4620/4233 4517/4637/4233 4516/4636/4233
f 4500/4620/4234 4501/4621/4234 4518/4638/4234 4517/4637/4234
f 4501/4621/4235 4502/4622/4235 4519/4639/4235 4518/4638/4235
f 4502/4622/4236 4503/4623/4236 4520/4640/4236 4519/4639/4236
f 4503/4623/4237 4504/4624/4237 4521/4641/4237 4520/4640/4237
f 4504/4624/4238 4505/4625/4238 4522/4642/4238 4521/4641/4238
f 4505/4625/4239 4506/4626/4239 4523/4643/4239 4522/4642/4239
f 4506/4626/4240 4507/4627/4240 4524/4644/4240 4523/4643/4240
f 4507/4627/4241 4508/4628/4241 4525/4645/4241 4524/4644/4241
f 4508/4628/4242 4509/4629/4242 4526/4646/4242 4525/4645/4242
f 4509/4629/4243 4510/4630/4243 4527/4647/4243 4526/4646/4243
f 4510/4630/4244 4511/4631/4244 4528/4648/4244 4527/4647/4244
f 4511/4631/4245 4512/4632/4245 4529/4649/4245 4528/4648/4245
f 4513/4634/4246 4514/4633/4246 4531/4650/4246 4530/4651/4246
f 4514/4633/4247 4515/4635/4247 4532/4652/4247 4531/4650/4247
f 4515/4635/4248 4516/4636/4248 4533/4653/4248 4532/4652/4248
f 4516/4636/4249 4517/4637/4249 4534/4654/4249 4533/4653/4249
f 4517/4637/4250 4518/4638/4250 4535/4655/4250 4534/4654/4250
f 4518/4638/4251 4519/4639/4251 4536/4656/4251 4535/4655/4251
f 4519/4639/4252 4520/4640/4252 4537/4657/4252 4536/4656/4252
f 4520/4640/4253 4521/4641/4253 4538/4658/4253 4537/4657/4253
f 4521/4641/4254 4522/4642/4254 4539/4659/4254 4538/4658/4254
f 4522/4642/4255 4523/4643/4255 4540/4660/4255 4539/4659/4255
f 4523/4643/4256 4524/4644/4256 4541/4661/4256 4540/4660/4256
f 4524/4644/4257 4525/4645/4257 4542/4662/4257 4541/4661/4257
f 4525/4645/4258 4526/4646/4258 4543/4663/4258 4542/4662/4258
f 4526/4646/4259 4527/4647/4259 4544/4664/4259 4543/4663/4259
f 4527/4647/4260 4528/4648/4260 4545/4665/4260 4544/4664/4260
f 4528/4648/4261 4529/4649/4261 4546/4666/4261 4545/4665/4261
f 4530/4651/4262 4531/4650/4262 4548/4667/4262 4547/4668/4262
f 4531/4650/4263 4532/4652/4263 4549/4669/4263 4548/4667/4263
f 4532/4652/4264 4533/4653/4264 4550/4670/4264 4549/4669/4264
f 4533/4653/4265 4534/4654/4265 4551/4671/4265 4550/4670/4265
f 4534/4654/4266 4535/4655/4266 4552/4672/4266 4551/4671/4266
f 4535/4655/4267 4536/4656/4267 4553/4673/4267 4552/4672/4267
f 4536/4656/4268 4537/4657/4268 4554/4674/4268 4553/4673/4268
f 4537/4657/4269 4538/4658/4269 4555/4675/4269 4554/4674/4269
f 4538/4658/4270 4539/4659/4270 4556/4676/4270 4555/4675/4270
f 4539/4659/4271 4540/4660/4271 4557/4677/4271 4556/4676/4271
f 4540/4660/4272 4541/4661/4272 4558/4678/4272 4557/4677/4272
f 4541/4661/4273 4542/4662/4273 4559/4679/4273 4558/4678/4273
f 4542/4662/4274 4543/4663/4274 4560/4680/4274 4559/4679/4274
f 4543/4663/4275 4544/4664/4275 4561/4681/4275 4560/4680/4275
f 4544/4664/4276 4545/4665/4276 4562/4682/4276 4561/4681/4276
f 4545/4665/4277 4546/4666/4277 4563/4683/4277 4562/4682/4277
f 4547/4668/4278 4548/4667/4278 4565/4684/4278 4564/4685/4278
f 4548/4667/4279 4549/4669/4279 4566/4686/4279 4565/4684/4279
f 4549/4669/4280 4550/4670/4280 4567/4687/4280 4566/4686/4280
f 4550/4670/4281 4551/4671/4281 4568/4688/4281 4567/4687/4281
f 4551/4671/4282 4552/4672/4282 4569/4689/4282 4568/4688/4282
f 4552/4672/4283 4553/4673/4283 4570/4690/4283 4569/4689/4283
f 4553/4673/4284 4554/4674/4284 4571/4691/4284 4570/4690/4284
f 4554/4674/4285 4555/4675/4285 4572/4692/4285 4571/4691/4285
f 4555/4675/4286 4556/4676/4286 4573/4693/4286 4572/4692/4286
f 4556/4676/4287 4557/4677/4287 4574/4694/4287 4573/4693/4287
f 4557/4677/4288 4558/4678/4288 4575/4695/4288 4574/4694/4288
f 4558/4678/4289 4559/4679/4289 4576/4696/4289 4575/4695/4289
f 4559/4679/4290 4560/4680/4290 4577/4697/4290 4576/4696/4290
f 4560/4680/4291 4561/4681/4291 4578/4698/4291 4577/4697/4291
f 4561/4681/4292 4562/4682/4292 4579/4699/4292 4578/4698/4292
f 4562/4682/4293 4563/4683/4293 4580/4700/4293 4579/4699/4293
f 4564/4685/4294 4565/4684/4294 4582/4701/4294 4581/4702/4294
f 4565/4684/4295 4566/4686/4295 4583/4703/4295 4582/4701/4295
f 4566/4686/4296 4567/4687/4296 4584/4704/4296 4583/4703/4296
f 4567/4687/4297 4568/4688/4297 4585/4705/4297 4584/4704/4297
f 4568/4688/4298 4569/4689/4298 4586/4706/4298 4585/4705/4298
f 4569/4689/4299 4570/4690/4299 4587/4707/4299 4586/4706/4299
f 4570/4690/4300 4571/4691/4300 4588/4708/4300 4587/4707/4300
f 4571/4691/4301 4572/4692/4301 4589/4709/4301 4588/4708/4301
f 4572/4692/4302 4573/4693/4302 4590/4710/4302 4589/4709/4302
f 4573/4693/4303 4574/4694/4303 4591/4711/4303 4590/4710/4303
f 4574/4694/4304 4575/4695/4304 4592/4712/4304 4591/4711/4304
f 4575/4695/4305 4576/4696/4305 4593/4713/4305 4592/4712/4305
f 4576/4696/4306 4577/4697/4306 4594/4714/4306 4593/4713/4306
f 4577/4697/4307 4578/4698/4307 4595/4715/4307 4594/4714/4307
f 4578/4698/4308 4579/4699/4308 4596/4716/4308 4595/4715/4308
f 4579/4699/4309 4580/4700/4309 4597/4717/4309 4596/4716/4309
f 4581/4702/4310 4582/4701/4310 4599/4718/4310 4598/4719/4310
f 4582/4701/4311 4583/4703/4311 4600/4720/4311 4599/4718/4311
f 4583/4703/4312 4584/4704/4312 4601/4721/4312 4600/4720/4312
f 4584/4704/4313 4585/4705/4313 4602/4722/4313 4601/4721/4313
f 4585/4705/4314 4586/4706/4314 4603/4723/4314 4602/4722/4314
f 4586/4706/4315 4587/4707/4315 4604/4724/4315 4603/4723/4315
f 4587/4707/4316 4588/4708/4316 4605/4725/4316 4604/4724/4316
f 4588/4708/4317 4589/4709/4317 4606/4726/4317 4605/4725/4317
f 4589/4709/4318 4590/4710/4318 4607/4727/4318 4606/4726/4318
f 4590/4710/4319 4591/4711/4319 4608/4728/4319 4607/4727/4319
f 4591/4711/4320 4592/4712/4320 4609/4729/4320 4608/4728/4320
f 4592/4712/4321 4593/4713/4321 4610/4730/4321 4609/4729/4321
f 4593/4713/4322 4594/4714/4322 4611/4731/4322 4610/4730/4322
f 4594/4714/4323 4595/4715/4323 4612/4732/4323 4611/4731/4323
f 4595/4715/4324 4596/4716/4324 4613/4733/4324 4612/4732/4324
f 4596/4716/4325 4597/4717/4325 4614/4734/4325 4613/4733/4325
f 4598/4719/4326 4599/4718/4326 4616/4735/4326 4615/4736/4326
f 4599/4718/4327 4600/4720/4327 4617/4737/4327 4616/4735/4327
f 4600/4720/4328 4601/4721/4328 4618/4738/4328 4617/4737/4328
f 4601/4721/4329 4602/4722/4329 4619/4739/4329 4618/4738/4329
f 4602/4722/4330 4603/4723/4330 4620/4740/4330 4619/4739/4330
f 4603/4723/4331 4604/4724/4331 4621/4741/4331 4620/4740/4331
f 4604/4724/4332 4605/4725/4332 4622/4742/4332 4621/4741/4332
f 4605/4725/4333 4606/4726/4333 4623/4743/4333 4622/4742/4333
f 4606/4726/4334 4607/4727/4334 4624/4744/4334 4623/4743/4334
f 4607/4727/4335 4608/4728/4335 4625/4745/4335 4624/4744/4335
f 4608/4728/4336 4609/4729/4336 4626/4746/4336 4625/4745/4336
f 4609/4729/4337 4610/4730/4337 4627/4747/4337 4626/4746/4337
f 4610/4730/4338 4611/4731/4338 4628/4748/4338 4627/4747/4338
f 4611/4731/4339 4612/4732/4339 4629/4749/4339 4628/4748/4339
f 4612/4732/4340 4613/4733/4340 4630/4750/4340 4629/4749/4340
f 4613/4733/4341 4614/4734/4341 4631/4751/4341 4630/4750/4341
f 4615/4736/4342 4616/4735/4342 4121/4224/4342 4104/4223/4342
f 4616/4735/4343 4617/4737/4343 4138/4241/4343 4121/4224/4343
f 4617/4737/4344 4618/4738/4344 4155/4258/4344 4138/4241/4344
f 4618/4738/4345 4619/4739/4345 4172/4275/4345 4155/4258/4345
f 4619/4739/4346 4620/4740/4346 4189/4292/4346 4172/4275/4346
f 4620/4740/4347 4621/4741/4347 4206/4309/4347 4189/4292/4347
f 4621/4741/4348 4622/4742/4348 4223/4326/4348 4206/4309/4348
f 4622/4742/4349 4623/4743/4349 4240/4343/4349 4223/4326/4349
f 4623/4743/4350 4624/4744/4350 4257/4360/4350 4240/4343/4350
f 4624/4744/4351 4625/4745/4351 4274/4377/4351 4257/4360/4351
f 4625/4745/4352 4626/4746/4352 4291/4394/4352 4274/4377/4352
f 4626/4746/4353 4627/4747/4353 4308/4411/4353 4291/4394/4353
f 4627/4747/4354 4628/4748/4354 4325/4428/4354 4308/4411/4354
f 4628/4748/4355 4629/4749/4355 4342/4445/4355 4325/4428/4355
f 4629/4749/4356 4630/4750/4356 4359/4462/4356 4342/4445/4356
f 4630/4750/4357 4631/4751/4357 4360/4752/4357 4359/4462/4357
f 4088/1/4358 4632/4753/4358 4649/4754/4358 4648/4755/4358
f 4632/4753/4359 4633/4756/4359 4650/4757/4359 4649/4754/4359
f 4633/4756/4360 4634/4758/4360 4651/4759/4360 4650/4757/4360
f 4634/4758/4361 4635/4760/4361 4652/4761/4361 4651/4759/4361
f 4635/4760/4362 4636/4762/4362 4653/4763/4362 4652/4761/4362
f 4636/4762/4363 4637/4764/4363 4654/4765/4363 4653/4763/4363
f 4637/4764/4364 4638/4766/4364 4655/4767/4364 4654/4765/4364
f 4638/4766/4365 4639/4768/4365 4656/4769/4365 4655/4767/4365
f 4639/4768/4366 4640/4770/4366 4657/4771/4366 4656/4769/4366
f 4640/4770/4367 4641/4772/4367 4658/4773/4367 4657/4771/4367
f 4641/4772/4368 4642/4774/4368 4659/4775/4368 4658/4773/4368
f 4642/4774/4369 4643/4776/4369 4660/4777/4369 4659/4775/4369
f 4643/4776/4370 4644/4778/4370 4661/4779/4370 4660/4777/4370
f 4644/4778/4371 4645/4780/4371 4662/4781/4371 4661/4779/4371
f 4645/4780/4372 4646/4782/4372 4663/4783/4372 4662/4781/4372
f 4646/4782/4373 4647/4784/4373 4664/4785/4373 4663/4783/4373
f 4648/4755/4374 4649/4754/4374 4666/4786/4374 4665/4787/4374
f 4649/4754/4375 4650/4757/4375 4667/4788/4375 4666/4786/4375
f 4650/4757/4376 4651/4759/4376 4668/4789/4376 4667/4788/4376
f 4651/4759/4377 4652/4761/4377 4669/4790/4377 4668/4789/4377
f 4652/4761/4378 4653/4763/4378 4670/4791/4378 4669/4790/4378
f 4653/4763/4379 4654/4765/4379 4671/4792/4379 4670/4791/4379
f 4654/4765/4380 4655/4767/4380 4672/4793/4380 4671/4792/4380
f 4655/4767/4381 4656/4769/4381 4673/4794/4381 4672/4793/4381
f 4656/4769/4382 4657/4771/4382 4674/4795/4382 4673/4794/4382
f 4657/4771/4383 4658/4773/4383 4675/4796/4383 4674/4795/4383
f 4658/4773/4384 4659/4775/4384 4676/4797/4384 4675/4796/4384
f 4659/4775/4385 4660/4777/4385 4677/4798/4385 4676/4797/4385
f 4660/4777/4386 4661/4779/4386 4678/4799/4386 4677/4798/4386
f 4661/4779/4387 4662/4781/4387 4679/4800/4387 4678/4799/4387
f 4662/4781/4388 4663/4783/4388 4680/4801/4388 4679/4800/4388
f 4663/4783/4389 4664/4785/4389 4681/4802/4389 4680/4801/4389
f 4665/4787/4390 4666/4786/4390 4683/4803/4390 4682/4804/4390
f 4666/4786/4391 4667/4788/4391 4684/4805/4391 4683/4803/4391
f 4667/4788/4392 4668/4789/4392 4685/4806/4392 4684/4805/4392
f 4668/4789/4393 4669/4790/4393 4686/4807/4393 4685/4806/4393
f 4669/4790/4394 4670/4791/4394 4687/4808/4394 4686/4807/4394
f 4670/4791/4395 4671/4792/4395 4688/4809/4395 4687/4808/4395
f 4671/4792/4396 4672/4793/4396 4689/4810/4396 4688/4809/4396
f 4672/4793/4397 4673/4794/4397 4690/4811/4397 4689/4810/4397
f 4673/4794/4398 4674/4795/4398 4691/4812/4398 4690/4811/4398
f 4674/4795/4399 4675/4796/4399 4692/4813/4399 4691/4812/4399
f 4675/4796/4400 4676/4797/4400 4693/4814/4400 4692/4813/4400
f 4676/4797/4401 4677/4798/4401 4694/4815/4401 4693/4814/4401
f 4677/4798/4402 4678/4799/4402 4695/4816/4402 4694/4815/4402
f 4678/4799/4403 4679/4800/4403 4696/4817/4403 4695/4816/4403
f 4679/4800/4404 4680/4801/4404 4697/4818/4404 4696/4817/4404
f 4680/4801/4405 4681/4802/4405 4698/4819/4405 4697/4818/4405
f 4682/4804/4406 4683/4803/4406 4700/4820/4406 4699/4821/4406
f 4683/4803/4407 4684/4805/4407 4701/4822/4407 4700/4820/4407
f 4684/4805/4408 4685/4806/4408 4702/4823/4408 4701/4822/4408
f 4685/4806/4409 4686/4807/4409 4703/4824/4409 4702/4823/4409
f 4686/4807/4410 4687/4808/4410 4704/4825/4410 4703/4824/4410
f 4687/4808/4411 4688/4809/4411 4705/4826/4411 4704/4825/4411
f 4688/4809/4412 4689/4810/4412 4706/4827/4412 4705/4826/4412
f 4689/4810/4413 4690/4811/4413 4707/4828/4413 4706/4827/4413
f 4690/4811/4414 4691/4812/4414 4708/4829/4414 4707/4828/4414
f 4691/4812/4415 4692/4813/4415 4709/4830/4415 4708/4829/4415
f 4692/4813/4416 4693/4814/4416 4710/4831/4416 4709/4830/4416
f 4693/4814/4417 4694/4815/4417 4711/4832/4417 4710/4831/4417
f 4694/4815/4418 4695/4816/4418 4712/4833/4418 4711/4832/4418
f 4695/4816/4419 4696/4817/4419 4713/4834/4419 4712/4833/4419
f 4696/4817/4420 4697/4818/4420 4714/4835/4420 4713/4834/4420
f 4697/4818/4421 4698/4819/4421 4715/4836/4421 4714/4835/4421
f 4699/4821/4422 4700/4820/4422 4717/4837/4422 4716/4838/4422
f 4700/4820/4423 4701/4822/4423 4718/4839/4423 4717/4837/4423
f 4701/4822/4424 4702/4823/4424 4719/4840/4424 4718/4839/4424
f 4702/4823/4425 4703/4824/4425 4720/4841/4425 4719/4840/4425
f 4703/4824/4426 4704/4825/4426 4721/4842/4426 4720/4841/4426
f 4704/4825/4427 4705/4826/4427 4722/4843/4427 4721/4842/4427
f 4705/4826/4428 4706/4827/4428 4723/4844/4428 4722/4843/4428
f 4706/4827/4429 4707/4828/4429 4724/4845/4429 4723/4844/4429
f 4707/4828/4430 4708/4829/4430 4725/4846/4430 4724/4845/4430
f 4708/4829/4431 4709/4830/4431 4726/4847/4431 4725/4846/4431
f 4709/4830/4432 4710/4831/4432 4727/4848/4432 4726/4847/4432
f 4710/4831/4433 4711/4832/4433 4728/4849/4433 4727/4848/4433
f 4711/4832/4434 4712/4833/4434 4729/4850/4434 4728/4849/4434
f 4712/4833/4435 4713/4834/4435 4730/4851/4435 4729/4850/4435
f 4713/4834/4436 4714/4835/4436 4731/4852/4436 4730/4851/4436
f 4714/4835/4437 4715/4836/4437 4732/4853/4437 4731/4852/4437
f 4716/4838/4438 4717/4837/4438 4734/4854/4438 4733/4855/4438
f 4717/4837/4439 4718/4839/4439 4735/4856/4439 4734/4854/4439
f 4718/4839/4440 4719/4840/4440 4736/4857/4440 4735/4856/4440
f 4719/4840/4441 4720/4841/4441 4737/4858/4441 4736/4857/4441
f 4720/4841/4442 4721/4842/4442 4738/4859/4442 4737/4858/4442
f 4721/4842/4443 4722/4843/4443 4739/4860/4443 4738/4859/4443
f 4722/4843/4444 4723/4844/4444 4740/4861/4444 4739/4860/4444
f 4723/4844/4445 4724/4845/4445 4741/4862/4445 4740/4861/4445
f 4724/4845/4446 4725/4846/4446 4742/4863/4446 4741/4862/4446
f 4725/4846/4447 4726/4847/4447 4743/4864/4447 4742/4863/4447
f 4726/4847/4448 4727/4848/4448 4744/4865/4448 4743/4864/4448
f 4727/4848/4449 4728/4849/4449 4745/4866/4449 4744/4865/4449
f 4728/4849/4450 4729/4850/4450 4746/4867/4450 4745/4866/4450
f 4729/4850/4451 4730/4851/4451 4747/4868/4451 4746/4867/4451
f 4730/4851/4452 4731/4852/4452 4748/4869/4452 4747/4868/4452
f 4731/4852/4453 4732/4853/4453 4749/4870/4453 4748/4869/4453
f 4733/4855/4454 4734/4854/4454 4751/4871/4454 4750/4872/4454
f 4734/4854/4455 4735/4856/4455 4752/4873/4455 4751/4871/4455
f 4735/4856/4456 4736/4857/4456 4753/4874/4456 4752/4873/4456
f 4736/4857/4457 4737/4858/4457 4754/4875/4457 4753/4874/4457
f 4737/4858/4458 4738/4859/4458 4755/4876/4458 4754/4875/4458
f 4738/4859/4459 4739/4860/4459 4756/4877/4459 4755/4876/4459
f 4739/4860/4460 4740/4861/4460 4757/4878/4460 4756/4877/4460
f 4740/4861/4461 4741/4862/4461 4758/4879/4461 4757/4878/4461
f 4741/4862/4462 4742/4863/4462 4759/4880/4462 4758/4879/4462
f 4742/4863/4463 4743/4864/4463 4760/4881/4463 4759/4880/4463
f 4743/4864/4464 4744/4865/4464 4761/4882/4464 4760/4881/4464
f 4744/4865/4465 4745/4866/4465 4762/4883/4465 4761/4882/4465
f 4745/4866/4466 4746/4867/4466 4763/4884/4466 4762/4883/4466
f 4746/4867/4467 4747/4868/4467 4764/4885/4467 4763/4884/4467
f 4747/4868/4468 4748/4869/4468 4765/4886/4468 4764/4885/4468
f 4748/4869/4469 4749/4870/4469 4766/4887/4469 4765/4886/4469
f 4750/4872/4470 4751/4871/4470 4768/4888/4470 4767/4889/4470
f 4751/4871/4471 4752/4873/4471 4769/4890/4471 4768/4888/4471
f 4752/4873/4472 4753/4874/4472 4770/4891/4472 4769/4890/4472
f 4753/4874/4473 4754/4875/4473 4771/4892/4473 4770/4891/4473
f 4754/4875/4474 4755/4876/4474 4772/4893/4474 4771/4892/4474
f 4755/4876/4475 4756/4877/4475 4773/4894/4475 4772/4893/4475
f 4756/4877/4476 4757/4878/4476 4774/4895/4476 4773/4894/4476
f 4757/4878/4477 4758/4879/4477 4775/4896/4477 4774/4895/4477
f 4758/4879/4478 4759/4880/4478 4776/4897/4478 4775/4896/4478
f 4759/4880/4479 4760/4881/4479 4777/4898/4479 4776/4897/4479
f 4760/4881/4480 4761/4882/4480 4778/4899/4480 4777/4898/4480
f 4761/4882/4481 4762/4883/4481 4779/4900/4481 4778/4899/4481
f 4762/4883/4482 4763/4884/4482 4780/4901/4482 4779/4900/4482
f 4763/4884/4483 4764/4885/4483 4781/4902/4483 4780/4901/4483
f 4764/4885/4484 4765/4886/4484 4782/4903/4484 4781/4902/4484
f 4765/4886/4485 4766/4887/4485 4783/4904/4485 4782/4903/4485
f 4767/4889/4486 4768/4888/4486 4785/4905/4486 4784/4906/4486
f 4768/4888/4487 4769/4890/4487 4786/4907/4487 4785/4905/4487
f 4769/4890/4488 4770/4891/4488 4787/4908/4488 4786/4907/4488
f 4770/4891/4489 4771/4892/4489 4788/4909/4489 4787/4908/4489
f 4771/4892/4490 4772/4893/4490 4789/4910/4490 4788/4909/4490
f 4772/4893/4491 4773/4894/4491 4790/4911/4491 4789/4910/4491
f 4773/4894/4492 4774/4895/4492 4791/4912/4492 4790/4911/4492
f 4774/4895/4493 4775/4896/4493 4792/4913/4493 4791/4912/4493
f 4775/4896/4494 4776/4897/4494 4793/4914/4494 4792/4913/4494
f 4776/4897/4495 4777/4898/4495 4794/4915/4495 4793/4914/4495
f 4777/4898/4496 4778/4899/4496 4795/4916/4496 4794/4915/4496
f 4778/4899/4497 4779/4900/4497 4796/4917/4497 4795/4916/4497
f 4779/4900/4498 4780/4901/4498 4797/4918/4498 4796/4917/4498
f 4780/4901/4499 4781/4902/4499 4798/4919/4499 4797/4918/4499
f 4781/4902/4500 4782/4903/4500 4799/4920/4500 4798/4919/4500
f 4782/4903/4501 4783/4904/4501 4800/4921/4501 4799/4920/4501
f 4784/4906/4502 4785/4905/4502 4802/4922/4502 4801/4923/4502
f 4785/4905/4503 4786/4907/4503 4803/4924/4503 4802/4922/4503
f 4786/4907/4504 4787/4908/4504 4804/4925/4504 4803/4924/4504
f 4787/4908/4505 4788/4909/4505 4805/4926/4505 4804/4925/4505
f 4788/4909/4506 4789/4910/4506 4806/4927/4506 4805/4926/4506
f 4789/4910/4507 4790/4911/4507 4807/4928/4507 4806/4927/4507
f 4790/4911/4508 4791/4912/4508 4808/4929/4508 4807/4928/4508
f 4791/4912/4509 4792/4913/4509 4809/4930/4509 4808/4929/4509
f 4792/4913/4510 4793/4914/4510 4810/4931/4510 4809/4930/4510
f 4793/4914/4511 4794/4915/4511 4811/4932/4511 4810/4931/4511
f 4794/4915/4512 4795/4916/4512 4812/4933/4512 4811/4932/4512
f 4795/4916/4513 4796/4917/4513 4813/4934/4513 4812/4933/4513
f 4796/4917/4514 4797/4918/4514 4814/4935/4514 4813/4934/4514
f 4797/4918/4515 4798/4919/4515 4815/4936/4515 4814/4935/4515
f 4798/4919/4516 4799/4920/4516 4816/4937/4516 4815/4936/4516
f 4799/4920/4517 4800/4921/4517 4817/4938/4517 4816/4937/4517
f 4801/4923/4518 4802/4922/4518 4819/4939/4518 4818/4940/4518
f 4802/4922/4519 4803/4924/4519 4820/4941/4519 4819/4939/4519
f 4803/4924/4520 4804/4925/4520 4821/4942/4520 4820/4941/4520
f 4804/4925/4521 4805/4926/4521 4822/4943/4521 4821/4942/4521
f 4805/4926/4522 4806/4927/4522 4823/4944/4522 4822/4943/4522
f 4806/4927/4523 4807/4928/4523 4824/4945/4523 4823/4944/4523
f 4807/4928/4524 4808/4929/4524 4825/4946/4524 4824/4945/4524
f 4808/4929/4525 4809/4930/4525 4826/4947/4525 4825/4946/4525
f 4809/4930/4526 4810/4931/4526 4827/4948/4526 4826/4947/4526
f 4810/4931/4527 4811/4932/4527 4828/4949/4527 4827/4948/4527
f 4811/4932/4528 4812/4933/4528 4829/4950/4528 4828/4949/4528
f 4812/4933/4529 4813/4934/4529 4830/4951/4529 4829/4950/4529
f 4813/4934/4530 4814/4935/4530 4831/4952/4530 4830/4951/4530
f 4814/4935/4531 4815/4936/4531 4832/4953/4531 4831/4952/4531
f 4815/4936/4532 4816/4937/4532 4833/4954/4532 4832/4953/4532
f 4816/4937/4533 4817/4938/4533 4834/4955/4533 4833/4954/4533
f 4818/4940/4534 4819/4939/4534 4836/4956/4534 4835/4957/4534
f 4819/4939/4535 4820/4941/4535 4837/4958/4535 4836/4956/4535
f 4820/4941/4536 4821/4942/4536 4838/4959/4536 4837/4958/4536
f 4821/4942/4537 4822/4943/4537 4839/4960/4537 4838/4959/4537
f 4822/4943/4538 4823/4944/4538 4840/4961/4538 4839/4960/4538
f 4823/4944/4539 4824/4945/4539 4841/4962/4539 4840/4961/4539
f 4824/4945/4540 4825/4946/4540 4842/4963/4540 4841/4962/4540
f 4825/4946/4541 4826/4947/4541 4843/4964/4541 4842/4963/4541
f 4826/4947/4542 4827/4948/4542 4844/4965/4542 4843/4964/4542
f 4827/4948/4543 4828/4949/4543 4845/4966/4543 4844/4965/4543
f 4828/4949/4544 4829/4950/4544 4846/4967/4544 4845/4966/4544
f 4829/4950/4545 4830/4951/4545 4847/4968/4545 4846/4967/4545
f 4830/4951/4546 4831/4952/4546 4848/4969/4546 4847/4968/4546
f 4831/4952/4547 4832/4953/4547 4849/4970/4547 4848/4969/4547
f 4832/4953/4548 4833/4954/4548 4850/4971/4548 4849/4970/4548
f 4833/4954/4549 4834/4955/4549 4851/4972/4549 4850/4971/4549
f 4835/4957/4550 4836/4956/4550 4853/4973/4550 4852/4974/4550
f 4836/4956/4551 4837/4958/4551 4854/4975/4551 4853/4973/4551
f 4837/4958/4552 4838/4959/4552 4855/4976/4552 4854/4975/4552
f 4838/4959/4553 4839/4960/4553 4856/4977/4553 4855/4976/4553
f 4839/4960/4554 4840/4961/4554 4857/4978/4554 4856/4977/4554
f 4840/4961/4555 4841/4962/4555 4858/4979/4555 4857/4978/4555
f 4841/4962/4556 4842/4963/4556 4859/4980/4556 4858/4979/4556
f 4842/4963/4557 4843/4964/4557 4860/4981/4557 4859/4980/4557
f 4843/4964/4558 4844/4965/4558 4861/4982/4558 4860/4981/4558
f 4844/4965/4559 4845/4966/4559 4862/4983/4559 4861/4982/4559
f 4845/4966/4560 4846/4967/4560 4863/4984/4560 4862/4983/4560
f 4846/4967/4561 4847/4968/4561 4864/4985/4561 4863/4984/4561
f 4847/4968/4562 4848/4969/4562 4865/4986/4562 4864/4985/4562
f 4848/4969/4563 4849/4970/4563 4866/4987/4563 4865/4986/4563
f 4849/4970/4564 4850/4971/4564 4867/4988/4564 4866/4987/4564
f 4850/4971/4565 4851/4972/4565 4868/4989/4565 4867/4988/4565
f 4852/4974/4566 4853/4973/4566 4870/4990/4566 4869/4991/4566
f 4853/4973/4567 4854/4975/4567 4871/4992/4567 4870/4990/4567
f 4854/4975/4568 4855/4976/4568 4872/4993/4568 4871/4992/4568
f 4855/4976/4569 4856/4977/4569 4873/4994/4569 4872/4993/4569
f 4856/4977/4570 4857/4978/4570 4874/4995/4570 4873/4994/4570
f 4857/4978/4571 4858/4979/4571 4875/4996/4571 4874/4995/4571
f 4858/4979/4572 4859/4980/4572 4876/4997/4572 4875/4996/4572
f 4859/4980/4573 4860/4981/4573 4877/4998/4573 4876/4997/4573
f 4860/4981/4574 4861/4982/4574 4878/4999/4574 4877/4998/4574
f 4861/4982/4575 4862/4983/4575 4879/5000/4575 4878/4999/4575
f 4862/4983/4576 4863/4984/4576 4880/5001/4576 4879/5000/4576
f 4863/4984/4577 4864/4985/4577 4881/5002/4577 4880/5001/4577
f 4864/4985/4578 4865/4986/4578 4882/5003/4578 4881/5002/4578
f 4865/4986/4579 4866/4987/4579 4883/5004/4579 4882/5003/4579
f 4866/4987/4580 4867/4988/4580 4884/5005/4580 4883/5004/4580
f 4867/4988/4581 4868/4989/4581 4885/5006/4581 4884/5005/4581
f 4869/4991/4582 4870/4990/4582 4887/5007/4582 4886/5008/4582
f 4870/4990/4583 4871/4992/4583 4888/5009/4583 4887/5007/4583
f 4871/4992/4584 4872/4993/4584 4889/5010/4584 4888/5009/4584
f 4872/4993/4585 4873/4994/4585 4890/5011/4585 4889/5010/4585
f 4873/4994/4586 4874/4995/4586 4891/5012/4586 4890/5011/4586
f 4874/4995/4587 4875/4996/4587 4892/5013/4587 4891/5012/4587
f 4875/4996/4588 4876/4997/4588 4893/5014/4588 4892/5013/4588
f 4876/4997/4589 4877/4998/4589 4894/5015/4589 4893/5014/4589
f 4877/4998/4590 4878/4999/4590 4895/5016/4590 4894/5015/4590
f 4878/4999/4591 4879/5000/4591 4896/5017/4591 4895/5016/4591
f 4879/5000/4592 4880/5001/4592 4897/5018/4592 4896/5017/4592
f 4880/5001/4593 4881/5002/4593 4898/5019/4593 4897/5018/4593
f 4881/5002/4594 4882/5003/4594 4899/5020/4594 4898/5019/4594
f 4882/5003/4595 4883/5004/4595 4900/5021/4595 4899/5020/4595
f 4883/5004/4596 4884/5005/4596 4901/5022/4596 4900/5021/4596
f 4884/5005/4597 4885/5006/4597 4902/5023/4597 4901/5022/4597
f 4886/5008/4598 4887/5007/4598 4393/5024/4598 4376/5025/4598
f 4887/5007/4599 4888/5009/4599 4410/5026/4599 4393/5024/4599
f 4888/5009/4600 4889/5010/4600 4427/5027/4600 4410/5026/4600
f 4889/5010/4601 4890/5011/4601 4444/5028/4601 4427/5027/4601
f 4890/5011/4602 4891/5012/4602 4461/5029/4602 4444/5028/4602
f 4891/5012/4603 4892/5013/4603 4478/5030/4603 4461/5029/4603
f 4892/5013/4604 4893/5014/4604 4495/5031/4604 4478/5030/4604
f 4893/5014/4605 4894/5015/4605 4512/5032/4605 4495/5031/4605
f 4894/5015/4606 4895/5016/4606 4529/5033/4606 4512/5032/4606
f 4895/5016/4607 4896/5017/4607 4546/5034/4607 4529/5033/4607
f 4896/5017/4608 4897/5018/4608 4563/5035/4608 4546/5034/4608
f 4897/5018/4609 4898/5019/4609 4580/5036/4609 4563/5035/4609
f 4898/5019/4610 4899/5020/4610 4597/5037/4610 4580/5036/4610
f 4899/5020/4611 4900/5021/4611 4614/5038/4611 4597/5037/4611
f 4900/5021/4612 4901/5022/4612 4631/5039/4612 4614/5038/4612
f 4901/5022/4613 4902/5023/4613 4360/5040/4613 4631/5039/4613
f 4903/6/4614 4906/5041/4614 4923/5042/4614 4922/5043/4614
f 4906/5041/4615 4907/5044/4615 4924/5045/4615 4923/5042/4615
f 4907/5044/4616 4908/5046/4616 4925/5047/4616 4924/5045/4616
f 4908/5046/4617 4909/5048/4617 4926/5049/4617 4925/5047/4617
f 4909/5048/4618 4910/5050/4618 4927/5051/4618 4926/5049/4618
f 4910/5050/4619 4911/5052/4619 4928/5053/4619 4927/5051/4619
f 4911/5052/4620 4912/5054/4620 4929/5055/4620 4928/5053/4620
f 4912/5054/4621 4913/5056/4621 4930/5057/4621 4929/5055/4621
f 4913/5056/4622 4914/5058/4622 4931/5059/4622 4930/5057/4622
f 4914/5058/4623 4915/5060/4623 4932/5061/4623 4931/5059/4623
f 4915/5060/4624 4916/5062/4624 4933/5063/4624 4932/5061/4624
f 4916/5062/4625 4917/5064/4625 4934/5065/4625 4933/5063/4625
f 4917/5064/4626 4918/5066/4626 4935/5067/4626 4934/5065/4626
f 4918/5066/4627 4919/5068/4627 4936/5069/4627 4935/5067/4627
f 4919/5068/4628 4920/5070/4628 4937/5071/4628 4936/5069/4628
f 4920/5070/4629 4921/5072/4629 4938/5073/4629 4937/5071/4629
f 4922/5043/4630 4923/5042/4630 4940/5074/4630 4939/5075/4630
f 4923/5042/4631 4924/5045/4631 4941/5076/4631 4940/5074/4631
f 4924/5045/4632 4925/5047/4632 4942/5077/4632 4941/5076/4632
f 4925/5047/4633 4926/5049/4633 4943/5078/4633 4942/5077/4633
f 4926/5049/4634 4927/5051/4634 4944/5079/4634 4943/5078/4634
f 4927/5051/4635 4928/5053/4635 4945/5080/4635 4944/5079/4635
f 4928/5053/4636 4929/5055/4636 4946/5081/4636 4945/5080/4636
f 4929/5055/4637 4930/5057/4637 4947/5082/4637 4946/5081/4637
f 4930/5057/4638 4931/5059/4638 4948/5083/4638 4947/5082/4638
f 4931/5059/4639 4932/5061/4639 4949/5084/4639 4948/5083/4639
f 4932/5061/4640 4933/5063/4640 4950/5085/4640 4949/5084/4640
f 4933/5063/4641 4934/5065/4641 4951/5086/4641 4950/5085/4641
f 4934/5065/4642 4935/5067/4642 4952/5087/4642 4951/5086/4642
f 4935/5067/4643 4936/5069/4643 4953/5088/4643 4952/5087/4643
f 4936/5069/4644 4937/5071/4644 4954/5089/4644 4953/5088/4644
f 4937/5071/4645 4938/5073/4645 4955/5090/4645 4954/5089/4645
f 4939/5075/4646 4940/5074/4646 4957/5091/4646 4956/5092/4646
f 4940/5074/4647 4941/5076/4647 4958/5093/4647 4957/5091/4647
f 4941/5076/4648 4942/5077/4648 4959/5094/4648 4958/5093/4648
f 4942/5077/4649 4943/5078/4649 4960/5095/4649 4959/5094/4649
f 4943/5078/4650 4944/5079/4650 4961/5096/4650 4960/5095/4650
f 4944/5079/4651 4945/5080/4651 4962/5097/4651 4961/5096/4651
f 4945/5080/4652 4946/5081/4652 4963/5098/4652 4962/5097/4652
f 4946/5081/4653 4947/5082/4653 4964/5099/4653 4963/5098/4653
f 4947/5082/4654 4948/5083/4654 4965/5100/4654 4964/5099/4654
f 4948/5083/4655 4949/5084/4655 4966/5101/4655 4965/5100/4655
f 4949/5084/4656 4950/5085/4656 4967/5102/4656 4966/5101/4656
f 4950/5085/4657 4951/5086/4657 4968/5103/4657 4967/5102/4657
f 4951/5086/4658 4952/5087/4658 4969/5104/4658 4968/5103/4658
f 4952/5087/4659 4953/5088/4659 4970/5105/4659 4969/5104/4659
f 4953/5088/4660 4954/5089/4660 4971/5106/4660 4970/5105/4660
f 4954/5089/4661 4955/5090/4661 4972/5107/4661 4971/5106/4661
f 4956/5092/4662 4957/5091/4662 4974/5108/4662 4973/5109/4662
f 4957/5091/4663 4958/5093/4663 4975/5110/4663 4974/5108/4663
f 4958/5093/4664 4959/5094/4664 4976/5111/4664 4975/5110/4664
f 4959/5094/4665 4960/5095/4665 4977/5112/4665 4976/5111/4665
f 4960/5095/4666 4961/5096/4666 4978/5113/4666 4977/5112/4666
f 4961/5096/4667 4962/5097/4667 4979/5114/4667 4978/5113/4667
f 4962/5097/4668 4963/5098/4668 4980/5115/4668 4979/5114/4668
f 4963/5098/4669 4964/5099/4669 4981/5116/4669 4980/5115/4669
f 4964/5099/4670 4965/5100/4670 4982/5117/4670 4981/5116/4670
f 4965/5100/4671 4966/5101/4671 4983/5118/4671 4982/5117/4671
f 4966/5101/4672 4967/5102/4672 4984/5119/4672 4983/5118/4672
f 4967/5102/4673 4968/5103/4673 4985/5120/4673 4984/5119/4673
f 4968/5103/4674 4969/5104/4674 4986/5121/4674 4985/5120/4674
f 4969/5104/4675 4970/5105/4675 4987/5122/4675 4986/5121/4675
f 4970/5105/4676 4971/5106/4676 4988/5123/4676 4987/5122/4676
f 4971/5106/4677 4972/5107/4677 4989/5124/4677 4988/5123/4677
f 4973/5109/4678 4974/5108/4678 4991/5125/4678 4990/5126/4678
f 4974/5108/4679 4975/5110/4679 4992/5127/4679 4991/5125/4679
f 4975/5110/4680 4976/5111/4680 4993/5128/4680 4992/5127/4680
f 4976/5111/4681 4977/5112/4681 4994/5129/4681 4993/5128/4681
f 4977/5112/4682 4978/5113/4682 4995/5130/4682 4994/5129/4682
f 4978/5113/4683 4979/5114/4683 4996/5131/4683 4995/5130/4683
f 4979/5114/4684 4980/5115/4684 4997/5132/4684 4996/5131/4684
f 4980/5115/4685 4981/5116/4685 4998/5133/4685 4997/5132/4685
f 4981/5116/4686 4982/5117/4686 4999/5134/4686 4998/5133/4686
f 4982/5117/4687 4983/5118/4687 5000/5135/4687 4999/5134/4687
f 4983/5118/4688 4984/5119/4688 5001/5136/4688 5000/5135/4688
f 4984/5119/4689 4985/5120/4689 5002/5137/4689 5001/5136/4689
f 4985/5120/4690 4986/5121/4690 5003/5138/4690 5002/5137/4690
f 4986/5121/4691 4987/5122/4691 5004/5139/4691 5003/5138/4691
f 4987/5122/4692 4988/5123/4692 5005/5140/4692 5004/5139/4692
f 4988/5123/4693 4989/5124/4693 5006/5141/4693 5005/5140/4693
f 4990/5126/4694 4991/5125/4694 5008/5142/4694 5007/5143/4694
f 4991/5125/4695 4992/5127/4695 5009/5144/4695 5008/5142/4695
f 4992/5127/4696 4993/5128/4696 5010/5145/4696 5009/5144/4696
f 4993/5128/4697 4994/5129/4697 5011/5146/4697 5010/5145/4697
f 4994/5129/4698 4995/5130/4698 5012/5147/4698 5011/5146/4698
f 4995/5130/4699 4996/5131/4699 5013/5148/4699 5012/5147/4699
f 4996/5131/4700 4997/5132/4700 5014/5149/4700 5013/5148/4700
f 4997/5132/4701 4998/5133/4701 5015/5150/4701 5014/5149/4701
f 4998/5133/4702 4999/5134/4702 5016/5151/4702 5015/5150/4702
f 4999/5134/4703 5000/5135/4703 5017/5152/4703 5016/5151/4703
f 5000/5135/4704 5001/5136/4704 5018/5153/4704 5017/5152/4704
f 5001/5136/4705 5002/5137/4705 5019/5154/4705 5018/5153/4705
f 5002/5137/4706 5003/5138/4706 5020/5155/4706 5019/5154/4706
f 5003/5138/4707 5004/5139/4707 5021/5156/4707 5020/5155/4707
f 5004/5139/4708 5005/5140/4708 5022/5157/4708 5021/5156/4708
f 5005/5140/4709 5006/5141/4709 5023/5158/4709 5022/5157/4709
f 5007/5143/4710 5008/5142/4710 5025/5159/4710 5024/5160/4710
f 5008/5142/4711 5009/5144/4711 5026/5161/4711 5025/5159/4711
f 5009/5144/4712 5010/5145/4712 5027/5162/4712 5026/5161/4712
f 5010/5145/4713 5011/5146/4713 5028/5163/4713 5027/5162/4713
f 5011/5146/4714 5012/5147/4714 5029/5164/4714 5028/5163/4714
f 5012/5147/4715 5013/5148/4715 5030/5165/4715 5029/5164/4715
f 5013/5148/4716 5014/5149/4716 5031/5166/4716 5030/5165/4716
f 5014/5149/4717 5015/5150/4717 5032/5167/4717 5031/5166/4717
f 5015/5150/4718 5016/5151/4718 5033/5168/4718 5032/5167/4718
f 5016/5151/4719 5017/5152/4719 5034/5169/4719 5033/5168/4719
f 5017/5152/4720 5018/5153/4720 5035/5170/4720 5034/5169/4720
f 5018/5153/4721 5019/5154/4721 5036/5171/4721 5035/5170/4721
f 5019/5154/4722 5020/5155/4722 5037/5172/4722 5036/5171/4722
f 5020/5155/4723 5021/5156/4723 5038/5173/4723 5037/5172/4723
f 5021/5156/4724 5022/5157/4724 5039/5174/4724 5038/5173/4724
f 5022/5157/4725 5023/5158/4725 5040/5175/4725 5039/5174/4725
f 5024/5160/4726 5025/5159/4726 5042/5176/4726 5041/5177/4726
f 5025/5159/4727 5026/5161/4727 5043/5178/4727 5042/5176/4727
f 5026/5161/4728 5027/5162/4728 5044/5179/4728 5043/5178/4728
f 5027/5162/4729 5028/5163/4729 5045/5180/4729 5044/5179/4729
f 5028/5163/4730 5029/5164/4730 5046/5181/4730 5045/5180/4730
f 5029/5164/4731 5030/5165/4731 5047/5182/4731 5046/5181/4731
f 5030/5165/4732 5031/5166/4732 5048/5183/4732 5047/5182/4732
f 5031/5166/4733 5032/5167/4733 5049/5184/4733 5048/5183/4733
f 5032/5167/4734 5033/5168/4734 5050/5185/4734 5049/5184/4734
f 5033/5168/4735 5034/5169/4735 5051/5186/4735 5050/5185/4735
f 5034/5169/4736 5035/5170/4736 5052/5187/4736 5051/5186/4736
f 5035/5170/4737 5036/5171/4737 5053/5188/4737 5052/5187/4737
f 5036/5171/4738 5037/5172/4738 5054/5189/4738 5053/5188/4738
f 5037/5172/4739 5038/5173/4739 5055/5190/4739 5054/5189/4739
f 5038/5173/4740 5039/5174/4740 5056/5191/4740 5055/5190/4740
f 5039/5174/4741 5040/5175/4741 5057/5192/4741 5056/5191/4741
f 5041/5177/4742 5042/5176/4742 5059/5193/4742 5058/5194/4742
f 5042/5176/4743 5043/5178/4743 5060/5195/4743 5059/5193/4743
f 5043/5178/4744 5044/5179/4744 5061/5196/4744 5060/5195/4744
f 5044/5179/4745 5045/5180/4745 5062/5197/4745 5061/5196/4745
f 5045/5180/4746 5046/5181/4746 5063/5198/4746 5062/5197/4746
f 5046/5181/4747 5047/5182/4747 5064/5199/4747 5063/5198/4747
f 5047/5182/4748 5048/5183/4748 5065/5200/4748 5064/5199/4748
f 5048/5183/4749 5049/5184/4749 5066/5201/4749 5065/5200/4749
f 5049/5184/4750 5050/5185/4750 5067/5202/4750 5066/5201/4750
f 5050/5185/4751 5051/5186/4751 5068/5203/4751 5067/5202/4751
f 5051/5186/4752 5052/5187/4752 5069/5204/4752 5068/5203/4752
f 5052/5187/4753 5053/5188/4753 5070/5205/4753 5069/5204/4753
f 5053/5188/4754 5054/5189/4754 5071/5206/4754 5070/5205/4754
f 5054/5189/4755 5055/5190/4755 5072/5207/4755 5071/5206/4755
f 5055/5190/4756 5056/5191/4756 5073/5208/4756 5072/5207/4756
f 5056/5191/4757 5057/5192/4757 5074/5209/4757 5073/5208/4757
f 5058/5194/4758 5059/5193/4758 5076/5210/4758 5075/5211/4758
f 5059/5193/4759 5060/5195/4759 5077/5212/4759 5076/5210/4759
f 5060/5195/4760 5061/5196/4760 5078/5213/4760 5077/5212/4760
f 5061/5196/4761 5062/5197/4761 5079/5214/4761 5078/5213/4761
f 5062/5197/4762 5063/5198/4762 5080/5215/4762 5079/5214/4762
f 5063/5198/4763 5064/5199/4763 5081/5216/4763 5080/5215/4763
f 5064/5199/4764 5065/5200/4764 5082/5217/4764 5081/5216/4764
f 5065/5200/4765 5066/5201/4765 5083/5218/4765 5082/5217/4765
f 5066/5201/4766 5067/5202/4766 5084/5219/4766 5083/5218/4766
f 5067/5202/4767 5068/5203/4767 5085/5220/4767 5084/5219/4767
f 5068/5203/4768 5069/5204/4768 5086/5221/4768 5085/5220/4768
f 5069/5204/4769 5070/5205/4769 5087/5222/4769 5086/5221/4769
f 5070/5205/4770 5071/5206/4770 5088/5223/4770 5087/5222/4770
f 5071/5206/4771 5072/5207/4771 5089/5224/4771 5088/5223/4771
f 5072/5207/4772 5073/5208/4772 5090/5225/4772 5089/5224/4772
f 5073/5208/4773 5074/5209/4773 5091/5226/4773 5090/5225/4773
f 5075/5211/4774 5076/5210/4774 5093/5227/4774 5092/5228/4774
f 5076/5210/4775 5077/5212/4775 5094/5229/4775 5093/5227/4775
f 5077/5212/4776 5078/5213/4776 5095/5230/4776 5094/5229/4776
f 5078/5213/4777 5079/5214/4777 5096/5231/4777 5095/5230/4777
f 5079/5214/4778 5080/5215/4778 5097/5232/4778 5096/5231/4778
f 5080/5215/4779 5081/5216/4779 5098/5233/4779 5097/5232/4779
f 5081/5216/4780 5082/5217/4780 5099/5234/4780 5098/5233/4780
f 5082/5217/4781 5083/5218/4781 5100/5235/4781 5099/5234/4781
f 5083/5218/4782 5084/5219/4782 5101/5236/4782 5100/5235/4782
f 5084/5219/4783 5085/5220/4783 5102/5237/4783 5101/5236/4783
f 5085/5220/4784 5086/5221/4784 5103/5238/4784 5102/5237/4784
f 5086/5221/4785 5087/5222/4785 5104/5239/4785 5103/5238/4785
f 5087/5222/4786 5088/5223/4786 5105/5240/4786 5104/5239/4786
f 5088/5223/4787 5089/5224/4787 5106/5241/4787 5105/5240/4787
f 5089/5224/4788 5090/5225/4788 5107/5242/4788 5106/5241/4788
f 5090/5225/4789 5091/5226/4789 5108/5243/4789 5107/5242/4789
f 5092/5228/4790 5093/5227/4790 5110/5244/4790 5109/5245/4790
f 5093/5227/4791 5094/5229/4791 5111/5246/4791 5110/5244/4791
f 5094/5229/4792 5095/5230/4792 5112/5247/4792 5111/5246/4792
f 5095/5230/4793 5096/5231/4793 5113/5248/4793 5112/5247/4793
f 5096/5231/4794 5097/5232/4794 5114/5249/4794 5113/5248/4794
f 5097/5232/4795 5098/5233/4795 5115/5250/4795 5114/5249/4795
f 5098/5233/4796 5099/5234/4796 5116/5251/4796 5115/5250/4796
f 5099/5234/4797 5100/5235/4797 5117/5252/4797 5116/5251/4797
f 5100/5235/4798 5101/5236/4798 5118/5253/4798 5117/5252/4798
f 5101/5236/4799 5102/5237/4799 5119/5254/4799 5118/5253/4799
f 5102/5237/4800 5103/5238/4800 5120/5255/4800 5119/5254/4800
f 5103/5238/4801 5104/5239/4801 5121/5256/4801 5120/5255/4801
f 5104/5239/4802 5105/5240/4802 5122/5257/4802 5121/5256/4802
f 5105/5240/4803 5106/5241/4803 5123/5258/4803 5122/5257/4803
f 5106/5241/4804 5107/5242/4804 5124/5259/4804 5123/5258/4804
f 5107/5242/4805 5108/5243/4805 5125/5260/4805 5124/5259/4805
f 5109/5245/4806 5110/5244/4806 5127/5261/4806 5126/5262/4806
f 5110/5244/4807 5111/5246/4807 5128/5263/4807 5127/5261/4807
f 5111/5246/4808 5112/5247/4808 5129/5264/4808 5128/5263/4808
f 5112/5247/4809 5113/5248/4809 5130/5265/4809 5129/5264/4809
f 5113/5248/4810 5114/5249/4810 5131/5266/4810 5130/5265/4810
f 5114/5249/4811 5115/5250/4811 5132/5267/4811 5131/5266/4811
f 5115/5250/4812 5116/5251/4812 5133/5268/4812 5132/5267/4812
f 5116/5251/4813 5117/5252/4813 5134/5269/4813 5133/5268/4813
f 5117/5252/4814 5118/5253/4814 5135/5270/4814 5134/5269/4814
f 5118/5253/4815 5119/5254/4815 5136/5271/4815 5135/5270/4815
f 5119/5254/4816 5120/5255/4816 5137/5272/4816 5136/5271/4816
f 5120/5255/4817 5121/5256/4817 5138/5273/4817 5137/5272/4817
f 5121/5256/4818 5122/5257/4818 5139/5274/4818 5138/5273/4818
f 5122/5257/4819 5123/5258/4819 5140/5275/4819 5139/5274/4819
f 5123/5258/4820 5124/5259/4820 5141/5276/4820 5140/5275/4820
f 5124/5259/4821 5125/5260/4821 5142/5277/4821 5141/5276/4821
f 5126/5262/4822 5127/5261/4822 5144/5278/4822 5143/5279/4822
f 5127/5261/4823 5128/5263/4823 5145/5280/4823 5144/5278/4823
f 5128/5263/4824 5129/5264/4824 5146/5281/4824 5145/5280/4824
f 5129/5264/4825 5130/5265/4825 5147/5282/4825 5146/5281/4825
f 5130/5265/4826 5131/5266/4826 5148/5283/4826 5147/5282/4826
f 5131/5266/4827 5132/5267/4827 5149/5284/4827 5148/5283/4827
f 5132/5267/4828 5133/5268/4828 5150/5285/4828 5149/5284/4828
f 5133/5268/4829 5134/5269/4829 5151/5286/4829 5150/5285/4829
f 5134/5269/4830 5135/5270/4830 5152/5287/4830 5151/5286/4830
f 5135/5270/4831 5136/5271/4831 5153/5288/4831 5152/5287/4831
f 5136/5271/4832 5137/5272/4832 5154/5289/4832 5153/5288/4832
f 5137/5272/4833 5138/5273/4833 5155/5290/4833 5154/5289/4833
f 5138/5273/4834 5139/5274/4834 5156/5291/4834 5155/5290/4834
f 5139/5274/4835 5140/5275/4835 5157/5292/4835 5156/5291/4835
f 5140/5275/4836 5141/5276/4836 5158/5293/4836 5157/5292/4836
f 5141/5276/4837 5142/5277/4837 5159/5294/4837 5158/5293/4837
f 5143/5279/4838 5144/5278/4838 5161/5295/4838 5160/5296/4838
f 5144/5278/4839 5145/5280/4839 5162/5297/4839 5161/5295/4839
f 5145/5280/4840 5146/5281/4840 5163/5298/4840 5162/5297/4840
f 5146/5281/4841 5147/5282/4841 5164/5299/4841 5163/5298/4841
f 5147/5282/4842 5148/5283/4842 5165/5300/4842 5164/5299/4842
f 5148/5283/4843 5149/5284/4843 5166/5301/4843 5165/5300/4843
f 5149/5284/4844 5150/5285/4844 5167/5302/4844 5166/5301/4844
f 5150/5285/4845 5151/5286/4845 5168/5303/4845 5167/5302/4845
f 5151/5286/4846 5152/5287/4846 5169/5304/4846 5168/5303/4846
f 5152/5287/4847 5153/5288/4847 5170/5305/4847 5169/5304/4847
f 5153/5288/4848 5154/5289/4848 5171/5306/4848 5170/5305/4848
f 5154/5289/4849 5155/5290/4849 5172/5307/4849 5171/5306/4849
f 5155/5290/4850 5156/5291/4850 5173/5308/4850 5172/5307/4850
f 5156/5291/4851 5157/5292/4851 5174/5309/4851 5173/5308/4851
f 5157/5292/4852 5158/5293/4852 5175/5310/4852 5174/5309/4852
f 5158/5293/4853 5159/5294/4853 5176/5311/4853 5175/5310/4853
f 5160/5296/4854 5161/5295/4854 5481/5312/4854 5464/5313/4854
f 5161/5295/4855 5162/5297/4855 5498/5314/4855 5481/5312/4855
f 5162/5297/4856 5163/5298/4856 5515/5315/4856 5498/5314/4856
f 5163/5298/4857 5164/5299/4857 5532/5316/4857 5515/5315/4857
f 5164/5299/4858 5165/5300/4858 5549/5317/4858 5532/5316/4858
f 5165/5300/4859 5166/5301/4859 5566/5318/4859 5549/5317/4859
f 5166/5301/4860 5167/5302/4860 5583/5319/4860 5566/5318/4860
f 5167/5302/4861 5168/5303/4861 5600/5320/4861 5583/5319/4861
f 5168/5303/4862 5169/5304/4862 5617/5321/4862 5600/5320/4862
f 5169/5304/4863 5170/5305/4863 5634/5322/4863 5617/5321/4863
f 5170/5305/4864 5171/5306/4864 5651/5323/4864 5634/5322/4864
f 5171/5306/4865 5172/5307/4865 5668/5324/4865 5651/5323/4865
f 5172/5307/4866 5173/5308/4866 5685/5325/4866 5668/5324/4866
f 5173/5308/4867 5174/5309/4867 5702/5326/4867 5685/5325/4867
f 5174/5309/4868 5175/5310/4868 5719/5327/4868 5702/5326/4868
f 5175/5310/4869 5176/5311/4869 5177/5328/4869 5719/5327/4869
f 4904/11/4870 5178/5329/4870 5195/5330/4870 5194/5331/4870
f 5178/5329/4871 5179/5332/4871 5196/5333/4871 5195/5330/4871
f 5179/5332/4872 5180/5334/4872 5197/5335/4872 5196/5333/4872
f 5180/5334/4873 5181/5336/4873 5198/5337/4873 5197/5335/4873
f 5181/5336/4874 5182/5338/4874 5199/5339/4874 5198/5337/4874
f 5182/5338/4875 5183/5340/4875 5200/5341/4875 5199/5339/4875
f 5183/5340/4876 5184/5342/4876 5201/5343/4876 5200/5341/4876
f 5184/5342/4877 5185/5344/4877 5202/5345/4877 5201/5343/4877
f 5185/5344/4878 5186/5346/4878 5203/5347/4878 5202/5345/4878
f 5186/5346/4879 5187/5348/4879 5204/5349/4879 5203/5347/4879
f 5187/5348/4880 5188/5350/4880 5205/5351/4880 5204/5349/4880
f 5188/5350/4881 5189/5352/4881 5206/5353/4881 5205/5351/4881
f 5189/5352/4882 5190/5354/4882 5207/5355/4882 5206/5353/4882
f 5190/5354/4883 5191/5356/4883 5208/5357/4883 5207/5355/4883
f 5191/5356/4884 5192/5358/4884 5209/5359/4884 5208/5357/4884
f 5192/5358/4885 5193/5360/4885 5210/5361/4885 5209/5359/4885
f 5194/5331/4886 5195/5330/4886 5212/5362/4886 5211/5363/4886
f 5195/5330/4887 5196/5333/4887 5213/5364/4887 5212/5362/4887
f 5196/5333/4888 5197/5335/4888 5214/5365/4888 5213/5364/4888
f 5197/5335/4889 5198/5337/4889 5215/5366/4889 5214/5365/4889
f 5198/5337/4890 5199/5339/4890 5216/5367/4890 5215/5366/4890
f 5199/5339/4891 5200/5341/4891 5217/5368/4891 5216/5367/4891
f 5200/5341/4892 5201/5343/4892 5218/5369/4892 5217/5368/4892
f 5201/5343/4893 5202/5345/4893 5219/5370/4893 5218/5369/4893
f 5202/5345/4894 5203/5347/4894 5220/5371/4894 5219/5370/4894
f 5203/5347/4895 5204/5349/4895 5221/5372/4895 5220/5371/4895
f 5204/5349/4896 5205/5351/4896 5222/5373/4896 5221/5372/4896
f 5205/5351/4897 5206/5353/4897 5223/5374/4897 5222/5373/4897
f 5206/5353/4898 5207/5355/4898 5224/5375/4898 5223/5374/4898
f 5207/5355/4899 5208/5357/4899 5225/5376/4899 5224/5375/4899
f 5208/5357/4900 5209/5359/4900 5226/5377/4900 5225/5376/4900
f 5209/5359/4901 5210/5361/4901 5227/5378/4901 5226/5377/4901
f 5211/5363/4902 5212/5362/4902 5229/5379/4902 5228/5380/4902
f 5212/5362/4903 5213/5364/4903 5230/5381/4903 5229/5379/4903
f 5213/5364/4904 5214/5365/4904 5231/5382/4904 5230/5381/4904
f 5214/5365/4905 5215/5366/4905 5232/5383/4905 5231/5382/4905
f 5215/5366/4906 5216/5367/4906 5233/5384/4906 5232/5383/4906
f 5216/5367/4907 5217/5368/4907 5234/5385/4907 5233/5384/4907
f 5217/5368/4908 5218/5369/4908 5235/5386/4908 5234/5385/4908
f 5218/5369/4909 5219/5370/4909 5236/5387/4909 5235/5386/4909
f 5219/5370/4910 5220/5371/4910 5237/5388/4910 5236/5387/4910
f 5220/5371/4911 5221/5372/4911 5238/5389/4911 5237/5388/4911
f 5221/5372/4912 5222/5373/4912 5239/5390/4912 5238/5389/4912
f 5222/5373/4913 5223/5374/4913 5240/5391/4913 5239/5390/4913
f 5223/5374/4914 5224/5375/4914 5241/5392/4914 5240/5391/4914
f 5224/5375/4915 5225/5376/4915 5242/5393/4915 5241/5392/4915
f 5225/5376/4916 5226/5377/4916 5243/5394/4916 5242/5393/4916
f 5226/5377/4917 5227/5378/4917 5244/5395/4917 5243/5394/4917
f 5228/5380/4918 5229/5379/4918 5246/5396/4918 5245/5397/4918
f 5229/5379/4919 5230/5381/4919 5247/5398/4919 5246/5396/4919
f 5230/5381/4920 5231/5382/4920 5248/5399/4920 5247/5398/4920
f 5231/5382/4921 5232/5383/4921 5249/5400/4921 5248/5399/4921
f 5232/5383/4922 5233/5384/4922 5250/5401/4922 5249/5400/4922
f 5233/5384/4923 5234/5385/4923 5251/5402/4923 5250/5401/4923
f 5234/5385/4924 5235/5386/4924 5252/5403/4924 5251/5402/4924
f 5235/5386/4925 5236/5387/4925 5253/5404/4925 5252/5403/4925
f 5236/5387/4926 5237/5388/4926 5254/5405/4926 5253/5404/4926
f 5237/5388/4927 5238/5389/4927 5255/5406/4927 5254/5405/4927
f 5238/5389/4928 5239/5390/4928 5256/5407/4928 5255/5406/4928
f 5239/5390/4929 5240/5391/4929 5257/5408/4929 5256/5407/4929
f 5240/5391/4930 5241/5392/4930 5258/5409/4930 5257/5408/4930
f 5241/5392/4931 5242/5393/4931 5259/5410/4931 5258/5409/4931
f 5242/5393/4932 5243/5394/4932 5260/5411/4932 5259/5410/4932
f 5243/5394/4933 5244/5395/4933 5261/5412/4933 5260/5411/4933
f 5245/5397/4934 5246/5396/4934 5263/5413/4934 5262/5414/4934
f 5246/5396/4935 5247/5398/4935 5264/5415/4935 5263/5413/4935
f 5247/5398/4936 5248/5399/4936 5265/5416/4936 5264/5415/4936
f 5248/5399/4937 5249/5400/4937 5266/5417/4937 5265/5416/4937
f 5249/5400/4938 5250/5401/4938 5267/5418/4938 5266/5417/4938
f 5250/5401/4939 5251/5402/4939 5268/5419/4939 5267/5418/4939
f 5251/5402/4940 5252/5403/4940 5269/5420/4940 5268/5419/4940
f 5252/5403/4941 5253/5404/4941 5270/5421/4941 5269/5420/4941
f 5253/5404/4942 5254/5405/4942 5271/5422/4942 5270/5421/4942
f 5254/5405/4943 5255/5406/4943 5272/5423/4943 5271/5422/4943
f 5255/5406/4944 5256/5407/4944 5273/5424/4944 5272/5423/4944
f 5256/5407/4945 5257/5408/4945 5274/5425/4945 5273/5424/4945
f 5257/5408/4946 5258/5409/4946 5275/5426/4946 5274/5425/4946
f 5258/5409/4947 5259/5410/4947 5276/5427/4947 5275/5426/4947
f 5259/5410/4948 5260/5411/4948 5277/5428/4948 5276/5427/4948
f 5260/5411/4949 5261/5412/4949 5278/5429/4949 5277/5428/4949
f 5262/5414/4950 5263/5413/4950 5280/5430/4950 5279/5431/4950
f 5263/5413/4951 5264/5415/4951 5281/5432/4951 5280/5430/4951
f 5264/5415/4952 5265/5416/4952 5282/5433/4952 5281/5432/4952
f 5265/5416/4953 5266/5417/4953 5283/5434/4953 5282/5433/4953
f 5266/5417/4954 5267/5418/4954 5284/5435/4954 5283/5434/4954
f 5267/5418/4955 5268/5419/4955 5285/5436/4955 5284/5435/4955
f 5268/5419/4956 5269/5420/4956 5286/5437/4956 5285/5436/4956
f 5269/5420/4957 5270/5421/4957 5287/5438/4957 5286/5437/4957
f 5270/5421/4958 5271/5422/4958 5288/5439/4958 5287/5438/4958
f 5271/5422/4959 5272/5423/4959 5289/5440/4959 5288/5439/4959
f 5272/5423/4960 5273/5424/4960 5290/5441/4960 5289/5440/4960
f 5273/5424/4961 5274/5425/4961 5291/5442/4961 5290/5441/4961
f 5274/5425/4962 5275/5426/4962 5292/5443/4962 5291/5442/4962
f 5275/5426/4963 5276/5427/4963 5293/5444/4963 5292/5443/4963
f 5276/5427/4964 5277/5428/4964 5294/5445/4964 5293/5444/4964
f 5277/5428/4965 5278/5429/4965 5295/5446/4965 5294/5445/4965
f 5279/5431/4966 5280/5430/4966 5297/5447/4966 5296/5448/4966
f 5280/5430/4967 5281/5432/4967 5298/5449/4967 5297/5447/4967
f 5281/5432/4968 5282/5433/4968 5299/5450/4968 5298/5449/4968
f 5282/5433/4969 5283/5434/4969 5300/5451/4969 5299/5450/4969
f 5283/5434/4970 5284/5435/4970 5301/5452/4970 5300/5451/4970
f 5284/5435/4971 5285/5436/4971 5302/5453/4971 5301/5452/4971
f 5285/5436/4972 5286/5437/4972 5303/5454/4972 5302/5453/4972
f 5286/5437/4973 5287/5438/4973 5304/5455/4973 5303/5454/4973
f 5287/5438/4974 5288/5439/4974 5305/5456/4974 5304/5455/4974
f 5288/5439/4975 5289/5440/4975 5306/5457/4975 5305/5456/4975
f 5289/5440/4976 5290/5441/4976 5307/5458/4976 5306/5457/4976
f 5290/5441/4977 5291/5442/4977 5308/5459/4977 5307/5458/4977
f 5291/5442/4978 5292/5443/4978 5309/5460/4978 5308/5459/4978
f 5292/5443/4979 5293/5444/4979 5310/5461/4979 5309/5460/4979
f 5293/5444/4980 5294/5445/4980 5311/5462/4980 5310/5461/4980
f 5294/5445/4981 5295/5446/4981 5312/5463/4981 5311/5462/4981
f 5296/5448/4982 5297/5447/4982 5314/5464/4982 5313/5465/4982
f 5297/5447/4983 5298/5449/4983 5315/5466/4983 5314/5464/4983
f 5298/5449/4984 5299/5450/4984 5316/5467/4984 5315/5466/4984
f 5299/5450/4985 5300/5451/4985 5317/5468/4985 5316/5467/4985
f 5300/5451/4986 5301/5452/4986 5318/5469/4986 5317/5468/4986
f 5301/5452/4987 5302/5453/4987 5319/5470/4987 5318/5469/4987
f 5302/5453/4988 5303/5454/4988 5320/5471/4988 5319/5470/4988
f 5303/5454/4989 5304/5455/4989 5321/5472/4989 5320/5471/4989
f 5304/5455/4990 5305/5456/4990 5322/5473/4990 5321/5472/4990
f 5305/5456/4991 5306/5457/4991 5323/5474/4991 5322/5473/4991
f 5306/5457/4992 5307/5458/4992 5324/5475/4992 5323/5474/4992
f 5307/5458/4993 5308/5459/4993 5325/5476/4993 5324/5475/4993
f 5308/5459/4994 5309/5460/4994 5326/5477/4994 5325/5476/4994
f 5309/5460/4995 5310/5461/4995 5327/5478/4995 5326/5477/4995
f 5310/5461/4996 5311/5462/4996 5328/5479/4996 5327/5478/4996
f 5311/5462/4997 5312/5463/4997 5329/5480/4997 5328/5479/4997
f 5313/5465/4998 5314/5464/4998 5331/5481/4998 5330/5482/4998
f 5314/5464/4999 5315/5466/4999 5332/5483/4999 5331/5481/4999
f 5315/5466/5000 5316/5467/5000 5333/5484/5000 5332/5483/5000
f 5316/5467/5001 5317/5468/5001 5334/5485/5001 5333/5484/5001
f 5317/5468/5002 5318/5469/5002 5335/5486/5002 5334/5485/5002
f 5318/5469/5003 5319/5470/5003 5336/5487/5003 5335/5486/5003
f 5319/5470/5004 5320/5471/5004 5337/5488/5004 5336/5487/5004
f 5320/5471/5005 5321/5472/5005 5338/5489/5005 5337/5488/5005
f 5321/5472/5006 5322/5473/5006 5339/5490/5006 5338/5489/5006
f 5322/5473/5007 5323/5474/5007 5340/5491/5007 5339/5490/5007
f 5323/5474/5008 5324/5475/5008 5341/5492/5008 5340/5491/5008
f 5324/5475/5009 5325/5476/5009 5342/5493/5009 5341/5492/5009
f 5325/5476/5010 5326/5477/5010 5343/5494/5010 5342/5493/5010
f 5326/5477/5011 5327/5478/5011 5344/5495/5011 5343/5494/5011
f 5327/5478/5012 5328/5479/5012 5345/5496/5012 5344/5495/5012
f 5328/5479/5013 5329/5480/5013 5346/5497/5013 5345/5496/5013
f 5330/5482/5014 5331/5481/5014 5348/5498/5014 5347/5499/5014
f 5331/5481/5015 5332/5483/5015 5349/5500/5015 5348/5498/5015
f 5332/5483/5016 5333/5484/5016 5350/5501/5016 5349/5500/5016
f 5333/5484/5017 5334/5485/5017 5351/5502/5017 5350/5501/5017
f 5334/5485/5018 5335/5486/5018 5352/5503/5018 5351/5502/5018
f 5335/5486/5019 5336/5487/5019 5353/5504/5019 5352/5503/5019
f 5336/5487/5020 5337/5488/5020 5354/5505/5020 5353/5504/5020
f 5337/5488/5021 5338/5489/5021 5355/5506/5021 5354/5505/5021
f 5338/5489/5022 5339/5490/5022 5356/5507/5022 5355/5506/5022
f 5339/5490/5023 5340/5491/5023 5357/5508/5023 5356/5507/5023
f 5340/5491/5024 5341/5492/5024 5358/5509/5024 5357/5508/5024
f 5341/5492/5025 5342/5493/5025 5359/5510/5025 5358/5509/5025
f 5342/5493/5026 5343/5494/5026 5360/5511/5026 5359/5510/5026
f 5343/5494/5027 5344/5495/5027 5361/5512/5027 5360/5511/5027
f 5344/5495/5028 5345/5496/5028 5362/5513/5028 5361/5512/5028
f 5345/5496/5029 5346/5497/5029 5363/5514/5029 5362/5513/5029
f 5347/5499/5030 5348/5498/5030 5365/5515/5030 5364/5516/5030
f 5348/5498/5031 5349/5500/5031 5366/5517/5031 5365/5515/5031
f 5349/5500/5032 5350/5501/5032 5367/5518/5032 5366/5517/5032
f 5350/5501/5033 5351/5502/5033 5368/5519/5033 5367/5518/5033
f 5351/5502/5034 5352/5503/5034 5369/5520/5034 5368/5519/5034
f 5352/5503/5035 5353/5504/5035 5370/5521/5035 5369/5520/5035
f 5353/5504/5036 5354/5505/5036 5371/5522/5036 5370/5521/5036
f 5354/5505/5037 5355/5506/5037 5372/5523/5037 5371/5522/5037
f 5355/5506/5038 5356/5507/5038 5373/5524/5038 5372/5523/5038
f 5356/5507/5039 5357/5508/5039 5374/5525/5039 5373/5524/5039
f 5357/5508/5040 5358/5509/5040 5375/5526/5040 5374/5525/5040
f 5358/5509/5041 5359/5510/5041 5376/5527/5041 5375/5526/5041
f 5359/5510/5042 5360/5511/5042 5377/5528/5042 5376/5527/5042
f 5360/5511/5043 5361/5512/5043 5378/5529/5043 5377/5528/5043
f 5361/5512/5044 5362/5513/5044 5379/5530/5044 5378/5529/5044
f 5362/5513/5045 5363/5514/5045 5380/5531/5045 5379/5530/5045
f 5364/5516/5046 5365/5515/5046 5382/5532/5046 5381/5533/5046
f 5365/5515/5047 5366/5517/5047 5383/5534/5047 5382/5532/5047
f 5366/5517/5048 5367/5518/5048 5384/5535/5048 5383/5534/5048
f 5367/5518/5049 5368/5519/5049 5385/5536/5049 5384/5535/5049
f 5368/5519/5050 5369/5520/5050 5386/5537/5050 5385/5536/5050
f 5369/5520/5051 5370/5521/5051 5387/5538/5051 5386/5537/5051
f 5370/5521/5052 5371/5522/5052 5388/5539/5052 5387/5538/5052
f 5371/5522/5053 5372/5523/5053 5389/5540/5053 5388/5539/5053
f 5372/5523/5054 5373/5524/5054 5390/5541/5054 5389/5540/5054
f 5373/5524/5055 5374/5525/5055 5391/5542/5055 5390/5541/5055
f 5374/5525/5056 5375/5526/5056 5392/5543/5056 5391/5542/5056
f 5375/5526/5057 5376/5527/5057 5393/5544/5057 5392/5543/5057
f 5376/5527/5058 5377/5528/5058 5394/5545/5058 5393/5544/5058
f 5377/5528/5059 5378/5529/5059 5395/5546/5059 5394/5545/5059
f 5378/5529/5060 5379/5530/5060 5396/5547/5060 5395/5546/5060
f 5379/5530/5061 5380/5531/5061 5397/5548/5061 5396/5547/5061
f 5381/5533/5062 5382/5532/5062 5399/5549/5062 5398/5550/5062
f 5382/5532/5063 5383/5534/5063 5400/5551/5063 5399/5549/5063
f 5383/5534/5064 5384/5535/5064 5401/5552/5064 5400/5551/5064
f 5384/5535/5065 5385/5536/5065 5402/5553/5065 5401/5552/5065
f 5385/5536/5066 5386/5537/5066 5403/5554/5066 5402/5553/5066
f 5386/5537/5067 5387/5538/5067 5404/5555/5067 5403/5554/5067
f 5387/5538/5068 5388/5539/5068 5405/5556/5068 5404/5555/5068
f 5388/5539/5069 5389/5540/5069 5406/5557/5069 5405/5556/5069
f 5389/5540/5070 5390/5541/5070 5407/5558/5070 5406/5557/5070
f 5390/5541/5071 5391/5542/5071 5408/5559/5071 5407/5558/5071
f 5391/5542/5072 5392/5543/5072 5409/5560/5072 5408/5559/5072
f 5392/5543/5073 5393/5544/5073 5410/5561/5073 5409/5560/5073
f 5393/5544/5074 5394/5545/5074 5411/5562/5074 5410/5561/5074
f 5394/5545/5075 5395/5546/5075 5412/5563/5075 5411/5562/5075
f 5395/5546/5076 5396/5547/5076 5413/5564/5076 5412/5563/5076
f 5396/5547/5077 5397/5548/5077 5414/5565/5077 5413/5564/5077
f 5398/5550/5078 5399/5549/5078 5416/5566/5078 5415/5567/5078
f 5399/5549/5079 5400/5551/5079 5417/5568/5079 5416/5566/5079
f 5400/5551/5080 5401/5552/5080 5418/5569/5080 5417/5568/5080
f 5401/5552/5081 5402/5553/5081 5419/5570/5081 5418/5569/5081
f 5402/5553/5082 5403/5554/5082 5420/5571/5082 5419/5570/5082
f 5403/5554/5083 5404/5555/5083 5421/5572/5083 5420/5571/5083
f 5404/5555/5084 5405/5556/5084 5422/5573/5084 5421/5572/5084
f 5405/5556/5085 5406/5557/5085 5423/5574/5085 5422/5573/5085
f 5406/5557/5086 5407/5558/5086 5424/5575/5086 5423/5574/5086
f 5407/5558/5087 5408/5559/5087 5425/5576/5087 5424/5575/5087
f 5408/5559/5088 5409/5560/5088 5426/5577/5088 5425/5576/5088
f 5409/5560/5089 5410/5561/5089 5427/5578/5089 5426/5577/5089
f 5410/5561/5090 5411/5562/5090 5428/5579/5090 5427/5578/5090
f 5411/5562/5091 5412/5563/5091 5429/5580/5091 5428/5579/5091
f 5412/5563/5092 5413/5564/5092 5430/5581/5092 5429/5580/5092
f 5413/5564/5093 5414/5565/5093 5431/5582/5093 5430/5581/5093
f 5415/5567/5094 5416/5566/5094 5433/5583/5094 5432/5584/5094
f 5416/5566/5095 5417/5568/5095 5434/5585/5095 5433/5583/5095
f 5417/5568/5096 5418/5569/5096 5435/5586/5096 5434/5585/5096
f 5418/5569/5097 5419/5570/5097 5436/5587/5097 5435/5586/5097
f 5419/5570/5098 5420/5571/5098 5437/5588/5098 5436/5587/5098
f 5420/5571/5099 5421/5572/5099 5438/5589/5099 5437/5588/5099
f 5421/5572/5100 5422/5573/5100 5439/5590/5100 5438/5589/5100
f 5422/5573/5101 5423/5574/5101 5440/5591/5101 5439/5590/5101
f 5423/5574/5102 5424/5575/5102 5441/5592/5102 5440/5591/5102
f 5424/5575/5103 5425/5576/5103 5442/5593/5103 5441/5592/5103
f 5425/5576/5104 5426/5577/5104 5443/5594/5104 5442/5593/5104
f 5426/5577/5105 5427/5578/5105 5444/5595/5105 5443/5594/5105
f 5427/5578/5106 5428/5579/5106 5445/5596/5106 5444/5595/5106
f 5428/5579/5107 5429/5580/5107 5446/5597/5107 5445/5596/5107
f 5429/5580/5108 5430/5581/5108 5447/5598/5108 5446/5597/5108
f 5430/5581/5109 5431/5582/5109 5448/5599/5109 5447/5598/5109
f 5432/5584/5110 5433/5583/5110 4938/5600/5110 4921/5601/5110
f 5433/5583/5111 5434/5585/5111 4955/5602/5111 4938/5600/5111
f 5434/5585/5112 5435/5586/5112 4972/5603/5112 4955/5602/5112
f 5435/5586/5113 5436/5587/5113 4989/5604/5113 4972/5603/5113
f 5436/5587/5114 5437/5588/5114 5006/5605/5114 4989/5604/5114
f 5437/5588/5115 5438/5589/5115 5023/5606/5115 5006/5605/5115
f 5438/5589/5116 5439/5590/5116 5040/5607/5116 5023/5606/5116
f 5439/5590/5117 5440/5591/5117 5057/5608/5117 5040/5607/5117
f 5440/5591/5118 5441/5592/5118 5074/5609/5118 5057/5608/5118
f 5441/5592/5119 5442/5593/5119 5091/5610/5119 5074/5609/5119
f 5442/5593/5120 5443/5594/5120 5108/5611/5120 5091/5610/5120
f 5443/5594/5121 5444/5595/5121 5125/5612/5121 5108/5611/5121
f 5444/5595/5122 5445/5596/5122 5142/5613/5122 5125/5612/5122
f 5445/5596/5123 5446/5597/5123 5159/5614/5123 5142/5613/5123
f 5446/5597/5124 5447/5598/5124 5176/5615/5124 5159/5614/5124
f 5447/5598/5125 5448/5599/5125 5177/5616/5125 5176/5615/5125
f 4905/15/5126 5449/5617/5126 5466/5618/5126 5465/5619/5126
f 5449/5617/5127 5450/5620/5127 5467/5621/5127 5466/5618/5127
f 5450/5620/5128 5451/5622/5128 5468/5623/5128 5467/5621/5128
f 5451/5622/5129 5452/5624/5129 5469/5625/5129 5468/5623/5129
f 5452/5624/5130 5453/5626/5130 5470/5627/5130 5469/5625/5130
f 5453/5626/5131 5454/5628/5131 5471/5629/5131 5470/5627/5131
f 5454/5628/5132 5455/5630/5132 5472/5631/5132 5471/5629/5132
f 5455/5630/5133 5456/5632/5133 5473/5633/5133 5472/5631/5133
f 5456/5632/5134 5457/5634/5134 5474/5635/5134 5473/5633/5134
f 5457/5634/5135 5458/5636/5135 5475/5637/5135 5474/5635/5135
f 5458/5636/5136 5459/5638/5136 5476/5639/5136 5475/5637/5136
f 5459/5638/5137 5460/5640/5137 5477/5641/5137 5476/5639/5137
f 5460/5640/5138 5461/5642/5138 5478/5643/5138 5477/5641/5138
f 5461/5642/5139 5462/5644/5139 5479/5645/5139 5478/5643/5139
f 5462/5644/5140 5463/5646/5140 5480/5647/5140 5479/5645/5140
f 5463/5646/5141 5464/5648/5141 5481/5649/5141 5480/5647/5141
f 5465/5619/5142 5466/5618/5142 5483/5650/5142 5482/5651/5142
f 5466/5618/5143 5467/5621/5143 5484/5652/5143 5483/5650/5143
f 5467/5621/5144 5468/5623/5144 5485/5653/5144 5484/5652/5144
f 5468/5623/5145 5469/5625/5145 5486/5654/5145 5485/5653/5145
f 5469/5625/5146 5470/5627/5146 5487/5655/5146 5486/5654/5146
f 5470/5627/5147 5471/5629/5147 5488/5656/5147 5487/5655/5147
f 5471/5629/5148 5472/5631/5148 5489/5657/5148 5488/5656/5148
f 5472/5631/5149 5473/5633/5149 5490/5658/5149 5489/5657/5149
f 5473/5633/5150 5474/5635/5150 5491/5659/5150 5490/5658/5150
f 5474/5635/5151 5475/5637/5151 5492/5660/5151 5491/5659/5151
f 5475/5637/5152 5476/5639/5152 5493/5661/5152 5492/5660/5152
f 5476/5639/5153 5477/5641/5153 5494/5662/5153 5493/5661/5153
f 5477/5641/5154 5478/5643/5154 5495/5663/5154 5494/5662/5154
f 5478/5643/5155 5479/5645/5155 5496/5664/5155 5495/5663/5155
f 5479/5645/5156 5480/5647/5156 5497/5665/5156 5496/5664/5156
f 5480/5647/5157 5481/5649/5157 5498/5666/5157 5497/5665/5157
f 5482/5651/5158 5483/5650/5158 5500/5667/5158 5499/5668/5158
f 5483/5650/5159 5484/5652/5159 5501/5669/5159 5500/5667/5159
f 5484/5652/5160 5485/5653/5160 5502/5670/5160 5501/5669/5160
f 5485/5653/5161 5486/5654/5161 5503/5671/5161 5502/5670/5161
f 5486/5654/5162 5487/5655/5162 5504/5672/5162 5503/5671/5162
f 5487/5655/5163 5488/5656/5163 5505/5673/5163 5504/5672/5163
f 5488/5656/5164 5489/5657/5164 5506/5674/5164 5505/5673/5164
f 5489/5657/5165 5490/5658/5165 5507/5675/5165 5506/5674/5165
f 5490/5658/5166 5491/5659/5166 5508/5676/5166 5507/5675/5166
f 5491/5659/5167 5492/5660/5167 5509/5677/5167 5508/5676/5167
f 5492/5660/5168 5493/5661/5168 5510/5678/5168 5509/5677/5168
f 5493/5661/5169 5494/5662/5169 5511/5679/5169 5510/5678/5169
f 5494/5662/5170 5495/5663/5170 5512/5680/5170 5511/5679/5170
f 5495/5663/5171 5496/5664/5171 5513/5681/5171 5512/5680/5171
f 5496/5664/5172 5497/5665/5172 5514/5682/5172 5513/5681/5172
f 5497/5665/5173 5498/5666/5173 5515/5683/5173 5514/5682/5173
f 5499/5668/5174 5500/5667/5174 5517/5684/5174 5516/5685/5174
f 5500/5667/5175 5501/5669/5175 5518/5686/5175 5517/5684/5175
f 5501/5669/5176 5502/5670/5176 5519/5687/5176 5518/5686/5176
f 5502/5670/5177 5503/5671/5177 5520/5688/5177 5519/5687/5177
f 5503/5671/5178 5504/5672/5178 5521/5689/5178 5520/5688/5178
f 5504/5672/5179 5505/5673/5179 5522/5690/5179 5521/5689/5179
f 5505/5673/5180 5506/5674/5180 5523/5691/5180 5522/5690/5180
f 5506/5674/5181 5507/5675/5181 5524/5692/5181 5523/5691/5181
f 5507/5675/5182 5508/5676/5182 5525/5693/5182 5524/5692/5182
f 5508/5676/5183 5509/5677/5183 5526/5694/5183 5525/5693/5183
f 5509/5677/5184 5510/5678/5184 5527/5695/5184 5526/5694/5184
f 5510/5678/5185 5511/5679/5185 5528/5696/5185 5527/5695/5185
f 5511/5679/5186 5512/5680/5186 5529/5697/5186 5528/5696/5186
f 5512/5680/5187 5513/5681/5187 5530/5698/5187 5529/5697/5187
f 5513/5681/5188 5514/5682/5188 5531/5699/5188 5530/5698/5188
f 5514/5682/5189 5515/5683/5189 5532/5700/5189 5531/5699/5189
f 5516/5685/5190 5517/5684/5190 5534/5701/5190 5533/5702/5190
f 5517/5684/5191 5518/5686/5191 5535/5703/5191 5534/5701/5191
f 5518/5686/5192 5519/5687/5192 5536/5704/5192 5535/5703/5192
f 5519/5687/5193 5520/5688/5193 5537/5705/5193 5536/5704/5193
f 5520/5688/5194 5521/5689/5194 5538/5706/5194 5537/5705/5194
f 5521/5689/5195 5522/5690/5195 5539/5707/5195 5538/5706/5195
f 5522/5690/5196 5523/5691/5196 5540/5708/5196 5539/5707/5196
f 5523/5691/5197 5524/5692/5197 5541/5709/5197 5540/5708/5197
f 5524/5692/5198 5525/5693/5198 5542/5710/5198 5541/5709/5198
f 5525/5693/5199 5526/5694/5199 5543/5711/5199 5542/5710/5199
f 5526/5694/5200 5527/5695/5200 5544/5712/5200 5543/5711/5200
f 5527/5695/5201 5528/5696/5201 5545/5713/5201 5544/5712/5201
f 5528/5696/5202 5529/5697/5202 5546/5714/5202 5545/5713/5202
f 5529/5697/5203 5530/5698/5203 5547/5715/5203 5546/5714/5203
f 5530/5698/5204 5531/5699/5204 5548/5716/5204 5547/5715/5204
f 5531/5699/5205 5532/5700/5205 5549/5717/5205 5548/5716/5205
f 5533/5702/5206 5534/5701/5206 5551/5718/5206 5550/5719/5206
f 5534/5701/5207 5535/5703/5207 5552/5720/5207 5551/5718/5207
f 5535/5703/5208 5536/5704/5208 5553/5721/5208 5552/5720/5208
f 5536/5704/5209 5537/5705/5209 5554/5722/5209 5553/5721/5209
f 5537/5705/5210 5538/5706/5210 5555/5723/5210 5554/5722/5210
f 5538/5706/5211 5539/5707/5211 5556/5724/5211 5555/5723/5211
f 5539/5707/5212 5540/5708/5212 5557/5725/5212 5556/5724/5212
f 5540/5708/5213 5541/5709/5213 5558/5726/5213 5557/5725/5213
f 5541/5709/5214 5542/5710/5214 5559/5727/5214 5558/5726/5214
f 5542/5710/5215 5543/5711/5215 5560/5728/5215 5559/5727/5215
f 5543/5711/5216 5544/5712/5216 5561/5729/5216 5560/5728/5216
f 5544/5712/5217 5545/5713/5217 5562/5730/5217 5561/5729/5217
f 5545/5713/5218 5546/5714/5218 5563/5731/5218 5562/5730/5218
f 5546/5714/5219 5547/5715/5219 5564/5732/5219 5563/5731/5219
f 5547/5715/5220 5548/5716/5220 5565/5733/5220 5564/5732/5220
f 5548/5716/5221 5549/5717/5221 5566/5734/5221 5565/5733/5221
f 5550/5719/5222 5551/5718/5222 5568/5735/5222 5567/5736/5222
f 5551/5718/5223 5552/5720/5223 5569/5737/5223 5568/5735/5223
f 5552/5720/5224 5553/5721/5224 5570/5738/5224 5569/5737/5224
f 5553/5721/5225 5554/5722/5225 5571/5739/5225 5570/5738/5225
f 5554/5722/5226 5555/5723/5226 5572/5740/5226 5571/5739/5226
f 5555/5723/5227 5556/5724/5227 5573/5741/5227 5572/5740/5227
f 5556/5724/5228 5557/5725/5228 5574/5742/5228 5573/5741/5228
f 5557/5725/5229 5558/5726/5229 5575/5743/5229 5574/5742/5229
f 5558/5726/5230 5559/5727/5230 5576/5744/5230 5575/5743/5230
f 5559/5727/5231 5560/5728/5231 5577/5745/5231 5576/5744/5231
f 5560/5728/5232 5561/5729/5232 5578/5746/5232 5577/5745/5232
f 5561/5729/5233 5562/5730/5233 5579/5747/5233 5578/5746/5233
f 5562/5730/5234 5563/5731/5234 5580/5748/5234 5579/5747/5234
f 5563/5731/5235 5564/5732/5235 5581/5749/5235 5580/5748/5235
f 5564/5732/5236 5565/5733/5236 5582/5750/5236 5581/5749/5236
f 5565/5733/5237 5566/5734/5237 5583/5751/5237 5582/5750/5237
f 5567/5736/5238 5568/5735/5238 5585/5752/5238 5584/5753/5238
f 5568/5735/5239 5569/5737/5239 5586/5754/5239 5585/5752/5239
f 5569/5737/5240 5570/5738/5240 5587/5755/5240 5586/5754/5240
f 5570/5738/5241 5571/5739/5241 5588/5756/5241 5587/5755/5241
f 5571/5739/5242 5572/5740/5242 5589/5757/5242 5588/5756/5242
f 5572/5740/5243 5573/5741/5243 5590/5758/5243 5589/5757/5243
f 5573/5741/5244 5574/5742/5244 5591/5759/5244 5590/5758/5244
f 5574/5742/5245 5575/5743/5245 5592/5760/5245 5591/5759/5245
f 5575/5743/5246 5576/5744/5246 5593/5761/5246 5592/5760/5246
f 5576/5744/5247 5577/5745/5247 5594/5762/5247 5593/5761/5247
f 5577/5745/5248 5578/5746/5248 5595/5763/5248 5594/5762/5248
f 5578/5746/5249 5579/5747/5249 5596/5764/5249 5595/5763/5249
f 5579/5747/5250 5580/5748/5250 5597/5765/5250 5596/5764/5250
f 5580/5748/5251 5581/5749/5251 5598/5766/5251 5597/5765/5251
f 5581/5749/5252 5582/5750/5252 5599/5767/5252 5598/5766/5252
f 5582/5750/5253 5583/5751/5253 5600/5768/5253 5599/5767/5253
f 5584/5753/5254 5585/5752/5254 5602/5769/5254 5601/5770/5254
f 5585/5752/5255 5586/5754/5255 5603/5771/5255 5602/5769/5255
f 5586/5754/5256 5587/5755/5256 5604/5772/5256 5603/5771/5256
f 5587/5755/5257 5588/5756/5257 5605/5773/5257 5604/5772/5257
f 5588/5756/5258 5589/5757/5258 5606/5774/5258 5605/5773/5258
f 5589/5757/5259 5590/5758/5259 5607/5775/5259 5606/5774/5259
f 5590/5758/5260 5591/5759/5260 5608/5776/5260 5607/5775/5260
f 5591/5759/5261 5592/5760/5261 5609/5777/5261 5608/5776/5261
f 5592/5760/5262 5593/5761/5262 5610/5778/5262 5609/5777/5262
f 5593/5761/5263 5594/5762/5263 5611/5779/5263 5610/5778/5263
f 5594/5762/5264 5595/5763/5264 5612/5780/5264 5611/5779/5264
f 5595/5763/5265 5596/5764/5265 5613/5781/5265 5612/5780/5265
f 5596/5764/5266 5597/5765/5266 5614/5782/5266 5613/5781/5266
f 5597/5765/5267 5598/5766/5267 5615/5783/5267 5614/5782/5267
f 5598/5766/5268 5599/5767/5268 5616/5784/5268 5615/5783/5268
f 5599/5767/5269 5600/5768/5269 5617/5785/5269 5616/5784/5269
f 5601/5770/5270 5602/5769/5270 5619/5786/5270 5618/5787/5270
f 5602/5769/5271 5603/5771/5271 5620/5788/5271 5619/5786/5271
f 5603/5771/5272 5604/5772/5272 5621/5789/5272 5620/5788/5272
f 5604/5772/5273 5605/5773/5273 5622/5790/5273 5621/5789/5273
f 5605/5773/5274 5606/5774/5274 5623/5791/5274 5622/5790/5274
f 5606/5774/5275 5607/5775/5275 5624/5792/5275 5623/5791/5275
f 5607/5775/5276 5608/5776/5276 5625/5793/5276 5624/5792/5276
f 5608/5776/5277 5609/5777/5277 5626/5794/5277 5625/5793/5277
f 5609/5777/5278 5610/5778/5278 5627/5795/5278 5626/5794/5278
f 5610/5778/5279 5611/5779/5279 5628/5796/5279 5627/5795/5279
f 5611/5779/5280 5612/5780/5280 5629/5797/5280 5628/5796/5280
f 5612/5780/5281 5613/5781/5281 5630/5798/5281 5629/5797/5281
f 5613/5781/5282 5614/5782/5282 5631/5799/5282 5630/5798/5282
f 5614/5782/5283 5615/5783/5283 5632/5800/5283 5631/5799/5283
f 5615/5783/5284 5616/5784/5284 5633/5801/5284 5632/5800/5284
f 5616/5784/5285 5617/5785/5285 5634/5802/5285 5633/5801/5285
f 5618/5787/5286 5619/5786/5286 5636/5803/5286 5635/5804/5286
f 5619/5786/5287 5620/5788/5287 5637/5805/5287 5636/5803/5287
f 5620/5788/5288 5621/5789/5288 5638/5806/5288 5637/5805/5288
f 5621/5789/5289 5622/5790/5289 5639/5807/5289 5638/5806/5289
f 5622/5790/5290 5623/5791/5290 5640/5808/5290 5639/5807/5290
f 5623/5791/5291 5624/5792/5291 5641/5809/5291 5640/5808/5291
f 5624/5792/5292 5625/5793/5292 5642/5810/5292 5641/5809/5292
f 5625/5793/5293 5626/5794/5293 5643/5811/5293 5642/5810/5293
f 5626/5794/5294 5627/5795/5294 5644/5812/5294 5643/5811/5294
f 5627/5795/5295 5628/5796/5295 5645/5813/5295 5644/5812/5295
f 5628/5796/5296 5629/5797/5296 5646/5814/5296 5645/5813/5296
f 5629/5797/5297 5630/5798/5297 5647/5815/5297 5646/5814/5297
f 5630/5798/5298 5631/5799/5298 5648/5816/5298 5647/5815/5298
f 5631/5799/5299 5632/5800/5299 5649/5817/5299 5648/5816/5299
f 5632/5800/5300 5633/5801/5300 5650/5818/5300 5649/5817/5300
f 5633/5801/5301 5634/5802/5301 5651/5819/5301 5650/5818/5301
f 5635/5804/5302 5636/5803/5302 5653/5820/5302 5652/5821/5302
f 5636/5803/5303 5637/5805/5303 5654/5822/5303 5653/5820/5303
f 5637/5805/5304 5638/5806/5304 5655/5823/5304 5654/5822/5304
f 5638/5806/5305 5639/5807/5305 5656/5824/5305 5655/5823/5305
f 5639/5807/5306 5640/5808/5306 5657/5825/5306 5656/5824/5306
f 5640/5808/5307 5641/5809/5307 5658/5826/5307 5657/5825/5307
f 5641/5809/5308 5642/5810/5308 5659/5827/5308 5658/5826/5308
f 5642/5810/5309 5643/5811/5309 5660/5828/5309 5659/5827/5309
f 5643/5811/5310 5644/5812/5310 5661/5829/5310 5660/5828/5310
f 5644/5812/5311 5645/5813/5311 5662/5830/5311 5661/5829/5311
f 5645/5813/5312 5646/5814/5312 5663/5831/5312 5662/5830/5312
f 5646/5814/5313 5647/5815/5313 5664/5832/5313 5663/5831/5313
f 5647/5815/5314 5648/5816/5314 5665/5833/5314 5664/5832/5314
f 5648/5816/5315 5649/5817/5315 5666/5834/5315 5665/5833/5315
f 5649/5817/5316 5650/5818/5316 5667/5835/5316 5666/5834/5316
f 5650/5818/5317 5651/5819/5317 5668/5836/5317 5667/5835/5317
f 5652/5821/5318 5653/5820/5318 5670/5837/5318 5669/5838/5318
f 5653/5820/5319 5654/5822/5319 5671/5839/5319 5670/5837/5319
f 5654/5822/5320 5655/5823/5320 5672/5840/5320 5671/5839/5320
f 5655/5823/5321 5656/5824/5321 5673/5841/5321 5672/5840/5321
f 5656/5824/5322 5657/5825/5322 5674/5842/5322 5673/5841/5322
f 5657/5825/5323 5658/5826/5323 5675/5843/5323 5674/5842/5323
f 5658/5826/5324 5659/5827/5324 5676/5844/5324 5675/5843/5324
f 5659/5827/5325 5660/5828/5325 5677/5845/5325 5676/5844/5325
f 5660/5828/5326 5661/5829/5326 5678/5846/5326 5677/5845/5326
f 5661/5829/5327 5662/5830/5327 5679/5847/5327 5678/5846/5327
f 5662/5830/5328 5663/5831/5328 5680/5848/5328 5679/5847/5328
f 5663/5831/5329 5664/5832/5329 5681/5849/5329 5680/5848/5329
f 5664/5832/5330 5665/5833/5330 5682/5850/5330 5681/5849/5330
f 5665/5833/5331 5666/5834/5331 5683/5851/5331 5682/5850/5331
f 5666/5834/5332 5667/5835/5332 5684/5852/5332 5683/5851/5332
f 5667/5835/5333 5668/5836/5333 5685/5853/5333 5684/5852/5333
f 5669/5838/5334 5670/5837/5334 5687/5854/5334 5686/5855/5334
f 5670/5837/5335 5671/5839/5335 5688/5856/5335 5687/5854/5335
f 5671/5839/5336 5672/5840/5336 5689/5857/5336 5688/5856/5336
f 5672/5840/5337 5673/5841/5337 5690/5858/5337 5689/5857/5337
f 5673/5841/5338 5674/5842/5338 5691/5859/5338 5690/5858/5338
f 5674/5842/5339 5675/5843/5339 5692/5860/5339 5691/5859/5339
f 5675/5843/5340 5676/5844/5340 5693/5861/5340 5692/5860/5340
f 5676/5844/5341 5677/5845/5341 5694/5862/5341 5693/5861/5341
f 5677/5845/5342 5678/5846/5342 5695/5863/5342 5694/5862/5342
f 5678/5846/5343 5679/5847/5343 5696/5864/5343 5695/5863/5343
f 5679/5847/5344 5680/5848/5344 5697/5865/5344 5696/5864/5344
f 5680/5848/5345 5681/5849/5345 5698/5866/5345 5697/5865/5345
f 5681/5849/5346 5682/5850/5346 5699/5867/5346 5698/5866/5346
f 5682/5850/5347 5683/5851/5347 5700/5868/5347 5699/5867/5347
f 5683/5851/5348 5684/5852/5348 5701/5869/5348 5700/5868/5348
f 5684/5852/5349 5685/5853/5349 5702/5870/5349 5701/5869/5349
f 5686/5855/5350 5687/5854/5350 5704/5871/5350 5703/5872/5350
f 5687/5854/5351 5688/5856/5351 5705/5873/5351 5704/5871/5351
f 5688/5856/5352 5689/5857/5352 5706/5874/5352 5705/5873/5352
f 5689/5857/5353 5690/5858/5353 5707/5875/5353 5706/5874/5353
f 5690/5858/5354 5691/5859/5354 5708/5876/5354 5707/5875/5354
f 5691/5859/5355 5692/5860/5355 5709/5877/5355 5708/5876/5355
f 5692/5860/5356 5693/5861/5356 5710/5878/5356 5709/5877/5356
f 5693/5861/5357 5694/5862/5357 5711/5879/5357 5710/5878/5357
f 5694/5862/5358 5695/5863/5358 5712/5880/5358 5711/5879/5358
f 5695/5863/5359 5696/5864/5359 5713/5881/5359 5712/5880/5359
f 5696/5864/5360 5697/5865/5360 5714/5882/5360 5713/5881/5360
f 5697/5865/5361 5698/5866/5361 5715/5883/5361 5714/5882/5361
f 5698/5866/5362 5699/5867/5362 5716/5884/5362 5715/5883/5362
f 5699/5867/5363 5700/5868/5363 5717/5885/5363 5716/5884/5363
f 5700/5868/5364 5701/5869/5364 5718/5886/5364 5717/5885/5364
f 5701/5869/5365 5702/5870/5365 5719/5887/5365 5718/5886/5365
f 5703/5872/5366 5704/5871/5366 5210/5888/5366 5193/5889/5366
f 5704/5871/5367 5705/5873/5367 5227/5890/5367 5210/5888/5367
f 5705/5873/5368 5706/5874/5368 5244/5891/5368 5227/5890/5368
f 5706/5874/5369 5707/5875/5369 5261/5892/5369 5244/5891/5369
f 5707/5875/5370 5708/5876/5370 5278/5893/5370 5261/5892/5370
f 5708/5876/5371 5709/5877/5371 5295/5894/5371 5278/5893/5371
f 5709/5877/5372 5710/5878/5372 5312/5895/5372 5295/5894/5372
f 5710/5878/5373 5711/5879/5373 5329/5896/5373 5312/5895/5373
f 5711/5879/5374 5712/5880/5374 5346/5897/5374 5329/5896/5374
f 5712/5880/5375 5713/5881/5375 5363/5898/5375 5346/5897/5375
f 5713/5881/5376 5714/5882/5376 5380/5899/5376 5363/5898/5376
f 5714/5882/5377 5715/5883/5377 5397/5900/5377 5380/5899/5377
f 5715/5883/5378 5716/5884/5378 5414/5901/5378 5397/5900/5378
f 5716/5884/5379 5717/5885/5379 5431/5902/5379 5414/5901/5379
f 5717/5885/5380 5718/5886/5380 5448/5903/5380 5431/5902/5380
f 5718/5886/5381 5719/5887/5381 5177/5904/5381 5448/5903/5381
f 5720/4/5382 5723/5905/5382 5740/5906/5382 5739/5907/5382
f 5723/5905/5383 5724/5908/5383 5741/5909/5383 5740/5906/5383
f 5724/5908/5384 5725/5910/5384 5742/5911/5384 5741/5909/5384
f 5725/5910/5385 5726/5912/5385 5743/5913/5385 5742/5911/5385
f 5726/5912/5386 5727/5914/5386 5744/5915/5386 5743/5913/5386
f 5727/5914/5387 5728/5916/5387 5745/5917/5387 5744/5915/5387
f 5728/5916/5388 5729/5918/5388 5746/5919/5388 5745/5917/5388
f 5729/5918/5389 5730/5920/5389 5747/5921/5389 5746/5919/5389
f 5730/5920/5390 5731/5922/5390 5748/5923/5390 5747/5921/5390
f 5731/5922/5391 5732/5924/5391 5749/5925/5391 5748/5923/5391
f 5732/5924/5392 5733/5926/5392 5750/5927/5392 5749/5925/5392
f 5733/5926/5393 5734/5928/5393 5751/5929/5393 5750/5927/5393
f 5734/5928/5394 5735/5930/5394 5752/5931/5394 5751/5929/5394
f 5735/5930/5395 5736/5932/5395 5753/5933/5395 5752/5931/5395
f 5736/5932/5396 5737/5934/5396 5754/5935/5396 5753/5933/5396
f 5737/5934/5397 5738/5936/5397 5755/5937/5397 5754/5935/5397
f 5739/5907/5398 5740/5906/5398 5757/5938/5398 5756/5939/5398
f 5740/5906/5399 5741/5909/5399 5758/5940/5399 5757/5938/5399
f 5741/5909/5400 5742/5911/5400 5759/5941/5400 5758/5940/5400
f 5742/5911/5401 5743/5913/5401 5760/5942/5401 5759/5941/5401
f 5743/5913/5402 5744/5915/5402 5761/5943/5402 5760/5942/5402
f 5744/5915/5403 5745/5917/5403 5762/5944/5403 5761/5943/5403
f 5745/5917/5404 5746/5919/5404 5763/5945/5404 5762/5944/5404
f 5746/5919/5405 5747/5921/5405 5764/5946/5405 5763/5945/5405
f 5747/5921/5406 5748/5923/5406 5765/5947/5406 5764/5946/5406
f 5748/5923/5407 5749/5925/5407 5766/5948/5407 5765/5947/5407
f 5749/5925/5408 5750/5927/5408 5767/5949/5408 5766/5948/5408
f 5750/5927/5409 5751/5929/5409 5768/5950/5409 5767/5949/5409
f 5751/5929/5410 5752/5931/5410 5769/5951/5410 5768/5950/5410
f 5752/5931/5411 5753/5933/5411 5770/5952/5411 5769/5951/5411
f 5753/5933/5412 5754/5935/5412 5771/5953/5412 5770/5952/5412
f 5754/5935/5413 5755/5937/5413 5772/5954/5413 5771/5953/5413
f 5756/5939/5414 5757/5938/5414 5774/5955/5414 5773/5956/5414
f 5757/5938/5415 5758/5940/5415 5775/5957/5415 5774/5955/5415
f 5758/5940/5416 5759/5941/5416 5776/5958/5416 5775/5957/5416
f 5759/5941/5417 5760/5942/5417 5777/5959/5417 5776/5958/5417
f 5760/5942/5418 5761/5943/5418 5778/5960/5418 5777/5959/5418
f 5761/5943/5419 5762/5944/5419 5779/5961/5419 5778/5960/5419
f 5762/5944/5420 5763/5945/5420 5780/5962/5420 5779/5961/5420
f 5763/5945/5421 5764/5946/5421 5781/5963/5421 5780/5962/5421
f 5764/5946/5422 5765/5947/5422 5782/5964/5422 5781/5963/5422
f 5765/5947/5423 5766/5948/5423 5783/5965/5423 5782/5964/5423
f 5766/5948/5424 5767/5949/5424 5784/5966/5424 5783/5965/5424
f 5767/5949/5425 5768/5950/5425 5785/5967/5425 5784/5966/5425
f 5768/5950/5426 5769/5951/5426 5786/5968/5426 5785/5967/5426
f 5769/5951/5427 5770/5952/5427 5787/5969/5427 5786/5968/5427
f 5770/5952/5428 5771/5953/5428 5788/5970/5428 5787/5969/5428
f 5771/5953/5429 5772/5954/5429 5789/5971/5429 5788/5970/5429
f 5773/5956/5430 5774/5955/5430 5791/5972/5430 5790/5973/5430
f 5774/5955/5431 5775/5957/5431 5792/5974/5431 5791/5972/5431
f 5775/5957/5432 5776/5958/5432 5793/5975/5432 5792/5974/5432
f 5776/5958/5433 5777/5959/5433 5794/5976/5433 5793/5975/5433
f 5777/5959/5434 5778/5960/5434 5795/5977/5434 5794/5976/5434
f 5778/5960/5435 5779/5961/5435 5796/5978/5435 5795/5977/5435
f 5779/5961/5436 5780/5962/5436 5797/5979/5436 5796/5978/5436
f 5780/5962/5437 5781/5963/5437 5798/5980/5437 5797/5979/5437
f 5781/5963/5438 5782/5964/5438 5799/5981/5438 5798/5980/5438
f 5782/5964/5439 5783/5965/5439 5800/5982/5439 5799/5981/5439
f 5783/5965/5440 5784/5966/5440 5801/5983/5440 5800/5982/5440
f 5784/5966/5441 5785/5967/5441 5802/5984/5441 5801/5983/5441
f 5785/5967/5442 5786/5968/5442 5803/5985/5442 5802/5984/5442
f 5786/5968/5443 5787/5969/5443 5804/5986/5443 5803/5985/5443
f 5787/5969/5444 5788/5970/5444 5805/5987/5444 5804/5986/5444
f 5788/5970/5445 5789/5971/5445 5806/5988/5445 5805/5987/5445
f 5790/5973/5446 5791/5972/5446 5808/5989/5446 5807/5990/5446
f 5791/5972/5447 5792/5974/5447 5809/5991/5447 5808/5989/5447
f 5792/5974/5448 5793/5975/5448 5810/5992/5448 5809/5991/5448
f 5793/5975/5449 5794/5976/5449 5811/5993/5449 5810/5992/5449
f 5794/5976/5450 5795/5977/5450 5812/5994/5450 5811/5993/5450
f 5795/5977/5451 5796/5978/5451 5813/5995/5451 5812/5994/5451
f 5796/5978/5452 5797/5979/5452 5814/5996/5452 5813/5995/5452
f 5797/5979/5453 5798/5980/5453 5815/5997/5453 5814/5996/5453
f 5798/5980/5454 5799/5981/5454 5816/5998/5454 5815/5997/5454
f 5799/5981/5455 5800/5982/5455 5817/5999/5455 5816/5998/5455
f 5800/5982/5456 5801/5983/5456 5818/6000/5456 5817/5999/5456
f 5801/5983/5457 5802/5984/5457 5819/6001/5457 5818/6000/5457
f 5802/5984/5458 5803/5985/5458 5820/6002/5458 5819/6001/5458
f 5803/5985/5459 5804/5986/5459 5821/6003/5459 5820/6002/5459
f 5804/5986/5460 5805/5987/5460 5822/6004/5460 5821/6003/5460
f 5805/5987/5461 5806/5988/5461 5823/6005/5461 5822/6004/5461
f 5807/5990/5462 5808/5989/5462 5825/6006/5462 5824/6007/5462
f 5808/5989/5463 5809/5991/5463 5826/6008/5463 5825/6006/5463
f 5809/5991/5464 5810/5992/5464 5827/6009/5464 5826/6008/5464
f 5810/5992/5465 5811/5993/5465 5828/6010/5465 5827/6009/5465
f 5811/5993/5466 5812/5994/5466 5829/6011/5466 5828/6010/5466
f 5812/5994/5467 5813/5995/5467 5830/6012/5467 5829/6011/5467
f 5813/5995/5468 5814/5996/5468 5831/6013/5468 5830/6012/5468
f 5814/5996/5469 5815/5997/5469 5832/6014/5469 5831/6013/5469
f 5815/5997/5470 5816/5998/5470 5833/6015/5470 5832/6014/5470
f 5816/5998/5471 5817/5999/5471 5834/6016/5471 5833/6015/5471
f 5817/5999/5472 5818/6000/5472 5835/6017/5472 5834/6016/5472
f 5818/6000/5473 5819/6001/5473 5836/6018/5473 5835/6017/5473
f 5819/6001/5474 5820/6002/5474 5837/6019/5474 5836/6018/5474
f 5820/6002/5475 5821/6003/5475 5838/6020/5475 5837/6019/5475
f 5821/6003/5476 5822/6004/5476 5839/6021/5476 5838/6020/5476
f 5822/6004/5477 5823/6005/5477 5840/6022/5477 5839/6021/5477
f 5824/6007/5478 5825/6006/5478 5842/6023/5478 5841/6024/5478
f 5825/6006/5479 5826/6008/5479 5843/6025/5479 5842/6023/5479
f 5826/6008/5480 5827/6009/5480 5844/6026/5480 5843/6025/5480
f 5827/6009/5481 5828/6010/5481 5845/6027/5481 5844/6026/5481
f 5828/6010/5482 5829/6011/5482 5846/6028/5482 5845/6027/5482
f 5829/6011/5483 5830/6012/5483 5847/6029/5483 5846/6028/5483
f 5830/6012/5484 5831/6013/5484 5848/6030/5484 5847/6029/5484
f 5831/6013/5485 5832/6014/5485 5849/6031/5485 5848/6030/5485
f 5832/6014/5486 5833/6015/5486 5850/6032/5486 5849/6031/5486
f 5833/6015/5487 5834/6016/5487 5851/6033/5487 5850/6032/5487
f 5834/6016/5488 5835/6017/5488 5852/6034/5488 5851/6033/5488
f 5835/6017/5489 5836/6018/5489 5853/6035/5489 5852/6034/5489
f 5836/6018/5490 5837/6019/5490 5854/6036/5490 5853/6035/5490
f 5837/6019/5491 5838/6020/5491 5855/6037/5491 5854/6036/5491
f 5838/6020/5492 5839/6021/5492 5856/6038/5492 5855/6037/5492
f 5839/6021/5493 5840/6022/5493 5857/6039/5493 5856/6038/5493
f 5841/6024/5494 5842/6023/5494 5859/6040/5494 5858/6041/5494
f 5842/6023/5495 5843/6025/5495 5860/6042/5495 5859/6040/5495
f 5843/6025/5496 5844/6026/5496 5861/6043/5496 5860/6042/5496
f 5844/6026/5497 5845/6027/5497 5862/6044/5497 5861/6043/5497
f 5845/6027/5498 5846/6028/5498 5863/6045/5498 5862/6044/5498
f 5846/6028/5499 5847/6029/5499 5864/6046/5499 5863/6045/5499
f 5847/6029/5500 5848/6030/5500 5865/6047/5500 5864/6046/5500
f 5848/6030/5501 5849/6031/5501 5866/6048/5501 5865/6047/5501
f 5849/6031/5502 5850/6032/5502 5867/6049/5502 5866/6048/5502
f 5850/6032/5503 5851/6033/5503 5868/6050/5503 5867/6049/5503
f 5851/6033/5504 5852/6034/5504 5869/6051/5504 5868/6050/5504
f 5852/6034/5505 5853/6035/5505 5870/6052/5505 5869/6051/5505
f 5853/6035/5506 5854/6036/5506 5871/6053/5506 5870/6052/5506
f 5854/6036/5507 5855/6037/5507 5872/6054/5507 5871/6053/5507
f 5855/6037/5508 5856/6038/5508 5873/6055/5508 5872/6054/5508
f 5856/6038/5509 5857/6039/5509 5874/6056/5509 5873/6055/5509
f 5858/6041/5510 5859/6040/5510 5876/6057/5510 5875/6058/5510
f 5859/6040/5511 5860/6042/5511 5877/6059/5511 5876/6057/5511
f 5860/6042/5512 5861/6043/5512 5878/6060/5512 5877/6059/5512
f 5861/6043/5513 5862/6044/5513 5879/6061/5513 5878/6060/5513
f 5862/6044/5514 5863/6045/5514 5880/6062/5514 5879/6061/5514
f 5863/6045/5515 5864/6046/5515 5881/6063/5515 5880/6062/5515
f 5864/6046/5516 5865/6047/5516 5882/6064/5516 5881/6063/5516
f 5865/6047/5517 5866/6048/5517 5883/6065/5517 5882/6064/5517
f 5866/6048/5518 5867/6049/5518 5884/6066/5518 5883/6065/5518
f 5867/6049/5519 5868/6050/5519 5885/6067/5519 5884/6066/5519
f 5868/6050/5520 5869/6051/5520 5886/6068/5520 5885/6067/5520
f 5869/6051/5521 5870/6052/5521 5887/6069/5521 5886/6068/5521
f 5870/6052/5522 5871/6053/5522 5888/6070/5522 5887/6069/5522
f 5871/6053/5523 5872/6054/5523 5889/6071/5523 5888/6070/5523
f 5872/6054/5524 5873/6055/5524 5890/6072/5524 5889/6071/5524
f 5873/6055/5525 5874/6056/5525 5891/6073/5525 5890/6072/5525
f 5875/6058/5526 5876/6057/5526 5893/6074/5526 5892/6075/5526
f 5876/6057/5527 5877/6059/5527 5894/6076/5527 5893/6074/5527
f 5877/6059/5528 5878/6060/5528 5895/6077/5528 5894/6076/5528
f 5878/6060/5529 5879/6061/5529 5896/6078/5529 5895/6077/5529
f 5879/6061/5530 5880/6062/5530 5897/6079/5530 5896/6078/5530
f 5880/6062/5531 5881/6063/5531 5898/6080/5531 5897/6079/5531
f 5881/6063/5532 5882/6064/5532 5899/6081/5532 5898/6080/5532
f 5882/6064/5533 5883/6065/5533 5900/6082/5533 5899/6081/5533
f 5883/6065/5534 5884/6066/5534 5901/6083/5534 5900/6082/5534
f 5884/6066/5535 5885/6067/5535 5902/6084/5535 5901/6083/5535
f 5885/6067/5536 5886/6068/5536 5903/6085/5536 5902/6084/5536
f 5886/6068/5537 5887/6069/5537 5904/6086/5537 5903/6085/5537
f 5887/6069/5538 5888/6070/5538 5905/6087/5538 5904/6086/5538
f 5888/6070/5539 5889/6071/5539 5906/6088/5539 5905/6087/5539
f 5889/6071/5540 5890/6072/5540 5907/6089/5540 5906/6088/5540
f 5890/6072/5541 5891/6073/5541 5908/6090/5541 5907/6089/5541
f 5892/6075/5542 5893/6074/5542 5910/6091/5542 5909/6092/5542
f 5893/6074/5543 5894/6076/5543 5911/6093/5543 5910/6091/5543
f 5894/6076/5544 5895/6077/5544 5912/6094/5544 5911/6093/5544
f 5895/6077/5545 5896/6078/5545 5913/6095/5545 5912/6094/5545
f 5896/6078/5546 5897/6079/5546 5914/6096/5546 5913/6095/5546
f 5897/6079/5547 5898/6080/5547 5915/6097/5547 5914/6096/5547
f 5898/6080/5548 5899/6081/5548 5916/6098/5548 5915/6097/5548
f 5899/6081/5549 5900/6082/5549 5917/6099/5549 5916/6098/5549
f 5900/6082/5550 5901/6083/5550 5918/6100/5550 5917/6099/5550
f 5901/6083/5551 5902/6084/5551 5919/6101/5551 5918/6100/5551
f 5902/6084/5552 5903/6085/5552 5920/6102/5552 5919/6101/5552
f 5903/6085/5553 5904/6086/5553 5921/6103/5553 5920/6102/5553
f 5904/6086/5554 5905/6087/5554 5922/6104/5554 5921/6103/5554
f 5905/6087/5555 5906/6088/5555 5923/6105/5555 5922/6104/5555
f 5906/6088/5556 5907/6089/5556 5924/6106/5556 5923/6105/5556
f 5907/6089/5557 5908/6090/5557 5925/6107/5557 5924/6106/5557
f 5909/6092/5558 5910/6091/5558 5927/6108/5558 5926/6109/5558
f 5910/6091/5559 5911/6093/5559 5928/6110/5559 5927/6108/5559
f 5911/6093/5560 5912/6094/5560 5929/6111/5560 5928/6110/5560
f 5912/6094/5561 5913/6095/5561 5930/6112/5561 5929/6111/5561
f 5913/6095/5562 5914/6096/5562 5931/6113/5562 5930/6112/5562
f 5914/6096/5563 5915/6097/5563 5932/6114/5563 5931/6113/5563
f 5915/6097/5564 5916/6098/5564 5933/6115/5564 5932/6114/5564
f 5916/6098/5565 5917/6099/5565 5934/6116/5565 5933/6115/5565
f 5917/6099/5566 5918/6100/5566 5935/6117/5566 5934/6116/5566
f 5918/6100/5567 5919/6101/5567 5936/6118/5567 5935/6117/5567
f 5919/6101/5568 5920/6102/5568 5937/6119/5568 5936/6118/5568
f 5920/6102/5569 5921/6103/5569 5938/6120/5569 5937/6119/5569
f 5921/6103/5570 5922/6104/5570 5939/6121/5570 5938/6120/5570
f 5922/6104/5571 5923/6105/5571 5940/6122/5571 5939/6121/5571
f 5923/6105/5572 5924/6106/5572 5941/6123/5572 5940/6122/5572
f 5924/6106/5573 5925/6107/5573 5942/6124/5573 5941/6123/5573
f 5926/6109/5574 5927/6108/5574 5944/6125/5574 5943/6126/5574
f 5927/6108/5575 5928/6110/5575 5945/6127/5575 5944/6125/5575
f 5928/6110/5576 5929/6111/5576 5946/6128/5576 5945/6127/5576
f 5929/6111/5577 5930/6112/5577 5947/6129/5577 5946/6128/5577
f 5930/6112/5578 5931/6113/5578 5948/6130/5578 5947/6129/5578
f 5931/6113/5579 5932/6114/5579 5949/6131/5579 5948/6130/5579
f 5932/6114/5580 5933/6115/5580 5950/6132/5580 5949/6131/5580
f 5933/6115/5581 5934/6116/5581 5951/6133/5581 5950/6132/5581
f 5934/6116/5582 5935/6117/5582 5952/6134/5582 5951/6133/5582
f 5935/6117/5583 5936/6118/5583 5953/6135/5583 5952/6134/5583
f 5936/6118/5584 5937/6119/5584 5954/6136/5584 5953/6135/5584
f 5937/6119/5585 5938/6120/5585 5955/6137/5585 5954/6136/5585
f 5938/6120/5586 5939/6121/5586 5956/6138/5586 5955/6137/5586
f 5939/6121/5587 5940/6122/5587 5957/6139/5587 5956/6138/5587
f 5940/6122/5588 5941/6123/5588 5958/6140/5588 5957/6139/5588
f 5941/6123/5589 5942/6124/5589 5959/6141/5589 5958/6140/5589
f 5943/6126/5590 5944/6125/5590 5961/6142/5590 5960/6143/5590
f 5944/6125/5591 5945/6127/5591 5962/6144/5591 5961/6142/5591
f 5945/6127/5592 5946/6128/5592 5963/6145/5592 5962/6144/5592
f 5946/6128/5593 5947/6129/5593 5964/6146/5593 5963/6145/5593
f 5947/6129/5594 5948/6130/5594 5965/6147/5594 5964/6146/5594
f 5948/6130/5595 5949/6131/5595 5966/6148/5595 5965/6147/5595
f 5949/6131/5596 5950/6132/5596 5967/6149/5596 5966/6148/5596
f 5950/6132/5597 5951/6133/5597 5968/6150/5597 5967/6149/5597
f 5951/6133/5598 5952/6134/5598 5969/6151/5598 5968/6150/5598
f 5952/6134/5599 5953/6135/5599 5970/6152/5599 5969/6151/5599
f 5953/6135/5600 5954/6136/5600 5971/6153/5600 5970/6152/5600
f 5954/6136/5601 5955/6137/5601 5972/6154/5601 5971/6153/5601
f 5955/6137/5602 5956/6138/5602 5973/6155/5602 5972/6154/5602
f 5956/6138/5603 5957/6139/5603 5974/6156/5603 5973/6155/5603
f 5957/6139/5604 5958/6140/5604 5975/6157/5604 5974/6156/5604
f 5958/6140/5605 5959/6141/5605 5976/6158/5605 5975/6157/5605
f 5960/6143/5606 5961/6142/5606 5978/6159/5606 5977/6160/5606
f 5961/6142/5607 5962/6144/5607 5979/6161/5607 5978/6159/5607
f 5962/6144/5608 5963/6145/5608 5980/6162/5608 5979/6161/5608
f 5963/6145/5609 5964/6146/5609 5981/6163/5609 5980/6162/5609
f 5964/6146/5610 5965/6147/5610 5982/6164/5610 5981/6163/5610
f 5965/6147/5611 5966/6148/5611 5983/6165/5611 5982/6164/5611
f 5966/6148/5612 5967/6149/5612 5984/6166/5612 5983/6165/5612
f 5967/6149/5613 5968/6150/5613 5985/6167/5613 5984/6166/5613
f 5968/6150/5614 5969/6151/5614 5986/6168/5614 5985/6167/5614
f 5969/6151/5615 5970/6152/5615 5987/6169/5615 5986/6168/5615
f 5970/6152/5616 5971/6153/5616 5988/6170/5616 5987/6169/5616
f 5971/6153/5617 5972/6154/5617 5989/6171/5617 5988/6170/5617
f 5972/6154/5618 5973/6155/5618 5990/6172/5618 5989/6171/5618
f 5973/6155/5619 5974/6156/5619 5991/6173/5619 5990/6172/5619
f 5974/6156/5620 5975/6157/5620 5992/6174/5620 5991/6173/5620
f 5975/6157/5621 5976/6158/5621 5993/6175/5621 5992/6174/5621
f 5977/6160/5622 5978/6159/5622 6298/6176/5622 6281/6177/5622
f 5978/6159/5623 5979/6161/5623 6315/6178/5623 6298/6176/5623
f 5979/6161/5624 5980/6162/5624 6332/6179/5624 6315/6178/5624
f 5980/6162/5625 5981/6163/5625 6349/6180/5625 6332/6179/5625
f 5981/6163/5626 5982/6164/5626 6366/6181/5626 6349/6180/5626
f 5982/6164/5627 5983/6165/5627 6383/6182/5627 6366/6181/5627
f 5983/6165/5628 5984/6166/5628 6400/6183/5628 6383/6182/5628
f 5984/6166/5629 5985/6167/5629 6417/6184/5629 6400/6183/5629
f 5985/6167/5630 5986/6168/5630 6434/6185/5630 6417/6184/5630
f 5986/6168/5631 5987/6169/5631 6451/6186/5631 6434/6185/5631
f 5987/6169/5632 5988/6170/5632 6468/6187/5632 6451/6186/5632
f 5988/6170/5633 5989/6171/5633 6485/6188/5633 6468/6187/5633
f 5989/6171/5634 5990/6172/5634 6502/6189/5634 6485/6188/5634
f 5990/6172/5635 5991/6173/5635 6519/6190/5635 6502/6189/5635
f 5991/6173/5636 5992/6174/5636 6536/6191/5636 6519/6190/5636
f 5992/6174/5637 5993/6175/5637 5994/6192/5637 6536/6191/5637
f 5721/12/5638 5995/6193/5638 6012/6194/5638 6011/6195/5638
f 5995/6193/5639 5996/6196/5639 6013/6197/5639 6012/6194/5639
f 5996/6196/5640 5997/6198/5640 6014/6199/5640 6013/6197/5640
f 5997/6198/5641 5998/6200/5641 6015/6201/5641 6014/6199/5641
f 5998/6200/5642 5999/6202/5642 6016/6203/5642 6015/6201/5642
f 5999/6202/5643 6000/6204/5643 6017/6205/5643 6016/6203/5643
f 6000/6204/5644 6001/6206/5644 6018/6207/5644 6017/6205/5644
f 6001/6206/5645 6002/6208/5645 6019/6209/5645 6018/6207/5645
f 6002/6208/5646 6003/6210/5646 6020/6211/5646 6019/6209/5646
f 6003/6210/5647 6004/6212/5647 6021/6213/5647 6020/6211/5647
f 6004/6212/5648 6005/6214/5648 6022/6215/5648 6021/6213/5648
f 6005/6214/5649 6006/6216/5649 6023/6217/5649 6022/6215/5649
f 6006/6216/5650 6007/6218/5650 6024/6219/5650 6023/6217/5650
f 6007/6218/5651 6008/6220/5651 6025/6221/5651 6024/6219/5651
f 6008/6220/5652 6009/6222/5652 6026/6223/5652 6025/6221/5652
f 6009/6222/5653 6010/6224/5653 6027/6225/5653 6026/6223/5653
f 6011/6195/5654 6012/6194/5654 6029/6226/5654 6028/6227/5654
f 6012/6194/5655 6013/6197/5655 6030/6228/5655 6029/6226/5655
f 6013/6197/5656 6014/6199/5656 6031/6229/5656 6030/6228/5656
f 6014/6199/5657 6015/6201/5657 6032/6230/5657 6031/6229/5657
f 6015/6201/5658 6016/6203/5658 6033/6231/5658 6032/6230/5658
f 6016/6203/5659 6017/6205/5659 6034/6232/5659 6033/6231/5659
f 6017/6205/5660 6018/6207/5660 6035/6233/5660 6034/6232/5660
f 6018/6207/5661 6019/6209/5661 6036/6234/5661 6035/6233/5661
f 6019/6209/5662 6020/6211/5662 6037/6235/5662 6036/6234/5662
f 6020/6211/5663 6021/6213/5663 6038/6236/5663 6037/6235/5663
f 6021/6213/5664 6022/6215/5664 6039/6237/5664 6038/6236/5664
f 6022/6215/5665 6023/6217/5665 6040/6238/5665 6039/6237/5665
f 6023/6217/5666 6024/6219/5666 6041/6239/5666 6040/6238/5666
f 6024/6219/5667 6025/6221/5667 6042/6240/5667 6041/6239/5667
f 6025/6221/5668 6026/6223/5668 6043/6241/5668 6042/6240/5668
f 6026/6223/5669 6027/6225/5669 6044/6242/5669 6043/6241/5669
f 6028/6227/5670 6029/6226/5670 6046/6243/5670 6045/6244/5670
f 6029/6226/5671 6030/6228/5671 6047/6245/5671 6046/6243/5671
f 6030/6228/5672 6031/6229/5672 6048/6246/5672 6047/6245/5672
f 6031/6229/5673 6032/6230/5673 6049/6247/5673 6048/6246/5673
f 6032/6230/5674 6033/6231/5674 6050/6248/5674 6049/6247/5674
f 6033/6231/5675 6034/6232/5675 6051/6249/5675 6050/6248/5675
f 6034/6232/5676 6035/6233/5676 6052/6250/5676 6051/6249/5676
f 6035/6233/5677 6036/6234/5677 6053/6251/5677 6052/6250/5677
f 6036/6234/5678 6037/6235/5678 6054/6252/5678 6053/6251/5678
f 6037/6235/5679 6038/6236/5679 6055/6253/5679 6054/6252/5679
f 6038/6236/5680 6039/6237/5680 6056/6254/5680 6055/6253/5680
f 6039/6237/5681 6040/6238/5681 6057/6255/5681 6056/6254/5681
f 6040/6238/5682 6041/6239/5682 6058/6256/5682 6057/6255/5682
f 6041/6239/5683 6042/6240/5683 6059/6257/5683 6058/6256/5683
f 6042/6240/5684 6043/6241/5684 6060/6258/5684 6059/6257/5684
f 6043/6241/5685 6044/6242/5685 6061/6259/5685 6060/6258/5685
f 6045/6244/5686 6046/6243/5686 6063/6260/5686 6062/6261/5686
f 6046/6243/5687 6047/6245/5687 6064/6262/5687 6063/6260/5687
f 6047/6245/5688 6048/6246/5688 6065/6263/5688 6064/6262/5688
f 6048/6246/5689 6049/6247/5689 6066/6264/5689 6065/6263/5689
f 6049/6247/5690 6050/6248/5690 6067/6265/5690 6066/6264/5690
f 6050/6248/5691 6051/6249/5691 6068/6266/5691 6067/6265/5691
f 6051/6249/5692 6052/6250/5692 6069/6267/5692 6068/6266/5692
f 6052/6250/5693 6053/6251/5693 6070/6268/5693 6069/6267/5693
f 6053/6251/5694 6054/6252/5694 6071/6269/5694 6070/6268/5694
f 6054/6252/5695 6055/6253/5695 6072/6270/5695 6071/6269/5695
f 6055/6253/5696 6056/6254/5696 6073/6271/5696 6072/6270/5696
f 6056/6254/5697 6057/6255/5697 6074/6272/5697 6073/6271/5697
f 6057/6255/5698 6058/6256/5698 6075/6273/5698 6074/6272/5698
f 6058/6256/5699 6059/6257/5699 6076/6274/5699 6075/6273/5699
f 6059/6257/5700 6060/6258/5700 6077/6275/5700 6076/6274/5700
f 6060/6258/5701 6061/6259/5701 6078/6276/5701 6077/6275/5701
f 6062/6261/5702 6063/6260/5702 6080/6277/5702 6079/6278/5702
f 6063/6260/5703 6064/6262/5703 6081/6279/5703 6080/6277/5703
f 6064/6262/5704 6065/6263/5704 6082/6280/5704 6081/6279/5704
f 6065/6263/5705 6066/6264/5705 6083/6281/5705 6082/6280/5705
f 6066/6264/5706 6067/6265/5706 6084/6282/5706 6083/6281/5706
f 6067/6265/5707 6068/6266/5707 6085/6283/5707 6084/6282/5707
f 6068/6266/5708 6069/6267/5708 6086/6284/5708 6085/6283/5708
f 6069/6267/5709 6070/6268/5709 6087/6285/5709 6086/6284/5709
f 6070/6268/5710 6071/6269/5710 6088/6286/5710 6087/6285/5710
f 6071/6269/5711 6072/6270/5711 6089/6287/5711 6088/6286/5711
f 6072/6270/5712 6073/6271/5712 6090/6288/5712 6089/6287/5712
f 6073/6271/5713 6074/6272/5713 6091/6289/5713 6090/6288/5713
f 6074/6272/5714 6075/6273/5714 6092/6290/5714 6091/6289/5714
f 6075/6273/5715 6076/6274/5715 6093/6291/5715 6092/6290/5715
f 6076/6274/5716 6077/6275/5716 6094/6292/5716 6093/6291/5716
f 6077/6275/5717 6078/6276/5717 6095/6293/5717 6094/6292/5717
f 6079/6278/5718 6080/6277/5718 6097/6294/5718 6096/6295/5718
f 6080/6277/5719 6081/6279/5719 6098/6296/5719 6097/6294/5719
f 6081/6279/5720 6082/6280/5720 6099/6297/5720 6098/6296/5720
f 6082/6280/5721 6083/6281/5721 6100/6298/5721 6099/6297/5721
f 6083/6281/5722 6084/6282/5722 6101/6299/5722 6100/6298/5722
f 6084/6282/5723 6085/6283/5723 6102/6300/5723 6101/6299/5723
f 6085/6283/5724 6086/6284/5724 6103/6301/5724 6102/6300/5724
f 6086/6284/5725 6087/6285/5725 6104/6302/5725 6103/6301/5725
f 6087/6285/5726 6088/6286/5726 6105/6303/5726 6104/6302/5726
f 6088/6286/5727 6089/6287/5727 6106/6304/5727 6105/6303/5727
f 6089/6287/5728 6090/6288/5728 6107/6305/5728 6106/6304/5728
f 6090/6288/5729 6091/6289/5729 6108/6306/5729 6107/6305/5729
f 6091/6289/5730 6092/6290/5730 6109/6307/5730 6108/6306/5730
f 6092/6290/5731 6093/6291/5731 6110/6308/5731 6109/6307/5731
f 6093/6291/5732 6094/6292/5732 6111/6309/5732 6110/6308/5732
f 6094/6292/5733 6095/6293/5733 6112/6310/5733 6111/6309/5733
f 6096/6295/5734 6097/6294/5734 6114/6311/5734 6113/6312/5734
f 6097/6294/5735 6098/6296/5735 6115/6313/5735 6114/6311/5735
f 6098/6296/5736 6099/6297/5736 6116/6314/5736 6115/6313/5736
f 6099/6297/5737 6100/6298/5737 6117/6315/5737 6116/6314/5737
f 6100/6298/5738 6101/6299/5738 6118/6316/5738 6117/6315/5738
f 6101/6299/5739 6102/6300/5739 6119/6317/5739 6118/6316/5739
f 6102/6300/5740 6103/6301/5740 6120/6318/5740 6119/6317/5740
f 6103/6301/5741 6104/6302/5741 6121/6319/5741 6120/6318/5741
f 6104/6302/5742 6105/6303/5742 6122/6320/5742 6121/6319/5742
f 6105/6303/5743 6106/6304/5743 6123/6321/5743 6122/6320/5743
f 6106/6304/5744 6107/6305/5744 6124/6322/5744 6123/6321/5744
f 6107/6305/5745 6108/6306/5745 6125/6323/5745 6124/6322/5745
f 6108/6306/5746 6109/6307/5746 6126/6324/5746 6125/6323/5746
f 6109/6307/5747 6110/6308/5747 6127/6325/5747 6126/6324/5747
f 6110/6308/5748 6111/6309/5748 6128/6326/5748 6127/6325/5748
f 6111/6309/5749 6112/6310/5749 6129/6327/5749 6128/6326/5749
f 6113/6312/5750 6114/6311/5750 6131/6328/5750 6130/6329/5750
f 6114/6311/5751 6115/6313/5751 6132/6330/5751 6131/6328/5751
f 6115/6313/5752 6116/6314/5752 6133/6331/5752 6132/6330/5752
f 6116/6314/5753 6117/6315/5753 6134/6332/5753 6133/6331/5753
f 6117/6315/5754 6118/6316/5754 6135/6333/5754 6134/6332/5754
f 6118/6316/5755 6119/6317/5755 6136/6334/5755 6135/6333/5755
f 6119/6317/5756 6120/6318/5756 6137/6335/5756 6136/6334/5756
f 6120/6318/5757 6121/6319/5757 6138/6336/5757 6137/6335/5757
f 6121/6319/5758 6122/6320/5758 6139/6337/5758 6138/6336/5758
f 6122/6320/5759 6123/6321/5759 6140/6338/5759 6139/6337/5759
f 6123/6321/5760 6124/6322/5760 6141/6339/5760 6140/6338/5760
f 6124/6322/5761 6125/6323/5761 6142/6340/5761 6141/6339/5761
f 6125/6323/5762 6126/6324/5762 6143/6341/5762 6142/6340/5762
f 6126/6324/5763 6127/6325/5763 6144/6342/5763 6143/6341/5763
f 6127/6325/5764 6128/6326/5764 6145/6343/5764 6144/6342/5764
f 6128/6326/5765 6129/6327/5765 6146/6344/5765 6145/6343/5765
f 6130/6329/5766 6131/6328/5766 6148/6345/5766 6147/6346/5766
f 6131/6328/5767 6132/6330/5767 6149/6347/5767 6148/6345/5767
f 6132/6330/5768 6133/6331/5768 6150/6348/5768 6149/6347/5768
f 6133/6331/5769 6134/6332/5769 6151/6349/5769 6150/6348/5769
f 6134/6332/5770 6135/6333/5770 6152/6350/5770 6151/6349/5770
f 6135/6333/5771 6136/6334/5771 6153/6351/5771 6152/6350/5771
f 6136/6334/5772 6137/6335/5772 6154/6352/5772 6153/6351/5772
f 6137/6335/5773 6138/6336/5773 6155/6353/5773 6154/6352/5773
f 6138/6336/5774 6139/6337/5774 6156/6354/5774 6155/6353/5774
f 6139/6337/5775 6140/6338/5775 6157/6355/5775 6156/6354/5775
f 6140/6338/5776 6141/6339/5776 6158/6356/5776 6157/6355/5776
f 6141/6339/5777 6142/6340/5777 6159/6357/5777 6158/6356/5777
f 6142/6340/5778 6143/6341/5778 6160/6358/5778 6159/6357/5778
f 6143/6341/5779 6144/6342/5779 6161/6359/5779 6160/6358/5779
f 6144/6342/5780 6145/6343/5780 6162/6360/5780 6161/6359/5780
f 6145/6343/5781 6146/6344/5781 6163/6361/5781 6162/6360/5781
f 6147/6346/5782 6148/6345/5782 6165/6362/5782 6164/6363/5782
f 6148/6345/5783 6149/6347/5783 6166/6364/5783 6165/6362/5783
f 6149/6347/5784 6150/6348/5784 6167/6365/5784 6166/6364/5784
f 6150/6348/5785 6151/6349/5785 6168/6366/5785 6167/6365/5785
f 6151/6349/5786 6152/6350/5786 6169/6367/5786 6168/6366/5786
f 6152/6350/5787 6153/6351/5787 6170/6368/5787 6169/6367/5787
f 6153/6351/5788 6154/6352/5788 6171/6369/5788 6170/6368/5788
f 6154/6352/5789 6155/6353/5789 6172/6370/5789 6171/6369/5789
f 6155/6353/5790 6156/6354/5790 6173/6371/5790 6172/6370/5790
f 6156/6354/5791 6157/6355/5791 6174/6372/5791 6173/6371/5791
f 6157/6355/5792 6158/6356/5792 6175/6373/5792 6174/6372/5792
f 6158/6356/5793 6159/6357/5793 6176/6374/5793 6175/6373/5793
f 6159/6357/5794 6160/6358/5794 6177/6375/5794 6176/6374/5794
f 6160/6358/5795 6161/6359/5795 6178/6376/5795 6177/6375/5795
f 6161/6359/5796 6162/6360/5796 6179/6377/5796 6178/6376/5796
f 6162/6360/5797 6163/6361/5797 6180/6378/5797 6179/6377/5797
f 6164/6363/5798 6165/6362/5798 6182/6379/5798 6181/6380/5798
f 6165/6362/5799 6166/6364/5799 6183/6381/5799 6182/6379/5799
f 6166/6364/5800 6167/6365/5800 6184/6382/5800 6183/6381/5800
f 6167/6365/5801 6168/6366/5801 6185/6383/5801 6184/6382/5801
f 6168/6366/5802 6169/6367/5802 6186/6384/5802 6185/6383/5802
f 6169/6367/5803 6170/6368/5803 6187/6385/5803 6186/6384/5803
f 6170/6368/5804 6171/6369/5804 6188/6386/5804 6187/6385/5804
f 6171/6369/5805 6172/6370/5805 6189/6387/5805 6188/6386/5805
f 6172/6370/5806 6173/6371/5806 6190/6388/5806 6189/6387/5806
f 6173/6371/5807 6174/6372/5807 6191/6389/5807 6190/6388/5807
f 6174/6372/5808 6175/6373/5808 6192/6390/5808 6191/6389/5808
f 6175/6373/5809 6176/6374/5809 6193/6391/5809 6192/6390/5809
f 6176/6374/5810 6177/6375/5810 6194/6392/5810 6193/6391/5810
f 6177/6375/5811 6178/6376/5811 6195/6393/5811 6194/6392/5811
f 6178/6376/5812 6179/6377/5812 6196/6394/5812 6195/6393/5812
f 6179/6377/5813 6180/6378/5813 6197/6395/5813 6196/6394/5813
f 6181/6380/5814 6182/6379/5814 6199/6396/5814 6198/6397/5814
f 6182/6379/5815 6183/6381/5815 6200/6398/5815 6199/6396/5815
f 6183/6381/5816 6184/6382/5816 6201/6399/5816 6200/6398/5816
f 6184/6382/5817 6185/6383/5817 6202/6400/5817 6201/6399/5817
f 6185/6383/5818 6186/6384/5818 6203/6401/5818 6202/6400/5818
f 6186/6384/5819 6187/6385/5819 6204/6402/5819 6203/6401/5819
f 6187/6385/5820 6188/6386/5820 6205/6403/5820 6204/6402/5820
f 6188/6386/5821 6189/6387/5821 6206/6404/5821 6205/6403/5821
f 6189/6387/5822 6190/6388/5822 6207/6405/5822 6206/6404/5822
f 6190/6388/5823 6191/6389/5823 6208/6406/5823 6207/6405/5823
f 6191/6389/5824 6192/6390/5824 6209/6407/5824 6208/6406/5824
f 6192/6390/5825 6193/6391/5825 6210/6408/5825 6209/6407/5825
f 6193/6391/5826 6194/6392/5826 6211/6409/5826 6210/6408/5826
f 6194/6392/5827 6195/6393/5827 6212/6410/5827 6211/6409/5827
f 6195/6393/5828 6196/6394/5828 6213/6411/5828 6212/6410/5828
f 6196/6394/5829 6197/6395/5829 6214/6412/5829 6213/6411/5829
f 6198/6397/5830 6199/6396/5830 6216/6413/5830 6215/6414/5830
f 6199/6396/5831 6200/6398/5831 6217/6415/5831 6216/6413/5831
f 6200/6398/5832 6201/6399/5832 6218/6416/5832 6217/6415/5832
f 6201/6399/5833 6202/6400/5833 6219/6417/5833 6218/6416/5833
f 6202/6400/5834 6203/6401/5834 6220/6418/5834 6219/6417/5834
f 6203/6401/5835 6204/6402/5835 6221/6419/5835 6220/6418/5835
f 6204/6402/5836 6205/6403/5836 6222/6420/5836 6221/6419/5836
f 6205/6403/5837 6206/6404/5837 6223/6421/5837 6222/6420/5837
f 6206/6404/5838 6207/6405/5838 6224/6422/5838 6223/6421/5838
f 6207/6405/5839 6208/6406/5839 6225/6423/5839 6224/6422/5839
f 6208/6406/5840 6209/6407/5840 6226/6424/5840 6225/6423/5840
f 6209/6407/5841 6210/6408/5841 6227/6425/5841 6226/6424/5841
f 6210/6408/5842 6211/6409/5842 6228/6426/5842 6227/6425/5842
f 6211/6409/5843 6212/6410/5843 6229/6427/5843 6228/6426/5843
f 6212/6410/5844 6213/6411/5844 6230/6428/5844 6229/6427/5844
f 6213/6411/5845 6214/6412/5845 6231/6429/5845 6230/6428/5845
f 6215/6414/5846 6216/6413/5846 6233/6430/5846 6232/6431/5846
f 6216/6413/5847 6217/6415/5847 6234/6432/5847 6233/6430/5847
f 6217/6415/5848 6218/6416/5848 6235/6433/5848 6234/6432/5848
f 6218/6416/5849 6219/6417/5849 6236/6434/5849 6235/6433/5849
f 6219/6417/5850 6220/6418/5850 6237/6435/5850 6236/6434/5850
f 6220/6418/5851 6221/6419/5851 6238/6436/5851 6237/6435/5851
f 6221/6419/5852 6222/6420/5852 6239/6437/5852 6238/6436/5852
f 6222/6420/5853 6223/6421/5853 6240/6438/5853 6239/6437/5853
f 6223/6421/5854 6224/6422/5854 6241/6439/5854 6240/6438/5854
f 6224/6422/5855 6225/6423/5855 6242/6440/5855 6241/6439/5855
f 6225/6423/5856 6226/6424/5856 6243/6441/5856 6242/6440/5856
f 6226/6424/5857 6227/6425/5857 6244/6442/5857 6243/6441/5857
f 6227/6425/5858 6228/6426/5858 6245/6443/5858 6244/6442/5858
f 6228/6426/5859 6229/6427/5859 6246/6444/5859 6245/6443/5859
f 6229/6427/5860 6230/6428/5860 6247/6445/5860 6246/6444/5860
f 6230/6428/5861 6231/6429/5861 6248/6446/5861 6247/6445/5861
f 6232/6431/5862 6233/6430/5862 6250/6447/5862 6249/6448/5862
f 6233/6430/5863 6234/6432/5863 6251/6449/5863 6250/6447/5863
f 6234/6432/5864 6235/6433/5864 6252/6450/5864 6251/6449/5864
f 6235/6433/5865 6236/6434/5865 6253/6451/5865 6252/6450/5865
f 6236/6434/5866 6237/6435/5866 6254/6452/5866 6253/6451/5866
f 6237/6435/5867 6238/6436/5867 6255/6453/5867 6254/6452/5867
f 6238/6436/5868 6239/6437/5868 6256/6454/5868 6255/6453/5868
f 6239/6437/5869 6240/6438/5869 6257/6455/5869 6256/6454/5869
f 6240/6438/5870 6241/6439/5870 6258/6456/5870 6257/6455/5870
f 6241/6439/5871 6242/6440/5871 6259/6457/5871 6258/6456/5871
f 6242/6440/5872 6243/6441/5872 6260/6458/5872 6259/6457/5872
f 6243/6441/5873 6244/6442/5873 6261/6459/5873 6260/6458/5873
f 6244/6442/5874 6245/6443/5874 6262/6460/5874 6261/6459/5874
f 6245/6443/5875 6246/6444/5875 6263/6461/5875 6262/6460/5875
f 6246/6444/5876 6247/6445/5876 6264/6462/5876 6263/6461/5876
f 6247/6445/5877 6248/6446/5877 6265/6463/5877 6264/6462/5877
f 6249/6448/5878 6250/6447/5878 5755/6464/5878 5738/6465/5878
f 6250/6447/5879 6251/6449/5879 5772/6466/5879 5755/6464/5879
f 6251/6449/5880 6252/6450/5880 5789/6467/5880 5772/6466/5880
f 6252/6450/5881 6253/6451/5881 5806/6468/5881 5789/6467/5881
f 6253/6451/5882 6254/6452/5882 5823/6469/5882 5806/6468/5882
f 6254/6452/5883 6255/6453/5883 5840/6470/5883 5823/6469/5883
f 6255/6453/5884 6256/6454/5884 5857/6471/5884 5840/6470/5884
f 6256/6454/5885 6257/6455/5885 5874/6472/5885 5857/6471/5885
f 6257/6455/5886 6258/6456/5886 5891/6473/5886 5874/6472/5886
f 6258/6456/5887 6259/6457/5887 5908/6474/5887 5891/6473/5887
f 6259/6457/5888 6260/6458/5888 5925/6475/5888 5908/6474/5888
f 6260/6458/5889 6261/6459/5889 5942/6476/5889 5925/6475/5889
f 6261/6459/5890 6262/6460/5890 5959/6477/5890 5942/6476/5890
f 6262/6460/5891 6263/6461/5891 5976/6478/5891 5959/6477/5891
f 6263/6461/5892 6264/6462/5892 5993/6479/5892 5976/6478/5892
f 6264/6462/5893 6265/6463/5893 5994/6480/5893 5993/6479/5893
f 5722/5/5894 6266/6481/5894 6283/6482/5894 6282/6483/5894
f 6266/6481/5895 6267/6484/5895 6284/6485/5895 6283/6482/5895
f 6267/6484/5896 6268/6486/5896 6285/6487/5896 6284/6485/5896
f 6268/6486/5897 6269/6488/5897 6286/6489/5897 6285/6487/5897
f 6269/6488/5898 6270/6490/5898 6287/6491/5898 6286/6489/5898
f 6270/6490/5899 6271/6492/5899 6288/6493/5899 6287/6491/5899
f 6271/6492/5900 6272/6494/5900 6289/6495/5900 6288/6493/5900
f 6272/6494/5901 6273/6496/5901 6290/6497/5901 6289/6495/5901
f 6273/6496/5902 6274/6498/5902 6291/6499/5902 6290/6497/5902
f 6274/6498/5903 6275/6500/5903 6292/6501/5903 6291/6499/5903
f 6275/6500/5904 6276/6502/5904 6293/6503/5904 6292/6501/5904
f 6276/6502/5905 6277/6504/5905 6294/6505/5905 6293/6503/5905
f 6277/6504/5906 6278/6506/5906 6295/6507/5906 6294/6505/5906
f 6278/6506/5907 6279/6508/5907 6296/6509/5907 6295/6507/5907
f 6279/6508/5908 6280/6510/5908 6297/6511/5908 6296/6509/5908
f 6280/6510/5909 6281/6512/5909 6298/6513/5909 6297/6511/5909
f 6282/6483/5910 6283/6482/5910 6300/6514/5910 6299/6515/5910
f 6283/6482/5911 6284/6485/5911 6301/6516/5911 6300/6514/5911
f 6284/6485/5912 6285/6487/5912 6302/6517/5912 6301/6516/5912
f 6285/6487/5913 6286/6489/5913 6303/6518/5913 6302/6517/5913
f 6286/6489/5914 6287/6491/5914 6304/6519/5914 6303/6518/5914
f 6287/6491/5915 6288/6493/5915 6305/6520/5915 6304/6519/5915
f 6288/6493/5916 6289/6495/5916 6306/6521/5916 6305/6520/5916
f 6289/6495/5917 6290/6497/5917 6307/6522/5917 6306/6521/5917
f 6290/6497/5918 6291/6499/5918 6308/6523/5918 6307/6522/5918
f 6291/6499/5919 6292/6501/5919 6309/6524/5919 6308/6523/5919
f 6292/6501/5920 6293/6503/5920 6310/6525/5920 6309/6524/5920
f 6293/6503/5921 6294/6505/5921 6311/6526/5921 6310/6525/5921
f 6294/6505/5922 6295/6507/5922 6312/6527/5922 6311/6526/5922
f 6295/6507/5923 6296/6509/5923 6313/6528/5923 6312/6527/5923
f 6296/6509/5924 6297/6511/5924 6314/6529/5924 6313/6528/5924
f 6297/6511/5925 6298/6513/5925 6315/6530/5925 6314/6529/5925
f 6299/6515/5926 6300/6514/5926 6317/6531/5926 6316/6532/5926
f 6300/6514/5927 6301/6516/5927 6318/6533/5927 6317/6531/5927
f 6301/6516/5928 6302/6517/5928 6319/6534/5928 6318/6533/5928
f 6302/6517/5929 6303/6518/5929 6320/6535/5929 6319/6534/5929
f 6303/6518/5930 6304/6519/5930 6321/6536/5930 6320/6535/5930
f 6304/6519/5931 6305/6520/5931 6322/6537/5931 6321/6536/5931
f 6305/6520/5932 6306/6521/5932 6323/6538/5932 6322/6537/5932
f 6306/6521/5933 6307/6522/5933 6324/6539/5933 6323/6538/5933
f 6307/6522/5934 6308/6523/5934 6325/6540/5934 6324/6539/5934
f 6308/6523/5935 6309/6524/5935 6326/6541/5935 6325/6540/5935
f 6309/6524/5936 6310/6525/5936 6327/6542/5936 6326/6541/5936
f 6310/6525/5937 6311/6526/5937 6328/6543/5937 6327/6542/5937
f 6311/6526/5938 6312/6527/5938 6329/6544/5938 6328/6543/5938
f 6312/6527/5939 6313/6528/5939 6330/6545/5939 6329/6544/5939
f 6313/6528/5940 6314/6529/5940 6331/6546/5940 6330/6545/5940
f 6314/6529/5941 6315/6530/5941 6332/6547/5941 6331/6546/5941
f 6316/6532/5942 6317/6531/5942 6334/6548/5942 6333/6549/5942
f 6317/6531/5943 6318/6533/5943 6335/6550/5943 6334/6548/5943
f 6318/6533/5944 6319/6534/5944 6336/6551/5944 6335/6550/5944
f 6319/6534/5945 6320/6535/5945 6337/6552/5945 6336/6551/5945
f 6320/6535/5946 6321/6536/5946 6338/6553/5946 6337/6552/5946
f 6321/6536/5947 6322/6537/5947 6339/6554/5947 6338/6553/5947
f 6322/6537/5948 6323/6538/5948 6340/6555/5948 6339/6554/5948
f 6323/6538/5949 6324/6539/5949 6341/6556/5949 6340/6555/5949
f 6324/6539/5950 6325/6540/5950 6342/6557/5950 6341/6556/5950
f 6325/6540/5951 6326/6541/5951 6343/6558/5951 6342/6557/5951
f 6326/6541/5952 6327/6542/5952 6344/6559/5952 6343/6558/5952
f 6327/6542/5953 6328/6543/5953 6345/6560/5953 6344/6559/5953
f 6328/6543/5954 6329/6544/5954 6346/6561/5954 6345/6560/5954
f 6329/6544/5955 6330/6545/5955 6347/6562/5955 6346/6561/5955
f 6330/6545/5956 6331/6546/5956 6348/6563/5956 6347/6562/5956
f 6331/6546/5957 6332/6547/5957 6349/6564/5957 6348/6563/5957
f 6333/6549/5958 6334/6548/5958 6351/6565/5958 6350/6566/5958
f 6334/6548/5959 6335/6550/5959 6352/6567/5959 6351/6565/5959
f 6335/6550/5960 6336/6551/5960 6353/6568/5960 6352/6567/5960
f 6336/6551/5961 6337/6552/5961 6354/6569/5961 6353/6568/5961
f 6337/6552/5962 6338/6553/5962 6355/6570/5962 6354/6569/5962
f 6338/6553/5963 6339/6554/5963 6356/6571/5963 6355/6570/5963
f 6339/6554/5964 6340/6555/5964 6357/6572/5964 6356/6571/5964
f 6340/6555/5965 6341/6556/5965 6358/6573/5965 6357/6572/5965
f 6341/6556/5966 6342/6557/5966 6359/6574/5966 6358/6573/5966
f 6342/6557/5967 6343/6558/5967 6360/6575/5967 6359/6574/5967
f 6343/6558/5968 6344/6559/5968 6361/6576/5968 6360/6575/5968
f 6344/6559/5969 6345/6560/5969 6362/6577/5969 6361/6576/5969
f 6345/6560/5970 6346/6561/5970 6363/6578/5970 6362/6577/5970
f 6346/6561/5971 6347/6562/5971 6364/6579/5971 6363/6578/5971
f 6347/6562/5972 6348/6563/5972 6365/6580/5972 6364/6579/5972
f 6348/6563/5973 6349/6564/5973 6366/6581/5973 6365/6580/5973
f 6350/6566/5974 6351/6565/5974 6368/6582/5974 6367/6583/5974
f 6351/6565/5975 6352/6567/5975 6369/6584/5975 6368/6582/5975
f 6352/6567/5976 6353/6568/5976 6370/6585/5976 6369/6584/5976
f 6353/6568/5977 6354/6569/5977 6371/6586/5977 6370/6585/5977
f 6354/6569/5978 6355/6570/5978 6372/6587/5978 6371/6586/5978
f 6355/6570/5979 6356/6571/5979 6373/6588/5979 6372/6587/5979
f 6356/6571/5980 6357/6572/5980 6374/6589/5980 6373/6588/5980
f 6357/6572/5981 6358/6573/5981 6375/6590/5981 6374/6589/5981
f 6358/6573/5982 6359/6574/5982 6376/6591/5982 6375/6590/5982
f 6359/6574/5983 6360/6575/5983 6377/6592/5983 6376/6591/5983
f 6360/6575/5984 6361/6576/5984 6378/6593/5984 6377/6592/5984
f 6361/6576/5985 6362/6577/5985 6379/6594/5985 6378/6593/5985
f 6362/6577/5986 6363/6578/5986 6380/6595/5986 6379/6594/5986
f 6363/6578/5987 6364/6579/5987 6381/6596/5987 6380/6595/5987
f 6364/6579/5988 6365/6580/5988 6382/6597/5988 6381/6596/5988
f 6365/6580/5989 6366/6581/5989 6383/6598/5989 6382/6597/5989
f 6367/6583/5990 6368/6582/5990 6385/6599/5990 6384/6600/5990
f 6368/6582/5991 6369/6584/5991 6386/6601/5991 6385/6599/5991
f 6369/6584/5992 6370/6585/5992 6387/6602/5992 6386/6601/5992
f 6370/6585/5993 6371/6586/5993 6388/6603/5993 6387/6602/5993
f 6371/6586/5994 6372/6587/5994 6389/6604/5994 6388/6603/5994
f 6372/6587/5995 6373/6588/5995 6390/6605/5995 6389/6604/5995
f 6373/6588/5996 6374/6589/5996 6391/6606/5996 6390/6605/5996
f 6374/6589/5997 6375/6590/5997 6392/6607/5997 6391/6606/5997
f 6375/6590/5998 6376/6591/5998 6393/6608/5998 6392/6607/5998
f 6376/6591/5999 6377/6592/5999 6394/6609/5999 6393/6608/5999
f 6377/6592/6000 6378/6593/6000 6395/6610/6000 6394/6609/6000
f 6378/6593/6001 6379/6594/6001 6396/6611/6001 6395/6610/6001
f 6379/6594/6002 6380/6595/6002 6397/6612/6002 6396/6611/6002
f 6380/6595/6003 6381/6596/6003 6398/6613/6003 6397/6612/6003
f 6381/6596/6004 6382/6597/6004 6399/6614/6004 6398/6613/6004
f 6382/6597/6005 6383/6598/6005 6400/6615/6005 6399/6614/6005
f 6384/6600/6006 6385/6599/6006 6402/6616/6006 6401/6617/6006
f 6385/6599/6007 6386/6601/6007 6403/6618/6007 6402/6616/6007
f 6386/6601/6008 6387/6602/6008 6404/6619/6008 6403/6618/6008
f 6387/6602/6009 6388/6603/6009 6405/6620/6009 6404/6619/6009
f 6388/6603/6010 6389/6604/6010 6406/6621/6010 6405/6620/6010
f 6389/6604/6011 6390/6605/6011 6407/6622/6011 6406/6621/6011
f 6390/6605/6012 6391/6606/6012 6408/6623/6012 6407/6622/6012
f 6391/6606/6013 6392/6607/6013 6409/6624/6013 6408/6623/6013
f 6392/6607/6014 6393/6608/6014 6410/6625/6014 6409/6624/6014
f 6393/6608/6015 6394/6609/6015 6411/6626/6015 6410/6625/6015
f 6394/6609/6016 6395/6610/6016 6412/6627/6016 6411/6626/6016
f 6395/6610/6017 6396/6611/6017 6413/6628/6017 6412/6627/6017
f 6396/6611/6018 6397/6612/6018 6414/6629/6018 6413/6628/6018
f 6397/6612/6019 6398/6613/6019 6415/6630/6019 6414/6629/6019
f 6398/6613/6020 6399/6614/6020 6416/6631/6020 6415/6630/6020
f 6399/6614/6021 6400/6615/6021 6417/6632/6021 6416/6631/6021
f 6401/6617/6022 6402/6616/6022 6419/6633/6022 6418/6634/6022
f 6402/6616/6023 6403/6618/6023 6420/6635/6023 6419/6633/6023
f 6403/6618/6024 6404/6619/6024 6421/6636/6024 6420/6635/6024
f 6404/6619/6025 6405/6620/6025 6422/6637/6025 6421/6636/6025
f 6405/6620/6026 6406/6621/6026 6423/6638/6026 6422/6637/6026
f 6406/6621/6027 6407/6622/6027 6424/6639/6027 6423/6638/6027
f 6407/6622/6028 6408/6623/6028 6425/6640/6028 6424/6639/6028
f 6408/6623/6029 6409/6624/6029 6426/6641/6029 6425/6640/6029
f 6409/6624/6030 6410/6625/6030 6427/6642/6030 6426/6641/6030
f 6410/6625/6031 6411/6626/6031 6428/6643/6031 6427/6642/6031
f 6411/6626/6032 6412/6627/6032 6429/6644/6032 6428/6643/6032
f 6412/6627/6033 6413/6628/6033 6430/6645/6033 6429/6644/6033
f 6413/6628/6034 6414/6629/6034 6431/6646/6034 6430/6645/6034
f 6414/6629/6035 6415/6630/6035 6432/6647/6035 6431/6646/6035
f 6415/6630/6036 6416/6631/6036 6433/6648/6036 6432/6647/6036
f 6416/6631/6037 6417/6632/6037 6434/6649/6037 6433/6648/6037
f 6418/6634/6038 6419/6633/6038 6436/6650/6038 6435/6651/6038
f 6419/6633/6039 6420/6635/6039 6437/6652/6039 6436/6650/6039
f 6420/6635/6040 6421/6636/6040 6438/6653/6040 6437/6652/6040
f 6421/6636/6041 6422/6637/6041 6439/6654/6041 6438/6653/6041
f 6422/6637/6042 6423/6638/6042 6440/6655/6042 6439/6654/6042
f 6423/6638/6043 6424/6639/6043 6441/6656/6043 6440/6655/6043
f 6424/6639/6044 6425/6640/6044 6442/6657/6044 6441/6656/6044
f 6425/6640/6045 6426/6641/6045 6443/6658/6045 6442/6657/6045
f 6426/6641/6046 6427/6642/6046 6444/6659/6046 6443/6658/6046
f 6427/6642/6047 6428/6643/6047 6445/6660/6047 6444/6659/6047
f 6428/6643/6048 6429/6644/6048 6446/6661/6048 6445/6660/6048
f 6429/6644/6049 6430/6645/6049 6447/6662/6049 6446/6661/6049
f 6430/6645/6050 6431/6646/6050 6448/6663/6050 6447/6662/6050
f 6431/6646/6051 6432/6647/6051 6449/6664/6051 6448/6663/6051
f 6432/6647/6052 6433/6648/6052 6450/6665/6052 6449/6664/6052
f 6433/6648/6053 6434/6649/6053 6451/6666/6053 6450/6665/6053
f 6435/6651/6054 6436/6650/6054 6453/6667/6054 6452/6668/6054
f 6436/6650/6055 6437/6652/6055 6454/6669/6055 6453/6667/6055
f 6437/6652/6056 6438/6653/6056 6455/6670/6056 6454/6669/6056
f 6438/6653/6057 6439/6654/6057 6456/6671/6057 6455/6670/6057
f 6439/6654/6058 6440/6655/6058 6457/6672/6058 6456/6671/6058
f 6440/6655/6059 6441/6656/6059 6458/6673/6059 6457/6672/6059
f 6441/6656/6060 6442/6657/6060 6459/6674/6060 6458/6673/6060
f 6442/6657/6061 6443/6658/6061 6460/6675/6061 6459/6674/6061
f 6443/6658/6062 6444/6659/6062 6461/6676/6062 6460/6675/6062
f 6444/6659/6063 6445/6660/6063 6462/6677/6063 6461/6676/6063
f 6445/6660/6064 6446/6661/6064 6463/6678/6064 6462/6677/6064
f 6446/6661/6065 6447/6662/6065 6464/6679/6065 6463/6678/6065
f 6447/6662/6066 6448/6663/6066 6465/6680/6066 6464/6679/6066
f 6448/6663/6067 6449/6664/6067 6466/6681/6067 6465/6680/6067
f 6449/6664/6068 6450/6665/6068 6467/6682/6068 6466/6681/6068
f 6450/6665/6069 6451/6666/6069 6468/6683/6069 6467/6682/6069
f 6452/6668/6070 6453/6667/6070 6470/6684/6070 6469/6685/6070
f 6453/6667/6071 6454/6669/6071 6471/6686/6071 6470/6684/6071
f 6454/6669/6072 6455/6670/6072 6472/6687/6072 6471/6686/6072
f 6455/6670/6073 6456/6671/6073 6473/6688/6073 6472/6687/6073
f 6456/6671/6074 6457/6672/6074 6474/6689/6074 6473/6688/6074
f 6457/6672/6075 6458/6673/6075 6475/6690/6075 6474/6689/6075
f 6458/6673/6076 6459/6674/6076 6476/6691/6076 6475/6690/6076
f 6459/6674/6077 6460/6675/6077 6477/6692/6077 6476/6691/6077
f 6460/6675/6078 6461/6676/6078 6478/6693/6078 6477/6692/6078
f 6461/6676/6079 6462/6677/6079 6479/6694/6079 6478/6693/6079
f 6462/6677/6080 6463/6678/6080 6480/6695/6080 6479/6694/6080
f 6463/6678/6081 6464/6679/6081 6481/6696/6081 6480/6695/6081
f 6464/6679/6082 6465/6680/6082 6482/6697/6082 6481/6696/6082
f 6465/6680/6083 6466/6681/6083 6483/6698/6083 6482/6697/6083
f 6466/6681/6084 6467/6682/6084 6484/6699/6084 6483/6698/6084
f 6467/6682/6085 6468/6683/6085 6485/6700/6085 6484/6699/6085
f 6469/6685/6086 6470/6684/6086 6487/6701/6086 6486/6702/6086
f 6470/6684/6087 6471/6686/6087 6488/6703/6087 6487/6701/6087
f 6471/6686/6088 6472/6687/6088 6489/6704/6088 6488/6703/6088
f 6472/6687/6089 6473/6688/6089 6490/6705/6089 6489/6704/6089
f 6473/6688/6090 6474/6689/6090 6491/6706/6090 6490/6705/6090
f 6474/6689/6091 6475/6690/6091 6492/6707/6091 6491/6706/6091
f 6475/6690/6092 6476/6691/6092 6493/6708/6092 6492/6707/6092
f 6476/6691/6093 6477/6692/6093 6494/6709/6093 6493/6708/6093
f 6477/6692/6094 6478/6693/6094 6495/6710/6094 6494/6709/6094
f 6478/6693/6095 6479/6694/6095 6496/6711/6095 6495/6710/6095
f 6479/6694/6096 6480/6695/6096 6497/6712/6096 6496/6711/6096
f 6480/6695/6097 6481/6696/6097 6498/6713/6097 6497/6712/6097
f 6481/6696/6098 6482/6697/6098 6499/6714/6098 6498/6713/6098
f 6482/6697/6099 6483/6698/6099 6500/6715/6099 6499/6714/6099
f 6483/6698/6100 6484/6699/6100 6501/6716/6100 6500/6715/6100
f 6484/6699/6101 6485/6700/6101 6502/6717/6101 6501/6716/6101
f 6486/6702/6102 6487/6701/6102 6504/6718/6102 6503/6719/6102
f 6487/6701/6103 6488/6703/6103 6505/6720/6103 6504/6718/6103
f 6488/6703/6104 6489/6704/6104 6506/6721/6104 6505/6720/6104
f 6489/6704/6105 6490/6705/6105 6507/6722/6105 6506/6721/6105
f 6490/6705/6106 6491/6706/6106 6508/6723/6106 6507/6722/6106
f 6491/6706/6107 6492/6707/6107 6509/6724/6107 6508/6723/6107
f 6492/6707/6108 6493/6708/6108 6510/6725/6108 6509/6724/6108
f 6493/6708/6109 6494/6709/6109 6511/6726/6109 6510/6725/6109
f 6494/6709/6110 6495/6710/6110 6512/6727/6110 6511/6726/6110
f 6495/6710/6111 6496/6711/6111 6513/6728/6111 6512/6727/6111
f 6496/6711/6112 6497/6712/6112 6514/6729/6112 6513/6728/6112
f 6497/6712/6113 6498/6713/6113 6515/6730/6113 6514/6729/6113
f 6498/6713/6114 6499/6714/6114 6516/6731/6114 6515/6730/6114
f 6499/6714/6115 6500/6715/6115 6517/6732/6115 6516/6731/6115
f 6500/6715/6116 6501/6716/6116 6518/6733/6116 6517/6732/6116
f 6501/6716/6117 6502/6717/6117 6519/6734/6117 6518/6733/6117
f 6503/6719/6118 6504/6718/6118 6521/6735/6118 6520/6736/6118
f 6504/6718/6119 6505/6720/6119 6522/6737/6119 6521/6735/6119
f 6505/6720/6120 6506/6721/6120 6523/6738/6120 6522/6737/6120
f 6506/6721/6121 6507/6722/6121 6524/6739/6121 6523/6738/6121
f 6507/6722/6122 6508/6723/6122 6525/6740/6122 6524/6739/6122
f 6508/6723/6123 6509/6724/6123 6526/6741/6123 6525/6740/6123
f 6509/6724/6124 6510/6725/6124 6527/6742/6124 6526/6741/6124
f 6510/6725/6125 6511/6726/6125 6528/6743/6125 6527/6742/6125
f 6511/6726/6126 6512/6727/6126 6529/6744/6126 6528/6743/6126
f 6512/6727/6127 6513/6728/6127 6530/6745/6127 6529/6744/6127
f 6513/6728/6128 6514/6729/6128 6531/6746/6128 6530/6745/6128
f 6514/6729/6129 6515/6730/6129 6532/6747/6129 6531/6746/6129
f 6515/6730/6130 6516/6731/6130 6533/6748/6130 6532/6747/6130
f 6516/6731/6131 6517/6732/6131 6534/6749/6131 6533/6748/6131
f 6517/6732/6132 6518/6733/6132 6535/6750/6132 6534/6749/6132
f 6518/6733/6133 6519/6734/6133 6536/6751/6133 6535/6750/6133
f 6520/6736/6134 6521/6735/6134 6027/6752/6134 6010/6753/6134
f 6521/6735/6135 6522/6737/6135 6044/6754/6135 6027/6752/6135
f 6522/6737/6136 6523/6738/6136 6061/6755/6136 6044/6754/6136
f 6523/6738/6137 6524/6739/6137 6078/6756/6137 6061/6755/6137
f 6524/6739/6138 6525/6740/6138 6095/6757/6138 6078/6756/6138
f 6525/6740/6139 6526/6741/6139 6112/6758/6139 6095/6757/6139
f 6526/6741/6140 6527/6742/6140 6129/6759/6140 6112/6758/6140
f 6527/6742/6141 6528/6743/6141 6146/6760/6141 6129/6759/6141
f 6528/6743/6142 6529/6744/6142 6163/6761/6142 6146/6760/6142
f 6529/6744/6143 6530/6745/6143 6180/6762/6143 6163/6761/6143
f 6530/6745/6144 6531/6746/6144 6197/6763/6144 6180/6762/6144
f 6531/6746/6145 6532/6747/6145 6214/6764/6145 6197/6763/6145
f 6532/6747/6146 6533/6748/6146 6231/6765/6146 6214/6764/6146
f 6533/6748/6147 6534/6749/6147 6248/6766/6147 6231/6765/6147
f 6534/6749/6148 6535/6750/6148 6265/6767/6148 6248/6766/6148
f 6535/6750/6149 6536/6751/6149 5994/6768/6149 6265/6767/6149
f 4088/1/6150 5720/4/6150 5739/5907/6150 4632/4753/6150
f 4632/4753/6151 5739/5907/6151 5756/5939/6151 4633/4756/6151
f 4633/4756/6152 5756/5939/6152 5773/5956/6152 4634/4758/6152
f 4634/4758/6153 5773/5956/6153 5790/5973/6153 4635/4760/6153
f 4635/4760/6154 5790/5973/6154 5807/5990/6154 4636/4762/6154
f 4636/4762/6155 5807/5990/6155 5824/6007/6155 4637/4764/6155
f 4637/4764/6156 5824/6007/6156 5841/6024/6156 4638/4766/6156
f 4638/4766/6157 5841/6024/6157 5858/6041/6157 4639/4768/6157
f 4639/4768/6158 5858/6041/6158 5875/6058/6158 4640/4770/6158
f 4640/4770/6159 5875/6058/6159 5892/6075/6159 4641/4772/6159
f 4641/4772/6160 5892/6075/6160 5909/6092/6160 4642/4774/6160
f 4642/4774/6161 5909/6092/6161 5926/6109/6161 4643/4776/6161
f 4643/4776/6162 5926/6109/6162 5943/6126/6162 4644/4778/6162
f 4644/4778/6163 5943/6126/6163 5960/6143/6163 4645/4780/6163
f 4645/4780/6164 5960/6143/6164 5977/6160/6164 4646/4782/6164
f 4646/4782/6165 5977/6160/6165 6281/6177/6165 4647/4784/6165
f 4647/4464/6166 6281/6512/6166 6280/6510/6166 4343/4447/6166
f 4343/4447/6167 6280/6510/6167 6279/6508/6167 4326/4430/6167
f 4326/4430/6168 6279/6508/6168 6278/6506/6168 4309/4413/6168
f 4309/4413/6169 6278/6506/6169 6277/6504/6169 4292/4396/6169
f 4292/4396/6170 6277/6504/6170 6276/6502/6170 4275/4379/6170
f 4275/4379/6171 6276/6502/6171 6275/6500/6171 4258/4362/6171
f 4258/4362/6172 6275/6500/6172 6274/6498/6172 4241/4345/6172
f 4241/4345/6173 6274/6498/6173 6273/6496/6173 4224/4328/6173
f 4224/4328/6174 6273/6496/6174 6272/6494/6174 4207/4311/6174
f 4207/4311/6175 6272/6494/6175 6271/6492/6175 4190/4294/6175
f 4190/4294/6176 6271/6492/6176 6270/6490/6176 4173/4277/6176
f 4173/4277/6177 6270/6490/6177 6269/6488/6177 4156/4260/6177
f 4156/4260/6178 6269/6488/6178 6268/6486/6178 4139/4243/6178
f 4139/4243/6179 6268/6486/6179 6267/6484/6179 4122/4226/6179
f 4122/4226/6180 6267/6484/6180 6266/6481/6180 4105/4194/6180
f 4105/4194/6181 6266/6481/6181 5722/5/6181 4086/8/6181
f 818/2/6182 4088/1/6182 4648/4755/6182 821/852/6182
f 821/852/6183 4648/4755/6183 4665/4787/6183 822/855/6183
f 822/855/6184 4665/4787/6184 4682/4804/6184 823/857/6184
f 823/857/6185 4682/4804/6185 4699/4821/6185 824/859/6185
f 824/859/6186 4699/4821/6186 4716/4838/6186 825/861/6186
f 825/861/6187 4716/4838/6187 4733/4855/6187 826/863/6187
f 826/863/6188 4733/4855/6188 4750/4872/6188 827/865/6188
f 827/865/6189 4750/4872/6189 4767/4889/6189 828/867/6189
f 828/867/6190 4767/4889/6190 4784/4906/6190 829/869/6190
f 829/869/6191 4784/4906/6191 4801/4923/6191 830/871/6191
f 830/871/6192 4801/4923/6192 4818/4940/6192 831/873/6192
f 831/873/6193 4818/4940/6193 4835/4957/6193 832/875/6193
f 832/875/6194 4835/4957/6194 4852/4974/6194 833/877/6194
f 833/877/6195 4852/4974/6195 4869/4991/6195 834/879/6195
f 834/879/6196 4869/4991/6196 4886/5008/6196 835/881/6196
f 835/881/6197 4886/5008/6197 4376/5025/6197 836/883/6197
f 836/1413/6198 4376/4512/6198 4375/4510/6198 1347/1396/6198
f 1347/1396/6199 4375/4510/6199 4374/4508/6199 1330/1379/6199
f 1330/1379/6200 4374/4508/6200 4373/4506/6200 1313/1362/6200
f 1313/1362/6201 4373/4506/6201 4372/4504/6201 1296/1345/6201
f 1296/1345/6202 4372/4504/6202 4371/4502/6202 1279/1328/6202
f 1279/1328/6203 4371/4502/6203 4370/4500/6203 1262/1311/6203
f 1262/1311/6204 4370/4500/6204 4369/4498/6204 1245/1294/6204
f 1245/1294/6205 4369/4498/6205 4368/4496/6205 1228/1277/6205
f 1228/1277/6206 4368/4496/6206 4367/4494/6206 1211/1260/6206
f 1211/1260/6207 4367/4494/6207 4366/4492/6207 1194/1243/6207
f 1194/1243/6208 4366/4492/6208 4365/4490/6208 1177/1226/6208
f 1177/1226/6209 4365/4490/6209 4364/4488/6209 1160/1209/6209
f 1160/1209/6210 4364/4488/6210 4363/4486/6210 1143/1192/6210
f 1143/1192/6211 4363/4486/6211 4362/4484/6211 1126/1175/6211
f 1126/1175/6212 4362/4484/6212 4361/4481/6212 1109/1143/6212
f 1109/1143/6213 4361/4481/6213 4087/4480/6213 819/1140/6213
f 3/18/6214 820/17/6214 1380/1430/6214 547/597/6214
f 547/597/6215 1380/1430/6215 1397/1460/6215 548/600/6215
f 548/600/6216 1397/1460/6216 1414/1476/6216 549/602/6216
f 549/602/6217 1414/1476/6217 1431/1492/6217 550/604/6217
f 550/604/6218 1431/1492/6218 1448/1508/6218 551/606/6218
f 551/606/6219 1448/1508/6219 1465/1524/6219 552/608/6219
f 552/608/6220 1465/1524/6220 1482/1540/6220 553/610/6220
f 553/610/6221 1482/1540/6221 1499/1556/6221 554/612/6221
f 554/612/6222 1499/1556/6222 1516/1572/6222 555/614/6222
f 555/614/6223 1516/1572/6223 1533/1588/6223 556/616/6223
f 556/616/6224 1533/1588/6224 1550/1604/6224 557/618/6224
f 557/618/6225 1550/1604/6225 1567/1620/6225 558/620/6225
f 558/620/6226 1567/1620/6226 1584/1636/6226 559/622/6226
f 559/622/6227 1584/1636/6227 1601/1652/6227 560/624/6227
f 560/624/6228 1601/1652/6228 1618/1668/6228 561/626/6228
f 561/626/6229 1618/1668/6229 1108/1172/6229 562/294/6229
f 562/294/6230 1108/1172/6230 1107/1170/6230 258/277/6230
f 258/277/6231 1107/1170/6231 1106/1168/6231 241/260/6231
f 241/260/6232 1106/1168/6232 1105/1166/6232 224/243/6232
f 224/243/6233 1105/1166/6233 1104/1164/6233 207/226/6233
f 207/226/6234 1104/1164/6234 1103/1162/6234 190/209/6234
f 190/209/6235 1103/1162/6235 1102/1160/6235 173/192/6235
f 173/192/6236 1102/1160/6236 1101/1158/6236 156/175/6236
f 156/175/6237 1101/1158/6237 1100/1156/6237 139/158/6237
f 139/158/6238 1100/1156/6238 1099/1154/6238 122/141/6238
f 122/141/6239 1099/1154/6239 1098/1152/6239 105/124/6239
f 105/124/6240 1098/1152/6240 1097/1150/6240 88/107/6240
f 88/107/6241 1097/1150/6241 1096/1148/6241 71/90/6241
f 71/90/6242 1096/1148/6242 1095/1146/6242 54/73/6242
f 54/73/6243 1095/1146/6243 1094/1144/6243 37/56/6243
f 37/56/6244 1094/1144/6244 1093/1141/6244 20/24/6244
f 20/24/6245 1093/1141/6245 819/1140/6245 1/21/6245
f 5721/12/6246 4904/11/6246 5194/5331/6246 5995/6193/6246
f 5995/6193/6247 5194/5331/6247 5211/5363/6247 5996/6196/6247
f 5996/6196/6248 5211/5363/6248 5228/5380/6248 5997/6198/6248
f 5997/6198/6249 5228/5380/6249 5245/5397/6249 5998/6200/6249
f 5998/6200/6250 5245/5397/6250 5262/5414/6250 5999/6202/6250
f 5999/6202/6251 5262/5414/6251 5279/5431/6251 6000/6204/6251
f 6000/6204/6252 5279/5431/6252 5296/5448/6252 6001/6206/6252
f 6001/6206/6253 5296/5448/6253 5313/5465/6253 6002/6208/6253
f 6002/6208/6254 5313/5465/6254 5330/5482/6254 6003/6210/6254
f 6003/6210/6255 5330/5482/6255 5347/5499/6255 6004/6212/6255
f 6004/6212/6256 5347/5499/6256 5364/5516/6256 6005/6214/6256
f 6005/6214/6257 5364/5516/6257 5381/5533/6257 6006/6216/6257
f 6006/6216/6258 5381/5533/6258 5398/5550/6258 6007/6218/6258
f 6007/6218/6259 5398/5550/6259 5415/5567/6259 6008/6220/6259
f 6008/6220/6260 5415/5567/6260 5432/5584/6260 6009/6222/6260
f 6009/6222/6261 5432/5584/6261 4921/5601/6261 6010/6224/6261
f 6010/6753/6262 4921/5072/6262 4920/5070/6262 6520/6736/6262
f 6520/6736/6263 4920/5070/6263 4919/5068/6263 6503/6719/6263
f 6503/6719/6264 4919/5068/6264 4918/5066/6264 6486/6702/6264
f 6486/6702/6265 4918/5066/6265 4917/5064/6265 6469/6685/6265
f 6469/6685/6266 4917/5064/6266 4916/5062/6266 6452/6668/6266
f 6452/6668/6267 4916/5062/6267 4915/5060/6267 6435/6651/6267
f 6435/6651/6268 4915/5060/6268 4914/5058/6268 6418/6634/6268
f 6418/6634/6269 4914/5058/6269 4913/5056/6269 6401/6617/6269
f 6401/6617/6270 4913/5056/6270 4912/5054/6270 6384/6600/6270
f 6384/6600/6271 4912/5054/6271 4911/5052/6271 6367/6583/6271
f 6367/6583/6272 4911/5052/6272 4910/5050/6272 6350/6566/6272
f 6350/6566/6273 4910/5050/6273 4909/5048/6273 6333/6549/6273
f 6333/6549/6274 4909/5048/6274 4908/5046/6274 6316/6532/6274
f 6316/6532/6275 4908/5046/6275 4907/5044/6275 6299/6515/6275
f 6299/6515/6276 4907/5044/6276 4906/5041/6276 6282/6483/6276
f 6282/6483/6277 4906/5041/6277 4903/6/6277 5722/5/6277
f 1637/10/6278 2453/9/6278 2743/2803/6278 2181/2242/6278
f 2181/2242/6279 2743/2803/6279 2760/2835/6279 2182/2245/6279
f 2182/2245/6280 2760/2835/6280 2777/2852/6280 2183/2247/6280
f 2183/2247/6281 2777/2852/6281 2794/2869/6281 2184/2249/6281
f 2184/2249/6282 2794/2869/6282 2811/2886/6282 2185/2251/6282
f 2185/2251/6283 2811/2886/6283 2828/2903/6283 2186/2253/6283
f 2186/2253/6284 2828/2903/6284 2845/2920/6284 2187/2255/6284
f 2187/2255/6285 2845/2920/6285 2862/2937/6285 2188/2257/6285
f 2188/2257/6286 2862/2937/6286 2879/2954/6286 2189/2259/6286
f 2189/2259/6287 2879/2954/6287 2896/2971/6287 2190/2261/6287
f 2190/2261/6288 2896/2971/6288 2913/2988/6288 2191/2263/6288
f 2191/2263/6289 2913/2988/6289 2930/3005/6289 2192/2265/6289
f 2192/2265/6290 2930/3005/6290 2947/3022/6290 2193/2267/6290
f 2193/2267/6291 2947/3022/6291 2964/3039/6291 2194/2269/6291
f 2194/2269/6292 2964/3039/6292 2981/3056/6292 2195/2271/6292
f 2195/2271/6293 2981/3056/6293 2470/2544/6293 2196/1955/6293
f 2196/1955/6294 2470/2544/6294 2469/2542/6294 1892/1938/6294
f 1892/1938/6295 2469/2542/6295 2468/2540/6295 1875/1921/6295
f 1875/1921/6296 2468/2540/6296 2467/2538/6296 1858/1904/6296
f 1858/1904/6297 2467/2538/6297 2466/2536/6297 1841/1887/6297
f 1841/1887/6298 2466/2536/6298 2465/2534/6298 1824/1870/6298
f 1824/1870/6299 2465/2534/6299 2464/2532/6299 1807/1853/6299
f 1807/1853/6300 2464/2532/6300 2463/2530/6300 1790/1836/6300
f 1790/1836/6301 2463/2530/6301 2462/2528/6301 1773/1819/6301
f 1773/1819/6302 2462/2528/6302 2461/2526/6302 1756/1802/6302
f 1756/1802/6303 2461/2526/6303 2460/2524/6303 1739/1785/6303
f 1739/1785/6304 2460/2524/6304 2459/2522/6304 1722/1768/6304
f 1722/1768/6305 2459/2522/6305 2458/2520/6305 1705/1751/6305
f 1705/1751/6306 2458/2520/6306 2457/2518/6306 1688/1734/6306
f 1688/1734/6307 2457/2518/6307 2456/2516/6307 1671/1717/6307
f 1671/1717/6308 2456/2516/6308 2455/2513/6308 1654/1685/6308
f 1654/1685/6309 2455/2513/6309 2452/20/6309 1635/19/6309
f 3269/3343/6310 4087/4480/6310 4377/4483/6310 3272/3344/6310
f 3272/3344/6311 4377/4483/6311 4394/4515/6311 3273/3347/6311
f 3273/3347/6312 4394/4515/6312 4411/4532/6312 3274/3349/6312
f 3274/3349/6313 4411/4532/6313 4428/4549/6313 3275/3351/6313
f 3275/3351/6314 4428/4549/6314 4445/4566/6314 3276/3353/6314
f 3276/3353/6315 4445/4566/6315 4462/4583/6315 3277/3355/6315
f 3277/3355/6316 4462/4583/6316 4479/4600/6316 3278/3357/6316
f 3278/3357/6317 4479/4600/6317 4496/4617/6317 3279/3359/6317
f 3279/3359/6318 4496/4617/6318 4513/4634/6318 3280/3361/6318
f 3280/3361/6319 4513/4634/6319 4530/4651/6319 3281/3363/6319
f 3281/3363/6320 4530/4651/6320 4547/4668/6320 3282/3365/6320
f 3282/3365/6321 4547/4668/6321 4564/4685/6321 3283/3367/6321
f 3283/3367/6322 4564/4685/6322 4581/4702/6322 3284/3369/6322
f 3284/3369/6323 4581/4702/6323 4598/4719/6323 3285/3371/6323
f 3285/3371/6324 4598/4719/6324 4615/4736/6324 3286/3373/6324
f 3286/3373/6325 4615/4736/6325 4104/4223/6325 3287/3375/6325
f 3287/3375/6326 4104/4223/6326 4103/4221/6326 3798/3887/6326
f 3798/3887/6327 4103/4221/6327 4102/4219/6327 3781/3870/6327
f 3781/3870/6328 4102/4219/6328 4101/4217/6328 3764/3853/6328
f 3764/3853/6329 4101/4217/6329 4100/4215/6329 3747/3836/6329
f 3747/3836/6330 4100/4215/6330 4099/4213/6330 3730/3819/6330
f 3730/3819/6331 4099/4213/6331 4098/4211/6331 3713/3802/6331
f 3713/3802/6332 4098/4211/6332 4097/4209/6332 3696/3785/6332
f 3696/3785/6333 4097/4209/6333 4096/4207/6333 3679/3768/6333
f 3679/3768/6334 4096/4207/6334 4095/4205/6334 3662/3751/6334
f 3662/3751/6335 4095/4205/6335 4094/4203/6335 3645/3734/6335
f 3645/3734/6336 4094/4203/6336 4093/4201/6336 3628/3717/6336
f 3628/3717/6337 4093/4201/6337 4092/4199/6337 3611/3700/6337
f 3611/3700/6338 4092/4199/6338 4091/4197/6338 3594/3683/6338
f 3594/3683/6339 4091/4197/6339 4090/4195/6339 3577/3666/6339
f 3577/3666/6340 4090/4195/6340 4089/4192/6340 3560/3634/6340
f 3560/3634/6341 4089/4192/6341 4086/8/6341 3270/7/6341
f 1636/16/6342 4905/15/6342 5465/5619/6342 1910/1971/6342
f 1910/1971/6343 5465/5619/6343 5482/5651/6343 1911/1974/6343
f 1911/1974/6344 5482/5651/6344 5499/5668/6344 1912/1976/6344
f 1912/1976/6345 5499/5668/6345 5516/5685/6345 1913/1978/6345
f 1913/1978/6346 5516/5685/6346 5533/5702/6346 1914/1980/6346
f 1914/1980/6347 5533/5702/6347 5550/5719/6347 1915/1982/6347
f 1915/1982/6348 5550/5719/6348 5567/5736/6348 1916/1984/6348
f 1916/1984/6349 5567/5736/6349 5584/5753/6349 1917/1986/6349
f 1917/1986/6350 5584/5753/6350 5601/5770/6350 1918/1988/6350
f 1918/1988/6351 5601/5770/6351 5618/5787/6351 1919/1990/6351
f 1919/1990/6352 5618/5787/6352 5635/5804/6352 1920/1992/6352
f 1920/1992/6353 5635/5804/6353 5652/5821/6353 1921/1994/6353
f 1921/1994/6354 5652/5821/6354 5669/5838/6354 1922/1996/6354
f 1922/1996/6355 5669/5838/6355 5686/5855/6355 1923/1998/6355
f 1923/1998/6356 5686/5855/6356 5703/5872/6356 1924/2000/6356
f 1924/2000/6357 5703/5872/6357 5193/5889/6357 1925/2002/6357
f 1925/2498/6358 5193/5360/6358 5192/5358/6358 2435/2482/6358
f 2435/2482/6359 5192/5358/6359 5191/5356/6359 2418/2466/6359
f 2418/2466/6360 5191/5356/6360 5190/5354/6360 2401/2450/6360
f 2401/2450/6361 5190/5354/6361 5189/5352/6361 2384/2434/6361
f 2384/2434/6362 5189/5352/6362 5188/5350/6362 2367/2418/6362
f 2367/2418/6363 5188/5350/6363 5187/5348/6363 2350/2402/6363
f 2350/2402/6364 5187/5348/6364 5186/5346/6364 2333/2386/6364
f 2333/2386/6365 5186/5346/6365 5185/5344/6365 2316/2370/6365
f 2316/2370/6366 5185/5344/6366 5184/5342/6366 2299/2354/6366
f 2299/2354/6367 5184/5342/6367 5183/5340/6367 2282/2338/6367
f 2282/2338/6368 5183/5340/6368 5182/5338/6368 2265/2322/6368
f 2265/2322/6369 5182/5338/6369 5181/5336/6369 2248/2306/6369
f 2248/2306/6370 5181/5336/6370 5180/5334/6370 2231/2290/6370
f 2231/2290/6371 5180/5334/6371 5179/5332/6371 2214/2274/6371
f 2214/2274/6372 5179/5332/6372 5178/5329/6372 2197/2244/6372
f 2197/2244/6373 5178/5329/6373 4904/11/6373 1637/10/6373
f 2/13/6374 1636/16/6374 1926/1973/6374 276/310/6374
f 276/310/6375 1926/1973/6375 1943/2005/6375 277/313/6375
f 277/313/6376 1943/2005/6376 1960/2022/6376 278/315/6376
f 278/315/6377 1960/2022/6377 1977/2039/6377 279/317/6377
f 279/317/6378 1977/2039/6378 1994/2056/6378 280/319/6378
f 280/319/6379 1994/2056/6379 2011/2073/6379 281/321/6379
f 281/321/6380 2011/2073/6380 2028/2090/6380 282/323/6380
f 282/323/6381 2028/2090/6381 2045/2107/6381 283/325/6381
f 283/325/6382 2045/2107/6382 2062/2124/6382 284/327/6382
f 284/327/6383 2062/2124/6383 2079/2141/6383 285/329/6383
f 285/329/6384 2079/2141/6384 2096/2158/6384 286/331/6384
f 286/331/6385 2096/2158/6385 2113/2175/6385 287/333/6385
f 287/333/6386 2113/2175/6386 2130/2192/6386 288/335/6386
f 288/335/6387 2130/2192/6387 2147/2209/6387 289/337/6387
f 289/337/6388 2147/2209/6388 2164/2226/6388 290/339/6388
f 290/339/6389 2164/2226/6389 1653/1714/6389 291/341/6389
f 291/341/6390 1653/1714/6390 1652/1712/6390 801/837/6390
f 801/837/6391 1652/1712/6391 1651/1710/6391 784/821/6391
f 784/821/6392 1651/1710/6392 1650/1708/6392 767/805/6392
f 767/805/6393 1650/1708/6393 1649/1706/6393 750/789/6393
f 750/789/6394 1649/1706/6394 1648/1704/6394 733/773/6394
f 733/773/6395 1648/1704/6395 1647/1702/6395 716/757/6395
f 716/757/6396 1647/1702/6396 1646/1700/6396 699/741/6396
f 699/741/6397 1646/1700/6397 1645/1698/6397 682/725/6397
f 682/725/6398 1645/1698/6398 1644/1696/6398 665/709/6398
f 665/709/6399 1644/1696/6399 1643/1694/6399 648/693/6399
f 648/693/6400 1643/1694/6400 1642/1692/6400 631/677/6400
f 631/677/6401 1642/1692/6401 1641/1690/6401 614/661/6401
f 614/661/6402 1641/1690/6402 1640/1688/6402 597/645/6402
f 597/645/6403 1640/1688/6403 1639/1686/6403 580/629/6403
f 580/629/6404 1639/1686/6404 1638/1683/6404 563/599/6404
f 563/599/6405 1638/1683/6405 1635/19/6405 3/18/6405
f 5720/4/6406 2454/3/6406 3014/3074/6406 5723/5905/6406
f 5723/5905/6407 3014/3074/6407 3031/3104/6407 5724/5908/6407
f 5724/5908/6408 3031/3104/6408 3048/3120/6408 5725/5910/6408
f 5725/5910/6409 3048/3120/6409 3065/3136/6409 5726/5912/6409
f 5726/5912/6410 3065/3136/6410 3082/3152/6410 5727/5914/6410
f 5727/5914/6411 3082/3152/6411 3099/3168/6411 5728/5916/6411
f 5728/5916/6412 3099/3168/6412 3116/3184/6412 5729/5918/6412
f 5729/5918/6413 3116/3184/6413 3133/3200/6413 5730/5920/6413
f 5730/5920/6414 3133/3200/6414 3150/3216/6414 5731/5922/6414
f 5731/5922/6415 3150/3216/6415 3167/3232/6415 5732/5924/6415
f 5732/5924/6416 3167/3232/6416 3184/3248/6416 5733/5926/6416
f 5733/5926/6417 3184/3248/6417 3201/3264/6417 5734/5928/6417
f 5734/5928/6418 3201/3264/6418 3218/3280/6418 5735/5930/6418
f 5735/5930/6419 3218/3280/6419 3235/3296/6419 5736/5932/6419
f 5736/5932/6420 3235/3296/6420 3252/3312/6420 5737/5934/6420
f 5737/5934/6421 3252/3312/6421 2742/3328/6421 5738/5936/6421
f 5738/6465/6422 2742/2832/6422 2741/2830/6422 6249/6448/6422
f 6249/6448/6423 2741/2830/6423 2740/2828/6423 6232/6431/6423
f 6232/6431/6424 2740/2828/6424 2739/2826/6424 6215/6414/6424
f 6215/6414/6425 2739/2826/6425 2738/2824/6425 6198/6397/6425
f 6198/6397/6426 2738/2824/6426 2737/2822/6426 6181/6380/6426
f 6181/6380/6427 2737/2822/6427 2736/2820/6427 6164/6363/6427
f 6164/6363/6428 2736/2820/6428 2735/2818/6428 6147/6346/6428
f 6147/6346/6429 2735/2818/6429 2734/2816/6429 6130/6329/6429
f 6130/6329/6430 2734/2816/6430 2733/2814/6430 6113/6312/6430
f 6113/6312/6431 2733/2814/6431 2732/2812/6431 6096/6295/6431
f 6096/6295/6432 2732/2812/6432 2731/2810/6432 6079/6278/6432
f 6079/6278/6433 2731/2810/6433 2730/2808/6433 6062/6261/6433
f 6062/6261/6434 2730/2808/6434 2729/2806/6434 6045/6244/6434
f 6045/6244/6435 2729/2806/6435 2728/2804/6435 6028/6227/6435
f 6028/6227/6436 2728/2804/6436 2727/2801/6436 6011/6195/6436
f 6011/6195/6437 2727/2801/6437 2453/9/6437 5721/12/6437
f 4905/15/6438 3271/14/6438 3831/3906/6438 5449/5617/6438
f 5449/5617/6439 3831/3906/6439 3848/3938/6439 5450/5620/6439
f 5450/5620/6440 3848/3938/6440 3865/3955/6440 5451/5622/6440
f 5451/5622/6441 3865/3955/6441 3882/3972/6441 5452/5624/6441
f 5452/5624/6442 3882/3972/6442 3899/3989/6442 5453/5626/6442
f 5453/5626/6443 3899/3989/6443 3916/4006/6443 5454/5628/6443
f 5454/5628/6444 3916/4006/6444 3933/4023/6444 5455/5630/6444
f 5455/5630/6445 3933/4023/6445 3950/4040/6445 5456/5632/6445
f 5456/5632/6446 3950/4040/6446 3967/4057/6446 5457/5634/6446
f 5457/5634/6447 3967/4057/6447 3984/4074/6447 5458/5636/6447
f 5458/5636/6448 3984/4074/6448 4001/4091/6448 5459/5638/6448
f 5459/5638/6449 4001/4091/6449 4018/4108/6449 5460/5640/6449
f 5460/5640/6450 4018/4108/6450 4035/4125/6450 5461/5642/6450
f 5461/5642/6451 4035/4125/6451 4052/4142/6451 5462/5644/6451
f 5462/5644/6452 4052/4142/6452 4069/4159/6452 5463/5646/6452
f 5463/5646/6453 4069/4159/6453 3559/4176/6453 5464/5648/6453
f 5464/5313/6454 3559/3663/6454 3558/3661/6454 5160/5296/6454
f 5160/5296/6455 3558/3661/6455 3557/3659/6455 5143/5279/6455
f 5143/5279/6456 3557/3659/6456 3556/3657/6456 5126/5262/6456
f 5126/5262/6457 3556/3657/6457 3555/3655/6457 5109/5245/6457
f 5109/5245/6458 3555/3655/6458 3554/3653/6458 5092/5228/6458
f 5092/5228/6459 3554/3653/6459 3553/3651/6459 5075/5211/6459
f 5075/5211/6460 3553/3651/6460 3552/3649/6460 5058/5194/6460
f 5058/5194/6461 3552/3649/6461 3551/3647/6461 5041/5177/6461
f 5041/5177/6462 3551/3647/6462 3550/3645/6462 5024/5160/6462
f 5024/5160/6463 3550/3645/6463 3549/3643/6463 5007/5143/6463
f 5007/5143/6464 3549/3643/6464 3548/3641/6464 4990/5126/6464
f 4990/5126/6465 3548/3641/6465 3547/3639/6465 4973/5109/6465
f 4973/5109/6466 3547/3639/6466 3546/3637/6466 4956/5092/6466
f 4956/5092/6467 3546/3637/6467 3545/3635/6467 4939/5075/6467
f 4939/5075/6468 3545/3635/6468 3544/3632/6468 4922/5043/6468
f 4922/5043/6469 3544/3632/6469 3270/7/6469 4903/6/6469
f 3271/14/6470 2/13/6470 292/312/6470 3815/3904/6470
f 3815/3904/6471 292/312/6471 309/344/6471 3816/3907/6471
f 3816/3907/6472 309/344/6472 326/361/6472 3817/3909/6472
f 3817/3909/6473 326/361/6473 343/378/6473 3818/3911/6473
f 3818/3911/6474 343/378/6474 360/395/6474 3819/3913/6474
f 3819/3913/6475 360/395/6475 377/412/6475 3820/3915/6475
f 3820/3915/6476 377/412/6476 394/429/6476 3821/3917/6476
f 3821/3917/6477 394/429/6477 411/446/6477 3822/3919/6477
f 3822/3919/6478 411/446/6478 428/463/6478 3823/3921/6478
f 3823/3921/6479 428/463/6479 445/480/6479 3824/3923/6479
f 3824/3923/6480 445/480/6480 462/497/6480 3825/3925/6480
f 3825/3925/6481 462/497/6481 479/514/6481 3826/3927/6481
f 3826/3927/6482 479/514/6482 496/531/6482 3827/3929/6482
f 3827/3929/6483 496/531/6483 513/548/6483 3828/3931/6483
f 3828/3931/6484 513/548/6484 530/565/6484 3829/3933/6484
f 3829/3933/6485 530/565/6485 19/582/6485 3830/3935/6485
f 3830/3616/6486 19/53/6486 18/51/6486 3526/3599/6486
f 3526/3599/6487 18/51/6487 17/49/6487 3509/3582/6487
f 3509/3582/6488 17/49/6488 16/47/6488 3492/3565/6488
f 3492/3565/6489 16/47/6489 15/45/6489 3475/3548/6489
f 3475/3548/6490 15/45/6490 14/43/6490 3458/3531/6490
f 3458/3531/6491 14/43/6491 13/41/6491 3441/3514/6491
f 3441/3514/6492 13/41/6492 12/39/6492 3424/3497/6492
f 3424/3497/6493 12/39/6493 11/37/6493 3407/3480/6493
f 3407/3480/6494 11/37/6494 10/35/6494 3390/3463/6494
f 3390/3463/6495 10/35/6495 9/33/6495 3373/3446/6495
f 3373/3446/6496 9/33/6496 8/31/6496 3356/3429/6496
f 3356/3429/6497 8/31/6497 7/29/6497 3339/3412/6497
f 3339/3412/6498 7/29/6498 6/27/6498 3322/3395/6498
f 3322/3395/6499 6/27/6499 5/25/6499 3305/3378/6499
f 3305/3378/6500 5/25/6500 4/22/6500 3288/3346/6500
f 3288/3346/6501 4/22/6501 1/21/6501 3269/3343/6501
f 2454/3/6502 818/2/6502 837/854/6502 2998/3072/6502
f 2998/3072/6503 837/854/6503 854/886/6503 2999/3075/6503
f 2999/3075/6504 854/886/6504 871/903/6504 3000/3077/6504
f 3000/3077/6505 871/903/6505 888/920/6505 3001/3079/6505
f 3001/3079/6506 888/920/6506 905/937/6506 3002/3081/6506
f 3002/3081/6507 905/937/6507 922/954/6507 3003/3083/6507
f 3003/3083/6508 922/954/6508 939/971/6508 3004/3085/6508
f 3004/3085/6509 939/971/6509 956/988/6509 3005/3087/6509
f 3005/3087/6510 956/988/6510 973/1005/6510 3006/3089/6510
f 3006/3089/6511 973/1005/6511 990/1022/6511 3007/3091/6511
f 3007/3091/6512 990/1022/6512 1007/1039/6512 3008/3093/6512
f 3008/3093/6513 1007/1039/6513 1024/1056/6513 3009/3095/6513
f 3009/3095/6514 1024/1056/6514 1041/1073/6514 3010/3097/6514
f 3010/3097/6515 1041/1073/6515 1058/1090/6515 3011/3099/6515
f 3011/3099/6516 1058/1090/6516 1075/1107/6516 3012/3101/6516
f 3012/3101/6517 1075/1107/6517 1379/1124/6517 3013/2785/6517
f 3013/2785/6518 1379/1124/6518 1378/1457/6518 2709/2768/6518
f 2709/2768/6519 1378/1457/6519 1377/1455/6519 2692/2751/6519
f 2692/2751/6520 1377/1455/6520 1376/1453/6520 2675/2734/6520
f 2675/2734/6521 1376/1453/6521 1375/1451/6521 2658/2717/6521
f 2658/2717/6522 1375/1451/6522 1374/1449/6522 2641/2700/6522
f 2641/2700/6523 1374/1449/6523 1373/1447/6523 2624/2683/6523
f 2624/2683/6524 1373/1447/6524 1372/1445/6524 2607/2666/6524
f 2607/2666/6525 1372/1445/6525 1371/1443/6525 2590/2649/6525
f 2590/2649/6526 1371/1443/6526 1370/1441/6526 2573/2632/6526
f 2573/2632/6527 1370/1441/6527 1369/1439/6527 2556/2615/6527
f 2556/2615/6528 1369/1439/6528 1368/1437/6528 2539/2598/6528
f 2539/2598/6529 1368/1437/6529 1367/1435/6529 2522/2581/6529
f 2522/2581/6530 1367/1435/6530 1366/1433/6530 2505/2564/6530
f 2505/2564/6531 1366/1433/6531 1365/1431/6531 2488/2547/6531
f 2488/2547/6532 1365/1431/6532 1364/1428/6532 2471/2515/6532
f 2471/2515/6533 1364/1428/6533 820/17/6533 2452/20/6533
f 4087/4480/6534 3269/3343/6534 1/21/6534 819/1140/6534
